img,true,cnn,cnn_conf,yolo,is_conflict,gemini_used,final,correct
archive_v2/Testing\glioma\Te-gl_229.jpg,glioma,glioma,0.7936,glioma,False,False,glioma,True
archive_v2/Testing\pituitary\pituitary_TT_0190.jpg,pituitary,pituitary,0.8863,pituitary,False,False,pituitary,True
archive_v2/Testing\glioma\Te-gl_1.jpg,glioma,pituitary,0.4992,glioma,True,True,glioma,True
archive_v2/Testing\notumor\Te-no_249.jpg,notumor,notumor,0.9987,notumor,False,False,notumor,True
archive_v2/Testing\meningioma\meningioma_TT_0249.jpg,meningioma,meningioma,0.7525,glioma,True,True,meningioma,True
archive_v2/Testing\pituitary\pituitary_TT_2092.jpg,pituitary,pituitary,0.9576,pituitary,False,False,pituitary,True
archive_v2/Testing\meningioma\Te-me_19.jpg,meningioma,meningioma,0.7545,meningioma,False,False,meningioma,True
archive_v2/Testing\glioma\glioma_TT_1706.jpg,glioma,glioma,0.9189,glioma,False,False,glioma,True
archive_v2/Testing\glioma\glioma_TT_0825.jpg,glioma,glioma,0.9968,glioma,False,False,glioma,True
archive_v2/Testing\meningioma\meningioma_TT_1235.jpg,meningioma,meningioma,0.4458,notumor,True,True,meningioma,True
archive_v2/Testing\notumor\Te-no_81.jpg,notumor,notumor,0.998,notumor,False,False,notumor,True
archive_v2/Testing\pituitary\pituitary_TT_2070.jpg,pituitary,pituitary,0.9308,pituitary,False,False,pituitary,True
archive_v2/Testing\pituitary\pituitary_TT_0499.jpg,pituitary,pituitary,0.9676,pituitary,False,False,pituitary,True
archive_v2/Testing\pituitary\pituitary_TT_1282.jpg,pituitary,pituitary,0.9824,pituitary,False,False,pituitary,True
archive_v2/Testing\meningioma\meningioma_TT_2463.jpg,meningioma,meningioma,0.536,meningioma,False,False,meningioma,True
archive_v2/Testing\meningioma\Te-me_263.jpg,meningioma,meningioma,0.991,meningioma,False,False,meningioma,True
archive_v2/Testing\meningioma\Te-me_54.jpg,meningioma,meningioma,0.8979,meningioma,False,False,meningioma,True
archive_v2/Testing\glioma\glioma_TT_0253.jpg,glioma,glioma,0.9289,glioma,False,False,glioma,True
archive_v2/Testing\notumor\Te-no_361.jpg,notumor,notumor,0.9996,notumor,False,False,notumor,True
archive_v2/Testing\notumor\Te-no_124.jpg,notumor,notumor,0.9919,notumor,False,False,notumor,True
archive_v2/Testing\meningioma\Te-me_28.jpg,meningioma,meningioma,0.9907,meningioma,False,False,meningioma,True
archive_v2/Testing\notumor\Te-no_368.jpg,notumor,notumor,0.9999,notumor,False,False,notumor,True
archive_v2/Testing\meningioma\meningioma_TT_2175.jpg,meningioma,meningioma,0.9776,meningioma,False,False,meningioma,True
archive_v2/Testing\glioma\glioma_TT_1620.jpg,glioma,glioma,0.975,glioma,False,False,glioma,True
archive_v2/Testing\glioma\glioma_TT_2331.jpg,glioma,glioma,0.9981,glioma,False,False,glioma,True
archive_v2/Testing\pituitary\Te-pi_95.jpg,pituitary,pituitary,0.9989,pituitary,False,False,pituitary,True
archive_v2/Testing\notumor\Te-no_39.jpg,notumor,notumor,0.9938,notumor,False,False,notumor,True
archive_v2/Testing\pituitary\Te-pi_280.jpg,pituitary,pituitary,0.9996,pituitary,False,False,pituitary,True
archive_v2/Testing\glioma\glioma_TT_1861.jpg,glioma,meningioma,0.3739,notumor,True,True,meningioma,False
archive_v2/Testing\glioma\glioma_TT_0776.jpg,glioma,glioma,0.9874,glioma,False,False,glioma,True
archive_v2/Testing\glioma\glioma_TT_1228.jpg,glioma,glioma,0.553,glioma,False,False,glioma,True
archive_v2/Testing\glioma\Te-gl_117.jpg,glioma,glioma,0.9982,glioma,False,False,glioma,True
archive_v2/Testing\pituitary\Te-pi_372.jpg,pituitary,pituitary,0.9997,notumor,False,False,pituitary,True
archive_v2/Testing\notumor\Te-no_161.jpg,notumor,notumor,0.9993,notumor,False,False,notumor,True
archive_v2/Testing\meningioma\Te-me_73.jpg,meningioma,meningioma,0.989,meningioma,False,False,meningioma,True
archive_v2/Testing\pituitary\Te-pi_315.jpg,pituitary,pituitary,0.9083,pituitary,False,False,pituitary,True
archive_v2/Testing\pituitary\pituitary_TT_0285.jpg,pituitary,pituitary,0.6,pituitary,False,False,pituitary,True
archive_v2/Testing\glioma\glioma_TT_1031.jpg,glioma,glioma,0.9895,glioma,False,False,glioma,True
archive_v2/Testing\glioma\glioma_TT_3162.jpg,glioma,glioma,0.7101,pituitary,True,True,glioma,True
archive_v2/Testing\meningioma\Te-me_79.jpg,meningioma,meningioma,0.8526,meningioma,False,False,meningioma,True
archive_v2/Testing\glioma\Te-gl_344.jpg,glioma,glioma,0.9129,glioma,False,False,glioma,True
archive_v2/Testing\pituitary\pituitary_TT_2355.jpg,pituitary,pituitary,0.7958,pituitary,False,False,pituitary,True
archive_v2/Testing\pituitary\pituitary_TT_2809.jpg,pituitary,pituitary,0.4344,pituitary,False,False,pituitary,True
archive_v2/Testing\glioma\glioma_TT_3322.jpg,glioma,glioma,0.8767,glioma,False,False,glioma,True
archive_v2/Testing\notumor\Te-no_338.jpg,notumor,notumor,0.9989,notumor,False,False,notumor,True
archive_v2/Testing\glioma\glioma_TT_1699.jpg,glioma,glioma,0.7864,glioma,False,False,glioma,True
archive_v2/Testing\glioma\Te-gl_23.jpg,glioma,glioma,0.794,glioma,False,False,glioma,True
archive_v2/Testing\meningioma\meningioma_TT_0939.jpg,meningioma,meningioma,0.7928,meningioma,False,False,meningioma,True
archive_v2/Testing\meningioma\meningioma_TT_1792.jpg,meningioma,meningioma,0.9971,meningioma,False,False,meningioma,True
archive_v2/Testing\glioma\glioma_TT_2954.jpg,glioma,glioma,0.9785,glioma,False,False,glioma,True
archive_v2/Testing\glioma\glioma_TT_1007.jpg,glioma,glioma,0.9857,glioma,False,False,glioma,True
archive_v2/Testing\notumor\Te-no_37.jpg,notumor,notumor,0.9998,notumor,False,False,notumor,True
archive_v2/Testing\glioma\Te-gl_358.jpg,glioma,glioma,0.6644,meningioma,True,True,meningioma,False
archive_v2/Testing\notumor\Te-no_177.jpg,notumor,notumor,0.9997,notumor,False,False,notumor,True
archive_v2/Testing\pituitary\Te-pi_69.jpg,pituitary,pituitary,0.999,pituitary,False,False,pituitary,True
archive_v2/Testing\glioma\glioma_TT_2821.jpg,glioma,glioma,0.9885,glioma,False,False,glioma,True
archive_v2/Testing\glioma\glioma_TT_3151.jpg,glioma,glioma,0.8415,glioma,False,False,glioma,True
archive_v2/Testing\pituitary\pituitary_TT_1397.jpg,pituitary,pituitary,0.7098,pituitary,False,False,pituitary,True
archive_v2/Testing\notumor\Te-no_159.jpg,notumor,notumor,0.6216,notumor,False,False,notumor,True
archive_v2/Testing\pituitary\Te-pi_239.jpg,pituitary,pituitary,0.983,pituitary,False,False,pituitary,True
archive_v2/Testing\glioma\Te-gl_88.jpg,glioma,glioma,0.8497,glioma,False,False,glioma,True
archive_v2/Testing\meningioma\meningioma_TT_0199.jpg,meningioma,meningioma,0.7146,meningioma,False,False,meningioma,True
archive_v2/Testing\glioma\Te-gl_116.jpg,glioma,glioma,0.9788,glioma,False,False,glioma,True
archive_v2/Testing\glioma\Te-gl_127.jpg,glioma,glioma,0.9998,glioma,False,False,glioma,True
archive_v2/Testing\notumor\Te-no_126.jpg,notumor,notumor,0.9844,notumor,False,False,notumor,True
archive_v2/Testing\glioma\glioma_TT_2236.jpg,glioma,glioma,0.9939,glioma,False,False,glioma,True
archive_v2/Testing\notumor\Te-no_75.jpg,notumor,notumor,0.9966,notumor,False,False,notumor,True
archive_v2/Testing\glioma\glioma_TT_0297.jpg,glioma,glioma,0.9725,glioma,False,False,glioma,True
archive_v2/Testing\pituitary\pituitary_TT_2462.jpg,pituitary,pituitary,0.7932,meningioma,True,True,pituitary,True
archive_v2/Testing\glioma\glioma_TT_2635.jpg,glioma,glioma,0.9989,glioma,False,False,glioma,True
archive_v2/Testing\pituitary\Te-pi_325.jpg,pituitary,pituitary,0.9959,pituitary,False,False,pituitary,True
archive_v2/Testing\meningioma\Te-aug-me_46.jpg,meningioma,meningioma,0.6632,meningioma,False,False,meningioma,True
archive_v2/Testing\glioma\glioma_TT_3718.jpg,glioma,glioma,0.8238,glioma,False,False,glioma,True
archive_v2/Testing\meningioma\Te-me_53.jpg,meningioma,meningioma,0.9859,meningioma,False,False,meningioma,True
archive_v2/Testing\notumor\Te-no_258.jpg,notumor,notumor,0.9999,notumor,False,False,notumor,True
archive_v2/Testing\notumor\Te-no_346.jpg,notumor,notumor,0.9908,notumor,False,False,notumor,True
archive_v2/Testing\notumor\Te-no_322.jpg,notumor,notumor,0.9919,notumor,False,False,notumor,True
archive_v2/Testing\meningioma\meningioma_TT_0152.jpg,meningioma,meningioma,0.9199,meningioma,False,False,meningioma,True
archive_v2/Testing\meningioma\Te-me_82.jpg,meningioma,meningioma,0.8987,meningioma,False,False,meningioma,True
archive_v2/Testing\pituitary\pituitary_TT_0949.jpg,pituitary,pituitary,0.7518,pituitary,False,False,pituitary,True
archive_v2/Testing\notumor\Te-no_315.jpg,notumor,glioma,0.7211,notumor,True,True,glioma,False
archive_v2/Testing\glioma\glioma_TT_2046.jpg,glioma,glioma,0.9574,glioma,False,False,glioma,True
archive_v2/Testing\pituitary\pituitary_TT_2086.jpg,pituitary,pituitary,0.8877,pituitary,False,False,pituitary,True
archive_v2/Testing\glioma\Te-gl_347.jpg,glioma,glioma,0.9978,glioma,False,False,glioma,True
archive_v2/Testing\pituitary\Te-pi_57.jpg,pituitary,pituitary,0.991,pituitary,False,False,pituitary,True
archive_v2/Testing\meningioma\meningioma_TT_0032.jpg,meningioma,meningioma,0.8883,meningioma,False,False,meningioma,True
archive_v2/Testing\glioma\Te-gl_124.jpg,glioma,glioma,0.927,glioma,False,False,glioma,True
archive_v2/Testing\meningioma\Te-me_164.jpg,meningioma,meningioma,0.992,meningioma,False,False,meningioma,True
archive_v2/Testing\glioma\Te-gl_164.jpg,glioma,glioma,0.9997,glioma,False,False,glioma,True
archive_v2/Testing\meningioma\Te-me_51.jpg,meningioma,meningioma,0.951,meningioma,False,False,meningioma,True
archive_v2/Testing\pituitary\Te-pi_161.jpg,pituitary,pituitary,0.9933,pituitary,False,False,pituitary,True
archive_v2/Testing\meningioma\meningioma_TT_2342.jpg,meningioma,pituitary,0.4842,meningioma,True,True,pituitary,False
archive_v2/Testing\notumor\Te-no_8.jpg,notumor,notumor,0.9997,notumor,False,False,notumor,True
archive_v2/Testing\pituitary\Te-pi_261.jpg,pituitary,pituitary,0.9909,pituitary,False,False,pituitary,True
archive_v2/Testing\pituitary\pituitary_TT_2260.jpg,pituitary,meningioma,0.5205,pituitary,True,True,meningioma,False
archive_v2/Testing\glioma\glioma_TT_3505.jpg,glioma,meningioma,0.7649,meningioma,False,False,meningioma,False
archive_v2/Testing\glioma\Te-gl_296.jpg,glioma,glioma,0.9682,glioma,False,False,glioma,True
archive_v2/Testing\glioma\glioma_TT_3271.jpg,glioma,meningioma,0.465,notumor,True,True,meningioma,False
archive_v2/Testing\notumor\Te-no_325.jpg,notumor,notumor,0.9998,notumor,False,False,notumor,True
archive_v2/Testing\meningioma\meningioma_TT_1412.jpg,meningioma,meningioma,0.8373,meningioma,False,False,meningioma,True
archive_v2/Testing\glioma\glioma_TT_3475.jpg,glioma,pituitary,0.6569,notumor,True,True,notumor,False
archive_v2/Testing\notumor\Te-no_334.jpg,notumor,notumor,0.9999,notumor,False,False,notumor,True
archive_v2/Testing\meningioma\meningioma_TT_1846.jpg,meningioma,meningioma,0.9916,meningioma,False,False,meningioma,True
archive_v2/Testing\pituitary\Te-pi_18.jpg,pituitary,pituitary,0.9998,pituitary,False,False,pituitary,True
archive_v2/Testing\pituitary\pituitary_TT_0792.jpg,pituitary,pituitary,0.9722,pituitary,False,False,pituitary,True
archive_v2/Testing\pituitary\Te-pi_131.jpg,pituitary,pituitary,0.9852,pituitary,False,False,pituitary,True
archive_v2/Testing\glioma\glioma_TT_0684.jpg,glioma,glioma,0.999,glioma,False,False,glioma,True
archive_v2/Testing\notumor\Te-no_100.jpg,notumor,notumor,0.9974,notumor,False,False,notumor,True
archive_v2/Testing\meningioma\Te-me_15.jpg,meningioma,meningioma,0.943,meningioma,False,False,meningioma,True
archive_v2/Testing\glioma\glioma_TT_3421.jpg,glioma,glioma,0.892,glioma,False,False,glioma,True
archive_v2/Testing\pituitary\pituitary_TT_2063.jpg,pituitary,pituitary,0.8701,pituitary,False,False,pituitary,True
archive_v2/Testing\pituitary\pituitary_TT_2360.jpg,pituitary,pituitary,0.6343,pituitary,False,False,pituitary,True
archive_v2/Testing\notumor\Te-no_1.jpg,notumor,notumor,0.9997,notumor,False,False,notumor,True
archive_v2/Testing\glioma\glioma_TT_1912.jpg,glioma,glioma,0.9928,glioma,False,False,glioma,True
archive_v2/Testing\glioma\Te-gl_285.jpg,glioma,glioma,0.8386,notumor,False,False,glioma,True
archive_v2/Testing\pituitary\pituitary_TT_2564.jpg,pituitary,pituitary,0.9501,pituitary,False,False,pituitary,True
archive_v2/Testing\glioma\Te-gl_4.jpg,glioma,glioma,0.9952,glioma,False,False,glioma,True
archive_v2/Testing\glioma\glioma_TT_0950.jpg,glioma,glioma,0.9591,glioma,False,False,glioma,True
archive_v2/Testing\meningioma\meningioma_TT_1524.jpg,meningioma,meningioma,0.9132,meningioma,False,False,meningioma,True
archive_v2/Testing\glioma\glioma_TT_3368.jpg,glioma,glioma,0.8757,glioma,False,False,glioma,True
archive_v2/Testing\meningioma\Te-me_74.jpg,meningioma,meningioma,0.9741,meningioma,False,False,meningioma,True
archive_v2/Testing\meningioma\Te-me_229.jpg,meningioma,meningioma,0.9313,meningioma,False,False,meningioma,True
archive_v2/Testing\glioma\glioma_TT_2606.jpg,glioma,glioma,0.9,glioma,False,False,glioma,True
archive_v2/Testing\notumor\Te-no_5.jpg,notumor,notumor,0.9993,notumor,False,False,notumor,True
archive_v2/Testing\glioma\glioma_TT_3435.jpg,glioma,glioma,0.9092,glioma,False,False,glioma,True
archive_v2/Testing\meningioma\Te-me_217.jpg,meningioma,meningioma,0.6862,meningioma,False,False,meningioma,True
archive_v2/Testing\glioma\Te-gl_387.jpg,glioma,glioma,0.9996,glioma,False,False,glioma,True
archive_v2/Testing\pituitary\pituitary_TT_0628.jpg,pituitary,pituitary,0.9554,pituitary,False,False,pituitary,True
archive_v2/Testing\pituitary\pituitary_TT_0981.jpg,pituitary,pituitary,0.7901,notumor,True,True,pituitary,True
archive_v2/Testing\meningioma\Te-aug-me_9.jpg,meningioma,pituitary,0.5824,meningioma,True,True,pituitary,False
archive_v2/Testing\pituitary\Te-pi_207.jpg,pituitary,pituitary,0.9995,pituitary,False,False,pituitary,True
archive_v2/Testing\glioma\Te-gl_60.jpg,glioma,glioma,0.9985,glioma,False,False,glioma,True
archive_v2/Testing\glioma\glioma_TT_3839.jpg,glioma,glioma,0.9876,glioma,False,False,glioma,True
archive_v2/Testing\glioma\glioma_TT_2137.jpg,glioma,glioma,0.9905,glioma,False,False,glioma,True
archive_v2/Testing\glioma\glioma_TT_0855.jpg,glioma,glioma,0.9942,glioma,False,False,glioma,True
archive_v2/Testing\pituitary\Te-pi_5.jpg,pituitary,pituitary,0.9993,pituitary,False,False,pituitary,True
archive_v2/Testing\glioma\glioma_TT_3595.jpg,glioma,glioma,0.5678,glioma,False,False,glioma,True
archive_v2/Testing\notumor\Te-no_146.jpg,notumor,notumor,1.0,notumor,False,False,notumor,True
archive_v2/Testing\notumor\Te-no_128.jpg,notumor,notumor,0.9998,notumor,False,False,notumor,True
archive_v2/Testing\meningioma\meningioma_TT_1400.jpg,meningioma,pituitary,0.7633,meningioma,True,True,pituitary,False
archive_v2/Testing\glioma\Te-gl_126.jpg,glioma,meningioma,0.6639,glioma,True,True,glioma,True
archive_v2/Testing\pituitary\pituitary_TT_0068.jpg,pituitary,pituitary,0.9769,pituitary,False,False,pituitary,True
archive_v2/Testing\glioma\glioma_TT_2256.jpg,glioma,glioma,0.9974,glioma,False,False,glioma,True
archive_v2/Testing\glioma\glioma_TT_2292.jpg,glioma,glioma,0.9987,glioma,False,False,glioma,True
archive_v2/Testing\meningioma\Te-aug-me_22.jpg,meningioma,meningioma,0.9603,meningioma,False,False,meningioma,True
archive_v2/Testing\pituitary\Te-pi_51.jpg,pituitary,pituitary,0.9931,pituitary,False,False,pituitary,True
archive_v2/Testing\pituitary\Te-pi_16.jpg,pituitary,pituitary,0.9981,pituitary,False,False,pituitary,True
archive_v2/Testing\pituitary\Te-pi_156.jpg,pituitary,pituitary,0.9984,pituitary,False,False,pituitary,True
archive_v2/Testing\meningioma\meningioma_TT_0193.jpg,meningioma,pituitary,0.7106,pituitary,False,False,pituitary,False
archive_v2/Testing\glioma\glioma_TT_3813.jpg,glioma,glioma,0.9841,glioma,False,False,glioma,True
archive_v2/Testing\glioma\glioma_TT_2370.jpg,glioma,glioma,0.919,glioma,False,False,glioma,True
archive_v2/Testing\glioma\Te-gl_389.jpg,glioma,notumor,0.4149,meningioma,True,True,meningioma,False
archive_v2/Testing\notumor\Te-no_134.jpg,notumor,notumor,0.9969,notumor,False,False,notumor,True
archive_v2/Testing\glioma\glioma_TT_2063.jpg,glioma,glioma,0.6258,meningioma,True,True,glioma,True
archive_v2/Testing\glioma\Te-gl_211.jpg,glioma,glioma,0.519,glioma,False,False,glioma,True
archive_v2/Testing\pituitary\pituitary_TT_0980.jpg,pituitary,meningioma,0.5038,notumor,True,True,meningioma,False
archive_v2/Testing\meningioma\Te-me_181.jpg,meningioma,meningioma,0.9056,meningioma,False,False,meningioma,True
archive_v2/Testing\meningioma\Te-me_284.jpg,meningioma,meningioma,0.9092,meningioma,False,False,meningioma,True
archive_v2/Testing\pituitary\pituitary_TT_0939.jpg,pituitary,pituitary,0.8322,pituitary,False,False,pituitary,True
archive_v2/Testing\pituitary\pituitary_TT_1820.jpg,pituitary,pituitary,0.5879,pituitary,False,False,pituitary,True
archive_v2/Testing\pituitary\Te-pi_241.jpg,pituitary,pituitary,0.997,pituitary,False,False,pituitary,True
archive_v2/Testing\glioma\Te-gl_69.jpg,glioma,glioma,0.9995,glioma,False,False,glioma,True
archive_v2/Testing\pituitary\pituitary_TT_1305.jpg,pituitary,pituitary,0.5078,pituitary,False,False,pituitary,True
archive_v2/Testing\pituitary\pituitary_TT_2873.jpg,pituitary,meningioma,0.5901,pituitary,True,True,meningioma,False
archive_v2/Testing\pituitary\pituitary_TT_2326.jpg,pituitary,pituitary,0.5255,pituitary,False,False,pituitary,True
archive_v2/Testing\notumor\Te-no_285.jpg,notumor,notumor,0.9999,notumor,False,False,notumor,True
archive_v2/Testing\notumor\Te-no_58.jpg,notumor,notumor,0.9972,notumor,False,False,notumor,True
archive_v2/Testing\pituitary\pituitary_TT_2592.jpg,pituitary,pituitary,0.9366,pituitary,False,False,pituitary,True
archive_v2/Testing\glioma\glioma_TT_0888.jpg,glioma,glioma,0.9746,glioma,False,False,glioma,True
archive_v2/Testing\pituitary\Te-pi_85.jpg,pituitary,pituitary,0.9476,pituitary,False,False,pituitary,True
archive_v2/Testing\pituitary\pituitary_TT_1894.jpg,pituitary,pituitary,0.698,meningioma,True,True,meningioma,False
archive_v2/Testing\meningioma\Te-me_80.jpg,meningioma,meningioma,0.9931,meningioma,False,False,meningioma,True
archive_v2/Testing\glioma\glioma_TT_2301.jpg,glioma,glioma,0.993,glioma,False,False,glioma,True
archive_v2/Testing\meningioma\meningioma_TT_0384.jpg,meningioma,meningioma,0.8043,notumor,False,False,meningioma,True
archive_v2/Testing\pituitary\pituitary_TT_2864.jpg,pituitary,pituitary,0.5883,pituitary,False,False,pituitary,True
archive_v2/Testing\pituitary\pituitary_TT_1359.jpg,pituitary,pituitary,0.7862,notumor,True,True,pituitary,True
archive_v2/Testing\glioma\Te-gl_105.jpg,glioma,glioma,0.9992,notumor,False,False,glioma,True
archive_v2/Testing\pituitary\Te-pi_144.jpg,pituitary,pituitary,0.9964,pituitary,False,False,pituitary,True
archive_v2/Testing\pituitary\pituitary_TT_0042.jpg,pituitary,pituitary,0.9565,pituitary,False,False,pituitary,True
archive_v2/Testing\pituitary\pituitary_TT_1111.jpg,pituitary,meningioma,0.5498,notumor,True,True,meningioma,False
archive_v2/Testing\pituitary\pituitary_TT_1600.jpg,pituitary,pituitary,0.9177,pituitary,False,False,pituitary,True
archive_v2/Testing\pituitary\pituitary_TT_0237.jpg,pituitary,pituitary,0.6361,pituitary,False,False,pituitary,True
archive_v2/Testing\notumor\Te-no_18.jpg,notumor,notumor,0.993,notumor,False,False,notumor,True
archive_v2/Testing\pituitary\Te-pi_7.jpg,pituitary,pituitary,0.9976,pituitary,False,False,pituitary,True
archive_v2/Testing\notumor\Te-no_298.jpg,notumor,notumor,0.9581,notumor,False,False,notumor,True
archive_v2/Testing\meningioma\Te-me_69.jpg,meningioma,meningioma,0.9285,meningioma,False,False,meningioma,True
archive_v2/Testing\pituitary\pituitary_TT_1210.jpg,pituitary,pituitary,0.9307,pituitary,False,False,pituitary,True
archive_v2/Testing\glioma\glioma_TT_0700.jpg,glioma,glioma,0.9989,glioma,False,False,glioma,True
archive_v2/Testing\pituitary\pituitary_TT_0874.jpg,pituitary,pituitary,0.8041,pituitary,False,False,pituitary,True
archive_v2/Testing\meningioma\Te-me_204.jpg,meningioma,meningioma,0.9847,meningioma,False,False,meningioma,True
archive_v2/Testing\meningioma\meningioma_TT_1429.jpg,meningioma,meningioma,0.9527,meningioma,False,False,meningioma,True
archive_v2/Testing\glioma\glioma_TT_2583.jpg,glioma,glioma,0.9988,glioma,False,False,glioma,True
archive_v2/Testing\glioma\Te-gl_81.jpg,glioma,glioma,0.9993,glioma,False,False,glioma,True
archive_v2/Testing\pituitary\pituitary_TT_0359.jpg,pituitary,pituitary,0.5256,notumor,True,True,pituitary,True
archive_v2/Testing\meningioma\Te-me_193.jpg,meningioma,meningioma,0.9747,meningioma,False,False,meningioma,True
archive_v2/Testing\meningioma\meningioma_TT_0139.jpg,meningioma,meningioma,0.9,meningioma,False,False,meningioma,True
archive_v2/Testing\glioma\glioma_TT_0001.jpg,glioma,glioma,0.4456,meningioma,True,True,meningioma,False
archive_v2/Testing\pituitary\pituitary_TT_2087.jpg,pituitary,pituitary,0.9269,pituitary,False,False,pituitary,True
archive_v2/Testing\meningioma\Te-me_296.jpg,meningioma,meningioma,0.572,meningioma,False,False,meningioma,True
archive_v2/Testing\glioma\Te-gl_248.jpg,glioma,glioma,0.9999,glioma,False,False,glioma,True
archive_v2/Testing\glioma\Te-gl_330.jpg,glioma,glioma,0.8355,glioma,False,False,glioma,True
archive_v2/Testing\meningioma\Te-me_179.jpg,meningioma,meningioma,0.6033,meningioma,False,False,meningioma,True
archive_v2/Testing\glioma\glioma_TT_1968.jpg,glioma,glioma,0.988,glioma,False,False,glioma,True
archive_v2/Testing\notumor\Te-no_99.jpg,notumor,notumor,1.0,notumor,False,False,notumor,True
archive_v2/Testing\meningioma\Te-me_288.jpg,meningioma,meningioma,0.9282,meningioma,False,False,meningioma,True
archive_v2/Testing\glioma\glioma_TT_0810.jpg,glioma,glioma,0.9898,glioma,False,False,glioma,True
archive_v2/Testing\glioma\glioma_TT_2184.jpg,glioma,glioma,0.9884,glioma,False,False,glioma,True
archive_v2/Testing\glioma\Te-gl_172.jpg,glioma,glioma,0.8578,glioma,False,False,glioma,True
archive_v2/Testing\glioma\glioma_TT_1691.jpg,glioma,glioma,0.7608,glioma,False,False,glioma,True
archive_v2/Testing\pituitary\Te-pi_254.jpg,pituitary,pituitary,0.9983,pituitary,False,False,pituitary,True
archive_v2/Testing\meningioma\Te-me_218.jpg,meningioma,meningioma,0.9973,meningioma,False,False,meningioma,True
archive_v2/Testing\pituitary\Te-pi_31.jpg,pituitary,pituitary,0.9979,pituitary,False,False,pituitary,True
archive_v2/Testing\pituitary\pituitary_TT_0374.jpg,pituitary,pituitary,0.6141,glioma,True,True,pituitary,True
archive_v2/Testing\meningioma\Te-me_155.jpg,meningioma,meningioma,0.9201,meningioma,False,False,meningioma,True
archive_v2/Testing\meningioma\meningioma_TT_2030.jpg,meningioma,meningioma,0.9043,meningioma,False,False,meningioma,True
archive_v2/Testing\glioma\glioma_TT_0603.jpg,glioma,glioma,0.9998,glioma,False,False,glioma,True
archive_v2/Testing\pituitary\pituitary_TT_2637.jpg,pituitary,pituitary,0.9251,pituitary,False,False,pituitary,True
archive_v2/Testing\pituitary\pituitary_TT_0019.jpg,pituitary,pituitary,0.9529,pituitary,False,False,pituitary,True
archive_v2/Testing\meningioma\Te-me_138.jpg,meningioma,glioma,0.5666,meningioma,True,True,meningioma,True
archive_v2/Testing\notumor\Te-no_376.jpg,notumor,notumor,0.9998,notumor,False,False,notumor,True
archive_v2/Testing\meningioma\Te-me_294.jpg,meningioma,meningioma,0.9915,meningioma,False,False,meningioma,True
archive_v2/Testing\glioma\glioma_TT_3763.jpg,glioma,glioma,0.8055,glioma,False,False,glioma,True
archive_v2/Testing\pituitary\pituitary_TT_0317.jpg,pituitary,pituitary,0.6115,pituitary,False,False,pituitary,True
archive_v2/Testing\glioma\Te-gl_131.jpg,glioma,glioma,0.9881,glioma,False,False,glioma,True
archive_v2/Testing\glioma\glioma_TT_3689.jpg,glioma,glioma,0.7631,pituitary,True,True,glioma,True
archive_v2/Testing\meningioma\Te-me_257.jpg,meningioma,meningioma,0.9902,meningioma,False,False,meningioma,True
archive_v2/Testing\pituitary\pituitary_TT_1566.jpg,pituitary,pituitary,0.5024,notumor,True,True,pituitary,True
archive_v2/Testing\glioma\glioma_TT_3848.jpg,glioma,glioma,0.942,glioma,False,False,glioma,True
archive_v2/Testing\meningioma\meningioma_TT_2422.jpg,meningioma,meningioma,0.924,meningioma,False,False,meningioma,True
archive_v2/Testing\meningioma\Te-me_24.jpg,meningioma,meningioma,0.7598,meningioma,False,False,meningioma,True
archive_v2/Testing\pituitary\pituitary_TT_2706.jpg,pituitary,pituitary,0.646,notumor,True,True,pituitary,True
archive_v2/Testing\pituitary\Te-pi_322.jpg,pituitary,pituitary,0.9393,pituitary,False,False,pituitary,True
archive_v2/Testing\glioma\glioma_TT_0673.jpg,glioma,glioma,0.9994,glioma,False,False,glioma,True
archive_v2/Testing\meningioma\meningioma_TT_0885.jpg,meningioma,pituitary,0.6007,meningioma,True,True,pituitary,False
archive_v2/Testing\meningioma\meningioma_TT_0497.jpg,meningioma,meningioma,0.7636,meningioma,False,False,meningioma,True
archive_v2/Testing\glioma\Te-gl_40.jpg,glioma,glioma,0.9986,glioma,False,False,glioma,True
archive_v2/Testing\glioma\glioma_TT_0693.jpg,glioma,glioma,0.9997,glioma,False,False,glioma,True
archive_v2/Testing\meningioma\meningioma_TT_2028.jpg,meningioma,meningioma,0.901,meningioma,False,False,meningioma,True
archive_v2/Testing\notumor\Te-no_153.jpg,notumor,notumor,0.9992,notumor,False,False,notumor,True
archive_v2/Testing\glioma\Te-gl_66.jpg,glioma,glioma,0.9747,meningioma,False,False,glioma,True
archive_v2/Testing\meningioma\meningioma_TT_1187.jpg,meningioma,pituitary,0.6515,meningioma,True,True,meningioma,True
archive_v2/Testing\meningioma\Te-me_250.jpg,meningioma,meningioma,0.9757,meningioma,False,False,meningioma,True
archive_v2/Testing\pituitary\pituitary_TT_0057.jpg,pituitary,pituitary,0.9647,pituitary,False,False,pituitary,True
archive_v2/Testing\pituitary\pituitary_TT_1712.jpg,pituitary,pituitary,0.9366,pituitary,False,False,pituitary,True
archive_v2/Testing\pituitary\pituitary_TT_2433.jpg,pituitary,meningioma,0.6565,notumor,True,True,meningioma,False
archive_v2/Testing\pituitary\pituitary_TT_0219.jpg,pituitary,meningioma,0.6265,pituitary,True,True,meningioma,False
archive_v2/Testing\pituitary\pituitary_TT_2497.jpg,pituitary,pituitary,0.4386,pituitary,False,False,pituitary,True
archive_v2/Testing\glioma\Te-gl_232.jpg,glioma,glioma,0.67,glioma,False,False,glioma,True
archive_v2/Testing\meningioma\meningioma_TT_1926.jpg,meningioma,meningioma,0.9464,meningioma,False,False,meningioma,True
archive_v2/Testing\meningioma\Te-me_127.jpg,meningioma,meningioma,0.994,meningioma,False,False,meningioma,True
archive_v2/Testing\meningioma\Te-aug-me_66.jpg,meningioma,meningioma,0.8875,meningioma,False,False,meningioma,True
archive_v2/Testing\pituitary\pituitary_TT_2541.jpg,pituitary,pituitary,0.9707,pituitary,False,False,pituitary,True
archive_v2/Testing\pituitary\pituitary_TT_1446.jpg,pituitary,pituitary,0.8834,pituitary,False,False,pituitary,True
archive_v2/Testing\pituitary\pituitary_TT_0036.jpg,pituitary,pituitary,0.622,pituitary,False,False,pituitary,True
archive_v2/Testing\glioma\Te-gl_121.jpg,glioma,glioma,0.6853,glioma,False,False,glioma,True
archive_v2/Testing\notumor\Te-no_27.jpg,notumor,notumor,0.9754,notumor,False,False,notumor,True
archive_v2/Testing\pituitary\pituitary_TT_0030.jpg,pituitary,pituitary,0.9443,pituitary,False,False,pituitary,True
archive_v2/Testing\glioma\glioma_TT_3556.jpg,glioma,glioma,0.7905,glioma,False,False,glioma,True
archive_v2/Testing\pituitary\pituitary_TT_2053.jpg,pituitary,pituitary,0.9351,pituitary,False,False,pituitary,True
archive_v2/Testing\pituitary\Te-pi_43.jpg,pituitary,pituitary,0.9998,pituitary,False,False,pituitary,True
archive_v2/Testing\pituitary\Te-pi_54.jpg,pituitary,pituitary,0.9993,pituitary,False,False,pituitary,True
archive_v2/Testing\glioma\Te-gl_47.jpg,glioma,pituitary,0.4685,meningioma,True,True,meningioma,False
archive_v2/Testing\pituitary\Te-pi_141.jpg,pituitary,pituitary,0.9968,pituitary,False,False,pituitary,True
archive_v2/Testing\pituitary\pituitary_TT_0171.jpg,pituitary,meningioma,0.7658,pituitary,True,True,meningioma,False
archive_v2/Testing\glioma\Te-gl_149.jpg,glioma,glioma,0.8148,glioma,False,False,glioma,True
archive_v2/Testing\meningioma\Te-me_249.jpg,meningioma,meningioma,0.969,meningioma,False,False,meningioma,True
archive_v2/Testing\pituitary\pituitary_TT_1943.jpg,pituitary,meningioma,0.4586,pituitary,True,True,meningioma,False
archive_v2/Testing\glioma\Te-gl_115.jpg,glioma,glioma,0.7772,meningioma,True,True,glioma,True
archive_v2/Testing\notumor\Te-no_119.jpg,notumor,notumor,0.9998,notumor,False,False,notumor,True
archive_v2/Testing\glioma\Te-gl_332.jpg,glioma,glioma,0.9963,glioma,False,False,glioma,True
archive_v2/Testing\pituitary\pituitary_TT_2552.jpg,pituitary,pituitary,0.9532,pituitary,False,False,pituitary,True
archive_v2/Testing\pituitary\Te-pi_283.jpg,pituitary,pituitary,0.9998,pituitary,False,False,pituitary,True
archive_v2/Testing\glioma\Te-gl_79.jpg,glioma,glioma,0.9594,glioma,False,False,glioma,True
archive_v2/Testing\glioma\glioma_TT_0339.jpg,glioma,glioma,0.997,glioma,False,False,glioma,True
archive_v2/Testing\glioma\glioma_TT_1692.jpg,glioma,glioma,0.8127,glioma,False,False,glioma,True
archive_v2/Testing\meningioma\Te-aug-me_80.jpg,meningioma,meningioma,0.9618,meningioma,False,False,meningioma,True
archive_v2/Testing\glioma\Te-gl_94.jpg,glioma,pituitary,0.6198,glioma,True,True,glioma,True
archive_v2/Testing\meningioma\Te-me_241.jpg,meningioma,meningioma,0.9667,meningioma,False,False,meningioma,True
archive_v2/Testing\glioma\glioma_TT_2083.jpg,glioma,glioma,0.9995,glioma,False,False,glioma,True
archive_v2/Testing\glioma\glioma_TT_0668.jpg,glioma,glioma,0.9963,glioma,False,False,glioma,True
archive_v2/Testing\pituitary\pituitary_TT_0164.jpg,pituitary,pituitary,0.9571,pituitary,False,False,pituitary,True
archive_v2/Testing\glioma\glioma_TT_3849.jpg,glioma,glioma,0.919,glioma,False,False,glioma,True
archive_v2/Testing\meningioma\meningioma_TT_2294.jpg,meningioma,meningioma,0.6855,notumor,True,True,meningioma,True
archive_v2/Testing\glioma\Te-gl_130.jpg,glioma,glioma,0.8796,glioma,False,False,glioma,True
archive_v2/Testing\pituitary\Te-pi_133.jpg,pituitary,pituitary,0.9944,pituitary,False,False,pituitary,True
archive_v2/Testing\glioma\glioma_TT_2314.jpg,glioma,glioma,0.9974,glioma,False,False,glioma,True
archive_v2/Testing\notumor\Te-no_309.jpg,notumor,notumor,0.9939,notumor,False,False,notumor,True
archive_v2/Testing\pituitary\pituitary_TT_2374.jpg,pituitary,meningioma,0.5106,notumor,True,True,meningioma,False
archive_v2/Testing\meningioma\meningioma_TT_1949.jpg,meningioma,pituitary,0.5483,meningioma,True,True,pituitary,False
archive_v2/Testing\pituitary\pituitary_TT_1121.jpg,pituitary,pituitary,0.813,pituitary,False,False,pituitary,True
archive_v2/Testing\glioma\glioma_TT_3644.jpg,glioma,pituitary,0.5195,notumor,True,True,notumor,False
archive_v2/Testing\glioma\glioma_TT_2683.jpg,glioma,glioma,0.9936,glioma,False,False,glioma,True
archive_v2/Testing\notumor\Te-no_15.jpg,notumor,notumor,0.9997,notumor,False,False,notumor,True
archive_v2/Testing\meningioma\meningioma_TT_1799.jpg,meningioma,meningioma,0.9979,meningioma,False,False,meningioma,True
archive_v2/Testing\pituitary\Te-pi_88.jpg,pituitary,pituitary,0.9947,pituitary,False,False,pituitary,True
archive_v2/Testing\meningioma\meningioma_TT_2328.jpg,meningioma,meningioma,0.9017,pituitary,False,False,meningioma,True
archive_v2/Testing\glioma\Te-gl_280.jpg,glioma,glioma,0.8587,glioma,False,False,glioma,True
archive_v2/Testing\glioma\glioma_TT_0386.jpg,glioma,glioma,0.9997,glioma,False,False,glioma,True
archive_v2/Testing\glioma\glioma_TT_0060.jpg,glioma,glioma,0.6147,glioma,False,False,glioma,True
archive_v2/Testing\glioma\glioma_TT_2057.jpg,glioma,glioma,0.8809,meningioma,False,False,glioma,True
archive_v2/Testing\meningioma\meningioma_TT_0376.jpg,meningioma,meningioma,0.7868,meningioma,False,False,meningioma,True
archive_v2/Testing\glioma\glioma_TT_2997.jpg,glioma,glioma,0.6895,glioma,False,False,glioma,True
archive_v2/Testing\meningioma\meningioma_TT_1713.jpg,meningioma,pituitary,0.4822,meningioma,True,True,pituitary,False
archive_v2/Testing\glioma\Te-gl_64.jpg,glioma,glioma,0.9797,glioma,False,False,glioma,True
archive_v2/Testing\meningioma\meningioma_TT_1714.jpg,meningioma,meningioma,0.5214,meningioma,False,False,meningioma,True
archive_v2/Testing\pituitary\pituitary_TT_2295.jpg,pituitary,pituitary,0.6986,pituitary,False,False,pituitary,True
archive_v2/Testing\meningioma\Te-me_253.jpg,meningioma,meningioma,0.6379,meningioma,False,False,meningioma,True
archive_v2/Testing\glioma\Te-gl_243.jpg,glioma,glioma,0.9957,glioma,False,False,glioma,True
archive_v2/Testing\glioma\glioma_TT_1123.jpg,glioma,meningioma,0.5012,glioma,True,True,meningioma,False
archive_v2/Testing\glioma\glioma_TT_3099.jpg,glioma,glioma,0.4849,glioma,False,False,glioma,True
archive_v2/Testing\notumor\Te-no_117.jpg,notumor,notumor,0.9993,notumor,False,False,notumor,True
archive_v2/Testing\pituitary\Te-pi_260.jpg,pituitary,pituitary,0.9997,pituitary,False,False,pituitary,True
archive_v2/Testing\meningioma\meningioma_TT_0833.jpg,meningioma,meningioma,0.6364,meningioma,False,False,meningioma,True
archive_v2/Testing\pituitary\Te-pi_52.jpg,pituitary,pituitary,0.9967,pituitary,False,False,pituitary,True
archive_v2/Testing\pituitary\pituitary_TT_2391.jpg,pituitary,meningioma,0.7251,pituitary,True,True,meningioma,False
archive_v2/Testing\notumor\Te-no_165.jpg,notumor,notumor,0.9994,notumor,False,False,notumor,True
archive_v2/Testing\notumor\Te-no_239.jpg,notumor,notumor,0.9999,notumor,False,False,notumor,True
archive_v2/Testing\pituitary\pituitary_TT_0710.jpg,pituitary,pituitary,0.9665,pituitary,False,False,pituitary,True
archive_v2/Testing\meningioma\Te-me_102.jpg,meningioma,meningioma,0.965,meningioma,False,False,meningioma,True
archive_v2/Testing\meningioma\meningioma_TT_1325.jpg,meningioma,meningioma,0.9892,meningioma,False,False,meningioma,True
archive_v2/Testing\meningioma\meningioma_TT_2387.jpg,meningioma,meningioma,0.6277,meningioma,False,False,meningioma,True
archive_v2/Testing\glioma\Te-gl_252.jpg,glioma,glioma,0.8331,glioma,False,False,glioma,True
archive_v2/Testing\meningioma\Te-me_65.jpg,meningioma,meningioma,0.9891,meningioma,False,False,meningioma,True
archive_v2/Testing\notumor\Te-no_48.jpg,notumor,notumor,0.9998,notumor,False,False,notumor,True
archive_v2/Testing\glioma\Te-gl_239.jpg,glioma,glioma,0.8819,glioma,False,False,glioma,True
archive_v2/Testing\meningioma\Te-me_123.jpg,meningioma,meningioma,0.9794,meningioma,False,False,meningioma,True
archive_v2/Testing\notumor\Te-no_206.jpg,notumor,notumor,0.9997,notumor,False,False,notumor,True
archive_v2/Testing\pituitary\pituitary_TT_1096.jpg,pituitary,pituitary,0.8752,pituitary,False,False,pituitary,True
archive_v2/Testing\meningioma\Te-me_147.jpg,meningioma,meningioma,0.9006,meningioma,False,False,meningioma,True
archive_v2/Testing\pituitary\Te-pi_248.jpg,pituitary,pituitary,0.9985,pituitary,False,False,pituitary,True
archive_v2/Testing\meningioma\Te-me_97.jpg,meningioma,meningioma,0.9748,meningioma,False,False,meningioma,True
archive_v2/Testing\glioma\glioma_TT_1713.jpg,glioma,glioma,0.876,glioma,False,False,glioma,True
archive_v2/Testing\glioma\glioma_TT_3784.jpg,glioma,glioma,0.9136,glioma,False,False,glioma,True
archive_v2/Testing\notumor\Te-no_282.jpg,notumor,notumor,1.0,notumor,False,False,notumor,True
archive_v2/Testing\meningioma\Te-me_31.jpg,meningioma,pituitary,0.3756,meningioma,True,True,meningioma,True
archive_v2/Testing\meningioma\Te-me_161.jpg,meningioma,meningioma,0.9933,meningioma,False,False,meningioma,True
archive_v2/Testing\glioma\glioma_TT_1048.jpg,glioma,pituitary,0.6049,notumor,True,True,pituitary,False
archive_v2/Testing\glioma\Te-gl_321.jpg,glioma,glioma,0.8754,glioma,False,False,glioma,True
archive_v2/Testing\pituitary\pituitary_TT_2660.jpg,pituitary,pituitary,0.9555,pituitary,False,False,pituitary,True
archive_v2/Testing\glioma\Te-gl_293.jpg,glioma,glioma,0.8911,pituitary,False,False,glioma,True
archive_v2/Testing\glioma\Te-gl_226.jpg,glioma,glioma,0.999,glioma,False,False,glioma,True
archive_v2/Testing\glioma\glioma_TT_0532.jpg,glioma,glioma,0.9996,glioma,False,False,glioma,True
archive_v2/Testing\pituitary\Te-pi_91.jpg,pituitary,pituitary,0.9544,pituitary,False,False,pituitary,True
archive_v2/Testing\glioma\glioma_TT_0764.jpg,glioma,glioma,0.9976,glioma,False,False,glioma,True
archive_v2/Testing\pituitary\pituitary_TT_1213.jpg,pituitary,pituitary,0.9216,pituitary,False,False,pituitary,True
archive_v2/Testing\glioma\Te-gl_326.jpg,glioma,glioma,0.9992,glioma,False,False,glioma,True
archive_v2/Testing\meningioma\Te-me_106.jpg,meningioma,meningioma,0.9563,meningioma,False,False,meningioma,True
archive_v2/Testing\glioma\glioma_TT_1942.jpg,glioma,glioma,0.9311,glioma,False,False,glioma,True
archive_v2/Testing\glioma\Te-gl_99.jpg,glioma,glioma,0.9956,glioma,False,False,glioma,True
archive_v2/Testing\glioma\glioma_TT_0219.jpg,glioma,glioma,0.9913,glioma,False,False,glioma,True
archive_v2/Testing\pituitary\pituitary_TT_1961.jpg,pituitary,meningioma,0.543,meningioma,False,False,meningioma,False
archive_v2/Testing\glioma\glioma_TT_3264.jpg,glioma,glioma,0.8493,glioma,False,False,glioma,True
archive_v2/Testing\meningioma\Te-aug-me_1.jpg,meningioma,meningioma,0.9598,meningioma,False,False,meningioma,True
archive_v2/Testing\pituitary\pituitary_TT_2913.jpg,pituitary,meningioma,0.5516,pituitary,True,True,meningioma,False
archive_v2/Testing\meningioma\meningioma_TT_2292.jpg,meningioma,meningioma,0.9066,notumor,False,False,meningioma,True
archive_v2/Testing\notumor\Te-no_82.jpg,notumor,notumor,0.9848,notumor,False,False,notumor,True
archive_v2/Testing\glioma\Te-gl_210.jpg,glioma,glioma,0.9802,glioma,False,False,glioma,True
archive_v2/Testing\pituitary\pituitary_TT_2257.jpg,pituitary,pituitary,0.5147,pituitary,False,False,pituitary,True
archive_v2/Testing\glioma\glioma_TT_3717.jpg,glioma,glioma,0.8155,glioma,False,False,glioma,True
archive_v2/Testing\pituitary\pituitary_TT_0035.jpg,pituitary,pituitary,0.9382,pituitary,False,False,pituitary,True
archive_v2/Testing\meningioma\meningioma_TT_1757.jpg,meningioma,meningioma,0.986,meningioma,False,False,meningioma,True
archive_v2/Testing\meningioma\meningioma_TT_1212.jpg,meningioma,meningioma,0.6071,meningioma,False,False,meningioma,True
archive_v2/Testing\meningioma\Te-aug-me_19.jpg,meningioma,meningioma,0.9351,meningioma,False,False,meningioma,True
archive_v2/Testing\pituitary\pituitary_TT_1245.jpg,pituitary,pituitary,0.9529,pituitary,False,False,pituitary,True
archive_v2/Testing\meningioma\Te-me_25.jpg,meningioma,meningioma,0.9971,meningioma,False,False,meningioma,True
archive_v2/Testing\meningioma\Te-me_47.jpg,meningioma,meningioma,0.6952,meningioma,False,False,meningioma,True
archive_v2/Testing\meningioma\meningioma_TT_0247.jpg,meningioma,meningioma,0.5511,meningioma,False,False,meningioma,True
archive_v2/Testing\pituitary\pituitary_TT_1142.jpg,pituitary,pituitary,0.6239,notumor,True,True,pituitary,True
archive_v2/Testing\pituitary\Te-pi_6.jpg,pituitary,pituitary,0.9993,pituitary,False,False,pituitary,True
archive_v2/Testing\pituitary\pituitary_TT_1554.jpg,pituitary,pituitary,0.9298,pituitary,False,False,pituitary,True
archive_v2/Testing\pituitary\Te-pi_73.jpg,pituitary,pituitary,0.9914,pituitary,False,False,pituitary,True
archive_v2/Testing\pituitary\pituitary_TT_2030.jpg,pituitary,meningioma,0.4334,pituitary,True,True,meningioma,False
archive_v2/Testing\meningioma\Te-me_49.jpg,meningioma,meningioma,0.4704,meningioma,False,False,meningioma,True
archive_v2/Testing\glioma\glioma_TT_1018.jpg,glioma,glioma,0.9915,glioma,False,False,glioma,True
archive_v2/Testing\meningioma\Te-aug-me_90.jpg,meningioma,meningioma,0.8482,meningioma,False,False,meningioma,True
archive_v2/Testing\meningioma\Te-me_116.jpg,meningioma,meningioma,0.9029,meningioma,False,False,meningioma,True
archive_v2/Testing\notumor\Te-no_340.jpg,notumor,notumor,1.0,notumor,False,False,notumor,True
archive_v2/Testing\pituitary\pituitary_TT_0780.jpg,pituitary,pituitary,0.9853,pituitary,False,False,pituitary,True
archive_v2/Testing\pituitary\pituitary_TT_1605.jpg,pituitary,pituitary,0.9488,pituitary,False,False,pituitary,True
archive_v2/Testing\pituitary\Te-pi_293.jpg,pituitary,pituitary,0.9558,pituitary,False,False,pituitary,True
archive_v2/Testing\glioma\Te-gl_139.jpg,glioma,glioma,0.997,glioma,False,False,glioma,True
archive_v2/Testing\glioma\Te-gl_16.jpg,glioma,glioma,0.8589,glioma,False,False,glioma,True
archive_v2/Testing\pituitary\pituitary_TT_1455.jpg,pituitary,pituitary,0.8408,pituitary,False,False,pituitary,True
archive_v2/Testing\glioma\glioma_TT_1381.jpg,glioma,glioma,0.8596,glioma,False,False,glioma,True
archive_v2/Testing\meningioma\meningioma_TT_0400.jpg,meningioma,meningioma,0.8582,notumor,False,False,meningioma,True
archive_v2/Testing\meningioma\Te-me_30.jpg,meningioma,meningioma,0.8221,meningioma,False,False,meningioma,True
archive_v2/Testing\notumor\Te-no_263.jpg,notumor,notumor,0.9987,notumor,False,False,notumor,True
archive_v2/Testing\pituitary\pituitary_TT_1893.jpg,pituitary,pituitary,0.7575,meningioma,True,True,pituitary,True
archive_v2/Testing\glioma\glioma_TT_3240.jpg,glioma,glioma,0.6413,glioma,False,False,glioma,True
archive_v2/Testing\meningioma\meningioma_TT_0061.jpg,meningioma,meningioma,0.952,meningioma,False,False,meningioma,True
archive_v2/Testing\glioma\glioma_TT_1897.jpg,glioma,glioma,0.9135,glioma,False,False,glioma,True
archive_v2/Testing\meningioma\Te-me_50.jpg,meningioma,meningioma,0.9528,meningioma,False,False,meningioma,True
archive_v2/Testing\pituitary\Te-pi_262.jpg,pituitary,pituitary,0.9828,pituitary,False,False,pituitary,True
archive_v2/Testing\notumor\Te-no_111.jpg,notumor,notumor,0.9956,notumor,False,False,notumor,True
archive_v2/Testing\meningioma\meningioma_TT_0420.jpg,meningioma,meningioma,0.7441,meningioma,False,False,meningioma,True
archive_v2/Testing\pituitary\Te-pi_382.jpg,pituitary,pituitary,0.9998,pituitary,False,False,pituitary,True
archive_v2/Testing\pituitary\pituitary_TT_2220.jpg,pituitary,meningioma,0.8771,pituitary,False,False,meningioma,False
archive_v2/Testing\meningioma\Te-me_236.jpg,meningioma,meningioma,0.9524,meningioma,False,False,meningioma,True
archive_v2/Testing\meningioma\Te-me_6.jpg,meningioma,meningioma,0.8226,meningioma,False,False,meningioma,True
archive_v2/Testing\glioma\glioma_TT_1305.jpg,glioma,glioma,0.8644,glioma,False,False,glioma,True
archive_v2/Testing\notumor\Te-no_193.jpg,notumor,notumor,0.9995,notumor,False,False,notumor,True
archive_v2/Testing\notumor\Te-no_293.jpg,notumor,notumor,0.9984,notumor,False,False,notumor,True
archive_v2/Testing\glioma\Te-gl_68.jpg,glioma,meningioma,0.9761,meningioma,False,False,meningioma,False
archive_v2/Testing\meningioma\meningioma_TT_0723.jpg,meningioma,meningioma,0.834,meningioma,False,False,meningioma,True
archive_v2/Testing\pituitary\Te-pi_27.jpg,pituitary,pituitary,0.9936,pituitary,False,False,pituitary,True
archive_v2/Testing\meningioma\meningioma_TT_2145.jpg,meningioma,meningioma,0.9121,meningioma,False,False,meningioma,True
archive_v2/Testing\glioma\Te-gl_95.jpg,glioma,glioma,0.9998,glioma,False,False,glioma,True
archive_v2/Testing\glioma\Te-gl_138.jpg,glioma,glioma,0.932,glioma,False,False,glioma,True
archive_v2/Testing\pituitary\Te-pi_130.jpg,pituitary,pituitary,0.9985,pituitary,False,False,pituitary,True
archive_v2/Testing\glioma\glioma_TT_1268.jpg,glioma,glioma,0.8512,glioma,False,False,glioma,True
archive_v2/Testing\glioma\glioma_TT_3242.jpg,glioma,meningioma,0.4885,notumor,True,True,meningioma,False
archive_v2/Testing\pituitary\Te-pi_127.jpg,pituitary,pituitary,0.9996,pituitary,False,False,pituitary,True
archive_v2/Testing\pituitary\pituitary_TT_0294.jpg,pituitary,glioma,0.6794,glioma,False,False,glioma,False
archive_v2/Testing\meningioma\meningioma_TT_2105.jpg,meningioma,meningioma,0.9232,meningioma,False,False,meningioma,True
archive_v2/Testing\notumor\Te-no_381.jpg,notumor,notumor,0.9999,notumor,False,False,notumor,True
archive_v2/Testing\meningioma\Te-me_98.jpg,meningioma,meningioma,0.8233,meningioma,False,False,meningioma,True
archive_v2/Testing\meningioma\meningioma_TT_0452.jpg,meningioma,meningioma,0.751,meningioma,False,False,meningioma,True
archive_v2/Testing\meningioma\meningioma_TT_0863.jpg,meningioma,meningioma,0.8659,meningioma,False,False,meningioma,True
archive_v2/Testing\pituitary\Te-pi_222.jpg,pituitary,pituitary,0.9999,pituitary,False,False,pituitary,True
archive_v2/Testing\pituitary\Te-pi_179.jpg,pituitary,pituitary,0.9998,pituitary,False,False,pituitary,True
archive_v2/Testing\meningioma\meningioma_TT_0444.jpg,meningioma,meningioma,0.7454,meningioma,False,False,meningioma,True
archive_v2/Testing\pituitary\pituitary_TT_1720.jpg,pituitary,pituitary,0.9662,pituitary,False,False,pituitary,True
archive_v2/Testing\glioma\Te-gl_391.jpg,glioma,meningioma,0.6661,notumor,True,True,pituitary,False
archive_v2/Testing\notumor\Te-no_312.jpg,notumor,notumor,0.9982,notumor,False,False,notumor,True
archive_v2/Testing\meningioma\Te-me_7.jpg,meningioma,meningioma,0.9955,meningioma,False,False,meningioma,True
archive_v2/Testing\pituitary\pituitary_TT_2643.jpg,pituitary,pituitary,0.9539,pituitary,False,False,pituitary,True
archive_v2/Testing\meningioma\Te-me_233.jpg,meningioma,meningioma,0.9557,meningioma,False,False,meningioma,True
archive_v2/Testing\glioma\Te-gl_373.jpg,glioma,glioma,0.9856,notumor,False,False,glioma,True
archive_v2/Testing\meningioma\Te-me_207.jpg,meningioma,meningioma,0.9512,meningioma,False,False,meningioma,True
archive_v2/Testing\glioma\glioma_TT_3607.jpg,glioma,glioma,0.5626,glioma,False,False,glioma,True
archive_v2/Testing\notumor\Te-no_107.jpg,notumor,notumor,0.9992,notumor,False,False,notumor,True
archive_v2/Testing\notumor\Te-no_363.jpg,notumor,notumor,0.9725,notumor,False,False,notumor,True
archive_v2/Testing\pituitary\pituitary_TT_0103.jpg,pituitary,pituitary,0.9228,pituitary,False,False,pituitary,True
archive_v2/Testing\glioma\glioma_TT_1678.jpg,glioma,glioma,0.8256,glioma,False,False,glioma,True
archive_v2/Testing\pituitary\Te-pi_20.jpg,pituitary,pituitary,0.9978,pituitary,False,False,pituitary,True
archive_v2/Testing\meningioma\Te-aug-me_91.jpg,meningioma,pituitary,0.4906,meningioma,True,True,meningioma,True
archive_v2/Testing\pituitary\Te-pi_147.jpg,pituitary,pituitary,0.9957,pituitary,False,False,pituitary,True
archive_v2/Testing\glioma\Te-gl_123.jpg,glioma,glioma,0.9955,glioma,False,False,glioma,True
archive_v2/Testing\pituitary\pituitary_TT_0238.jpg,pituitary,pituitary,0.6773,pituitary,False,False,pituitary,True
archive_v2/Testing\meningioma\Te-me_148.jpg,meningioma,meningioma,0.6944,meningioma,False,False,meningioma,True
archive_v2/Testing\notumor\Te-no_71.jpg,notumor,notumor,0.9996,notumor,False,False,notumor,True
archive_v2/Testing\meningioma\meningioma_TT_0929.jpg,meningioma,meningioma,0.9135,meningioma,False,False,meningioma,True
archive_v2/Testing\glioma\glioma_TT_2165.jpg,glioma,glioma,0.9947,glioma,False,False,glioma,True
archive_v2/Testing\pituitary\pituitary_TT_1928.jpg,pituitary,pituitary,0.6509,pituitary,False,False,pituitary,True
archive_v2/Testing\meningioma\meningioma_TT_1062.jpg,meningioma,meningioma,0.8166,meningioma,False,False,meningioma,True
archive_v2/Testing\pituitary\Te-pi_112.jpg,pituitary,pituitary,0.9999,pituitary,False,False,pituitary,True
archive_v2/Testing\pituitary\pituitary_TT_0681.jpg,pituitary,pituitary,0.9743,pituitary,False,False,pituitary,True
archive_v2/Testing\meningioma\Te-aug-me_72.jpg,meningioma,meningioma,0.8714,meningioma,False,False,meningioma,True
archive_v2/Testing\glioma\glioma_TT_0686.jpg,glioma,glioma,0.9993,glioma,False,False,glioma,True
archive_v2/Testing\glioma\glioma_TT_0830.jpg,glioma,glioma,0.9965,glioma,False,False,glioma,True
archive_v2/Testing\pituitary\pituitary_TT_0249.jpg,pituitary,meningioma,0.6846,notumor,True,True,glioma,False
archive_v2/Testing\glioma\Te-gl_50.jpg,glioma,glioma,0.9984,glioma,False,False,glioma,True
archive_v2/Testing\glioma\Te-gl_279.jpg,glioma,glioma,0.9943,glioma,False,False,glioma,True
archive_v2/Testing\meningioma\meningioma_TT_0141.jpg,meningioma,meningioma,0.8989,meningioma,False,False,meningioma,True
archive_v2/Testing\glioma\glioma_TT_2957.jpg,glioma,glioma,0.9674,glioma,False,False,glioma,True
archive_v2/Testing\pituitary\pituitary_TT_1818.jpg,pituitary,glioma,0.6558,notumor,True,True,glioma,False
archive_v2/Testing\glioma\Te-gl_21.jpg,glioma,glioma,0.999,glioma,False,False,glioma,True
archive_v2/Testing\notumor\Te-no_173.jpg,notumor,notumor,0.9996,notumor,False,False,notumor,True
archive_v2/Testing\pituitary\pituitary_TT_2469.jpg,pituitary,pituitary,0.6331,meningioma,True,True,pituitary,True
archive_v2/Testing\meningioma\meningioma_TT_2284.jpg,meningioma,meningioma,0.8978,meningioma,False,False,meningioma,True
archive_v2/Testing\pituitary\pituitary_TT_1393.jpg,pituitary,meningioma,0.5072,pituitary,True,True,meningioma,False
archive_v2/Testing\glioma\Te-gl_282.jpg,glioma,glioma,0.9968,glioma,False,False,glioma,True
archive_v2/Testing\glioma\glioma_TT_2072.jpg,glioma,glioma,0.8504,meningioma,False,False,glioma,True
archive_v2/Testing\glioma\Te-gl_67.jpg,glioma,meningioma,0.5517,glioma,True,True,glioma,True
archive_v2/Testing\pituitary\Te-pi_148.jpg,pituitary,pituitary,0.9983,pituitary,False,False,pituitary,True
archive_v2/Testing\pituitary\Te-pi_307.jpg,pituitary,pituitary,0.996,pituitary,False,False,pituitary,True
archive_v2/Testing\glioma\Te-gl_165.jpg,glioma,glioma,0.8661,glioma,False,False,glioma,True
archive_v2/Testing\pituitary\pituitary_TT_0848.jpg,pituitary,meningioma,0.624,pituitary,True,True,meningioma,False
archive_v2/Testing\pituitary\Te-pi_46.jpg,pituitary,pituitary,0.9864,pituitary,False,False,pituitary,True
archive_v2/Testing\pituitary\pituitary_TT_1202.jpg,pituitary,pituitary,0.9545,pituitary,False,False,pituitary,True
archive_v2/Testing\meningioma\meningioma_TT_1605.jpg,meningioma,meningioma,0.5028,meningioma,False,False,meningioma,True
archive_v2/Testing\pituitary\Te-pi_200.jpg,pituitary,pituitary,0.9995,pituitary,False,False,pituitary,True
archive_v2/Testing\notumor\Te-no_320.jpg,notumor,notumor,1.0,notumor,False,False,notumor,True
archive_v2/Testing\glioma\glioma_TT_0734.jpg,glioma,glioma,0.9999,glioma,False,False,glioma,True
archive_v2/Testing\glioma\Te-gl_41.jpg,glioma,glioma,0.9788,glioma,False,False,glioma,True
archive_v2/Testing\meningioma\meningioma_TT_0784.jpg,meningioma,meningioma,0.6727,meningioma,False,False,meningioma,True
archive_v2/Testing\pituitary\pituitary_TT_1013.jpg,pituitary,meningioma,0.6335,pituitary,True,True,glioma,False
archive_v2/Testing\meningioma\Te-me_153.jpg,meningioma,meningioma,0.9061,meningioma,False,False,meningioma,True
archive_v2/Testing\glioma\glioma_TT_2946.jpg,glioma,glioma,0.9861,glioma,False,False,glioma,True
archive_v2/Testing\glioma\glioma_TT_2253.jpg,glioma,glioma,0.9994,glioma,False,False,glioma,True
archive_v2/Testing\meningioma\Te-aug-me_60.jpg,meningioma,meningioma,0.8646,meningioma,False,False,meningioma,True
archive_v2/Testing\notumor\Te-no_379.jpg,notumor,notumor,1.0,notumor,False,False,notumor,True
archive_v2/Testing\meningioma\meningioma_TT_0585.jpg,meningioma,meningioma,0.8785,meningioma,False,False,meningioma,True
archive_v2/Testing\pituitary\pituitary_TT_0255.jpg,pituitary,pituitary,0.6222,notumor,True,True,pituitary,True
archive_v2/Testing\notumor\Te-no_38.jpg,notumor,notumor,0.7171,notumor,False,False,notumor,True
archive_v2/Testing\pituitary\Te-pi_339.jpg,pituitary,pituitary,0.9744,pituitary,False,False,pituitary,True
archive_v2/Testing\pituitary\Te-pi_72.jpg,pituitary,pituitary,0.9991,pituitary,False,False,pituitary,True
archive_v2/Testing\meningioma\meningioma_TT_1043.jpg,meningioma,pituitary,0.5508,meningioma,True,True,pituitary,False
archive_v2/Testing\glioma\glioma_TT_1708.jpg,glioma,glioma,0.7827,glioma,False,False,glioma,True
archive_v2/Testing\pituitary\pituitary_TT_0156.jpg,pituitary,pituitary,0.8999,pituitary,False,False,pituitary,True
archive_v2/Testing\pituitary\Te-pi_190.jpg,pituitary,pituitary,0.9926,pituitary,False,False,pituitary,True
archive_v2/Testing\pituitary\pituitary_TT_2774.jpg,pituitary,pituitary,0.5828,pituitary,False,False,pituitary,True
archive_v2/Testing\pituitary\pituitary_TT_2235.jpg,pituitary,meningioma,0.5006,meningioma,False,False,meningioma,False
archive_v2/Testing\glioma\Te-gl_118.jpg,glioma,glioma,0.9597,glioma,False,False,glioma,True
archive_v2/Testing\glioma\glioma_TT_3583.jpg,glioma,glioma,0.7989,pituitary,True,True,glioma,True
archive_v2/Testing\glioma\Te-gl_342.jpg,glioma,glioma,0.9959,glioma,False,False,glioma,True
archive_v2/Testing\pituitary\pituitary_TT_0571.jpg,pituitary,pituitary,0.8866,pituitary,False,False,pituitary,True
archive_v2/Testing\pituitary\pituitary_TT_0407.jpg,pituitary,pituitary,0.7611,pituitary,False,False,pituitary,True
archive_v2/Testing\meningioma\Te-me_227.jpg,meningioma,glioma,0.3781,meningioma,True,True,glioma,False
archive_v2/Testing\meningioma\meningioma_TT_1190.jpg,meningioma,meningioma,0.5015,meningioma,False,False,meningioma,True
archive_v2/Testing\meningioma\Te-me_208.jpg,meningioma,meningioma,0.7827,meningioma,False,False,meningioma,True
archive_v2/Testing\pituitary\pituitary_TT_1275.jpg,pituitary,pituitary,0.9783,pituitary,False,False,pituitary,True
archive_v2/Testing\meningioma\meningioma_TT_2494.jpg,meningioma,meningioma,0.9268,meningioma,False,False,meningioma,True
archive_v2/Testing\glioma\glioma_TT_1198.jpg,glioma,pituitary,0.4757,glioma,True,True,pituitary,False
archive_v2/Testing\notumor\Te-no_342.jpg,notumor,notumor,0.976,notumor,False,False,notumor,True
archive_v2/Testing\meningioma\Te-me_89.jpg,meningioma,meningioma,0.9791,meningioma,False,False,meningioma,True
archive_v2/Testing\meningioma\meningioma_TT_1348.jpg,meningioma,meningioma,0.9952,meningioma,False,False,meningioma,True
archive_v2/Testing\notumor\Te-no_144.jpg,notumor,notumor,0.9997,notumor,False,False,notumor,True
archive_v2/Testing\meningioma\meningioma_TT_2197.jpg,meningioma,meningioma,0.5416,meningioma,False,False,meningioma,True
archive_v2/Testing\pituitary\Te-pi_344.jpg,pituitary,pituitary,0.9998,pituitary,False,False,pituitary,True
archive_v2/Testing\notumor\Te-no_57.jpg,notumor,notumor,1.0,notumor,False,False,notumor,True
archive_v2/Testing\pituitary\pituitary_TT_2743.jpg,pituitary,pituitary,0.9166,pituitary,False,False,pituitary,True
archive_v2/Testing\glioma\glioma_TT_3028.jpg,glioma,glioma,0.4978,glioma,False,False,glioma,True
archive_v2/Testing\pituitary\pituitary_TT_0752.jpg,pituitary,pituitary,0.9504,pituitary,False,False,pituitary,True
archive_v2/Testing\meningioma\meningioma_TT_0546.jpg,meningioma,meningioma,0.8922,meningioma,False,False,meningioma,True
archive_v2/Testing\pituitary\Te-pi_312.jpg,pituitary,pituitary,0.9996,pituitary,False,False,pituitary,True
archive_v2/Testing\glioma\Te-gl_185.jpg,glioma,glioma,0.9992,glioma,False,False,glioma,True
archive_v2/Testing\pituitary\Te-pi_211.jpg,pituitary,pituitary,0.9996,pituitary,False,False,pituitary,True
archive_v2/Testing\glioma\glioma_TT_3871.jpg,glioma,glioma,0.8475,glioma,False,False,glioma,True
archive_v2/Testing\glioma\glioma_TT_1359.jpg,glioma,glioma,0.8308,glioma,False,False,glioma,True
archive_v2/Testing\meningioma\meningioma_TT_1942.jpg,meningioma,pituitary,0.8263,meningioma,False,False,pituitary,False
archive_v2/Testing\meningioma\Te-me_12.jpg,meningioma,meningioma,0.9444,meningioma,False,False,meningioma,True
archive_v2/Testing\notumor\Te-no_86.jpg,notumor,notumor,0.9996,notumor,False,False,notumor,True
archive_v2/Testing\meningioma\meningioma_TT_0340.jpg,meningioma,meningioma,0.4628,meningioma,False,False,meningioma,True
archive_v2/Testing\pituitary\pituitary_TT_2311.jpg,pituitary,pituitary,0.8116,notumor,False,False,pituitary,True
archive_v2/Testing\pituitary\pituitary_TT_1061.jpg,pituitary,pituitary,0.9998,pituitary,False,False,pituitary,True
archive_v2/Testing\notumor\Te-no_191.jpg,notumor,notumor,0.9904,notumor,False,False,notumor,True
archive_v2/Testing\glioma\glioma_TT_2431.jpg,glioma,glioma,0.9994,glioma,False,False,glioma,True
archive_v2/Testing\pituitary\pituitary_TT_0140.jpg,pituitary,pituitary,0.9377,pituitary,False,False,pituitary,True
archive_v2/Testing\meningioma\Te-me_280.jpg,meningioma,meningioma,0.6409,meningioma,False,False,meningioma,True
archive_v2/Testing\glioma\Te-gl_276.jpg,glioma,glioma,0.9962,notumor,False,False,glioma,True
archive_v2/Testing\pituitary\pituitary_TT_2611.jpg,pituitary,pituitary,0.9261,pituitary,False,False,pituitary,True
archive_v2/Testing\pituitary\Te-pi_282.jpg,pituitary,pituitary,0.9994,pituitary,False,False,pituitary,True
archive_v2/Testing\glioma\Te-gl_188.jpg,glioma,glioma,0.9984,glioma,False,False,glioma,True
archive_v2/Testing\meningioma\Te-me_58.jpg,meningioma,meningioma,0.9943,meningioma,False,False,meningioma,True
archive_v2/Testing\glioma\Te-gl_264.jpg,glioma,glioma,0.7313,meningioma,True,True,glioma,True
archive_v2/Testing\pituitary\Te-pi_145.jpg,pituitary,pituitary,0.9971,pituitary,False,False,pituitary,True
archive_v2/Testing\glioma\glioma_TT_2336.jpg,glioma,glioma,0.9992,glioma,False,False,glioma,True
archive_v2/Testing\glioma\glioma_TT_1801.jpg,glioma,pituitary,0.4258,glioma,True,True,pituitary,False
archive_v2/Testing\meningioma\Te-aug-me_86.jpg,meningioma,meningioma,0.9828,meningioma,False,False,meningioma,True
archive_v2/Testing\glioma\glioma_TT_1501.jpg,glioma,glioma,0.5889,glioma,False,False,glioma,True
archive_v2/Testing\glioma\Te-gl_114.jpg,glioma,glioma,0.986,glioma,False,False,glioma,True
archive_v2/Testing\meningioma\meningioma_TT_1957.jpg,meningioma,meningioma,0.6429,notumor,True,True,meningioma,True
archive_v2/Testing\pituitary\pituitary_TT_0447.jpg,pituitary,pituitary,0.5953,notumor,True,True,pituitary,True
archive_v2/Testing\glioma\glioma_TT_0836.jpg,glioma,glioma,0.9983,glioma,False,False,glioma,True
archive_v2/Testing\pituitary\Te-pi_189.jpg,pituitary,pituitary,0.9996,pituitary,False,False,pituitary,True
archive_v2/Testing\glioma\glioma_TT_0506.jpg,glioma,glioma,0.9671,glioma,False,False,glioma,True
archive_v2/Testing\pituitary\pituitary_TT_1969.jpg,pituitary,pituitary,0.5497,glioma,True,True,pituitary,True
archive_v2/Testing\glioma\glioma_TT_2242.jpg,glioma,glioma,0.9957,glioma,False,False,glioma,True
archive_v2/Testing\pituitary\pituitary_TT_0890.jpg,pituitary,pituitary,0.668,pituitary,False,False,pituitary,True
archive_v2/Testing\notumor\Te-no_55.jpg,notumor,notumor,0.9979,notumor,False,False,notumor,True
archive_v2/Testing\glioma\glioma_TT_3756.jpg,glioma,glioma,0.8679,glioma,False,False,glioma,True
archive_v2/Testing\pituitary\Te-pi_182.jpg,pituitary,pituitary,0.9986,pituitary,False,False,pituitary,True
archive_v2/Testing\meningioma\meningioma_TT_0785.jpg,meningioma,meningioma,0.8647,meningioma,False,False,meningioma,True
archive_v2/Testing\meningioma\meningioma_TT_1037.jpg,meningioma,meningioma,0.5338,meningioma,False,False,meningioma,True
archive_v2/Testing\glioma\Te-gl_161.jpg,glioma,glioma,0.6434,notumor,True,True,glioma,True
archive_v2/Testing\glioma\Te-gl_311.jpg,glioma,glioma,0.9983,glioma,False,False,glioma,True
archive_v2/Testing\glioma\glioma_TT_3265.jpg,glioma,glioma,0.7482,glioma,False,False,glioma,True
archive_v2/Testing\meningioma\Te-me_35.jpg,meningioma,meningioma,0.9769,meningioma,False,False,meningioma,True
archive_v2/Testing\pituitary\pituitary_TT_1116.jpg,pituitary,meningioma,0.5772,pituitary,True,True,meningioma,False
archive_v2/Testing\meningioma\meningioma_TT_1374.jpg,meningioma,meningioma,0.8765,meningioma,False,False,meningioma,True
archive_v2/Testing\glioma\Te-gl_168.jpg,glioma,glioma,0.9996,notumor,False,False,glioma,True
archive_v2/Testing\pituitary\Te-pi_22.jpg,pituitary,pituitary,0.9794,pituitary,False,False,pituitary,True
archive_v2/Testing\meningioma\Te-me_240.jpg,meningioma,meningioma,0.5591,meningioma,False,False,meningioma,True
archive_v2/Testing\meningioma\Te-aug-me_65.jpg,meningioma,meningioma,0.8959,meningioma,False,False,meningioma,True
archive_v2/Testing\meningioma\meningioma_TT_0726.jpg,meningioma,meningioma,0.4732,notumor,True,True,meningioma,True
archive_v2/Testing\notumor\Te-no_349.jpg,notumor,notumor,0.9996,notumor,False,False,notumor,True
archive_v2/Testing\pituitary\pituitary_TT_2162.jpg,pituitary,pituitary,0.9604,pituitary,False,False,pituitary,True
archive_v2/Testing\meningioma\Te-me_220.jpg,meningioma,meningioma,0.9655,meningioma,False,False,meningioma,True
archive_v2/Testing\pituitary\Te-pi_99.jpg,pituitary,pituitary,0.9987,pituitary,False,False,pituitary,True
archive_v2/Testing\pituitary\Te-pi_87.jpg,pituitary,pituitary,0.8496,pituitary,False,False,pituitary,True
archive_v2/Testing\notumor\Te-no_390.jpg,notumor,notumor,0.9968,notumor,False,False,notumor,True
archive_v2/Testing\notumor\Te-no_167.jpg,notumor,notumor,0.9714,notumor,False,False,notumor,True
archive_v2/Testing\meningioma\meningioma_TT_0163.jpg,meningioma,meningioma,0.7227,meningioma,False,False,meningioma,True
archive_v2/Testing\glioma\glioma_TT_0531.jpg,glioma,glioma,0.9997,glioma,False,False,glioma,True
archive_v2/Testing\glioma\glioma_TT_2196.jpg,glioma,glioma,0.9729,glioma,False,False,glioma,True
archive_v2/Testing\pituitary\pituitary_TT_0554.jpg,pituitary,pituitary,0.7234,pituitary,False,False,pituitary,True
archive_v2/Testing\glioma\glioma_TT_2624.jpg,glioma,glioma,0.9981,glioma,False,False,glioma,True
archive_v2/Testing\notumor\Te-no_348.jpg,notumor,notumor,0.8951,notumor,False,False,notumor,True
archive_v2/Testing\pituitary\pituitary_TT_0004.jpg,pituitary,pituitary,0.9212,notumor,False,False,pituitary,True
archive_v2/Testing\meningioma\meningioma_TT_2489.jpg,meningioma,meningioma,0.7781,meningioma,False,False,meningioma,True
archive_v2/Testing\pituitary\pituitary_TT_0049.jpg,pituitary,pituitary,0.9543,pituitary,False,False,pituitary,True
archive_v2/Testing\glioma\glioma_TT_1722.jpg,glioma,glioma,0.9389,glioma,False,False,glioma,True
archive_v2/Testing\meningioma\meningioma_TT_2310.jpg,meningioma,meningioma,0.8793,meningioma,False,False,meningioma,True
archive_v2/Testing\notumor\Te-no_231.jpg,notumor,notumor,0.8689,notumor,False,False,notumor,True
archive_v2/Testing\meningioma\Te-aug-me_37.jpg,meningioma,meningioma,0.9633,meningioma,False,False,meningioma,True
archive_v2/Testing\pituitary\pituitary_TT_2491.jpg,pituitary,pituitary,0.4094,pituitary,False,False,pituitary,True
archive_v2/Testing\meningioma\meningioma_TT_1459.jpg,meningioma,meningioma,0.8513,meningioma,False,False,meningioma,True
archive_v2/Testing\pituitary\pituitary_TT_1011.jpg,pituitary,pituitary,0.8967,notumor,False,False,pituitary,True
archive_v2/Testing\pituitary\pituitary_TT_0520.jpg,pituitary,pituitary,0.8824,pituitary,False,False,pituitary,True
archive_v2/Testing\meningioma\meningioma_TT_0650.jpg,meningioma,meningioma,0.8695,meningioma,False,False,meningioma,True
archive_v2/Testing\meningioma\meningioma_TT_1606.jpg,meningioma,meningioma,0.5116,meningioma,False,False,meningioma,True
archive_v2/Testing\pituitary\Te-pi_274.jpg,pituitary,pituitary,0.9939,pituitary,False,False,pituitary,True
archive_v2/Testing\glioma\glioma_TT_3829.jpg,glioma,glioma,0.9886,glioma,False,False,glioma,True
archive_v2/Testing\glioma\glioma_TT_1964.jpg,glioma,glioma,0.9847,glioma,False,False,glioma,True
archive_v2/Testing\pituitary\pituitary_TT_1584.jpg,pituitary,pituitary,0.7055,notumor,True,True,pituitary,True
archive_v2/Testing\glioma\Te-gl_388.jpg,glioma,glioma,0.836,glioma,False,False,glioma,True
archive_v2/Testing\glioma\glioma_TT_3375.jpg,glioma,glioma,0.8182,glioma,False,False,glioma,True
archive_v2/Testing\pituitary\pituitary_TT_0832.jpg,pituitary,pituitary,0.6379,pituitary,False,False,pituitary,True
archive_v2/Testing\pituitary\Te-pi_244.jpg,pituitary,pituitary,0.9997,pituitary,False,False,pituitary,True
archive_v2/Testing\glioma\glioma_TT_0400.jpg,glioma,glioma,0.9993,glioma,False,False,glioma,True
archive_v2/Testing\pituitary\Te-pi_56.jpg,pituitary,pituitary,0.9926,pituitary,False,False,pituitary,True
archive_v2/Testing\notumor\Te-no_374.jpg,notumor,notumor,0.9944,notumor,False,False,notumor,True
archive_v2/Testing\notumor\Te-no_73.jpg,notumor,notumor,0.9998,notumor,False,False,notumor,True
archive_v2/Testing\notumor\Te-no_273.jpg,notumor,notumor,0.9999,notumor,False,False,notumor,True
archive_v2/Testing\notumor\Te-no_201.jpg,notumor,notumor,0.9988,notumor,False,False,notumor,True
archive_v2/Testing\pituitary\Te-pi_371.jpg,pituitary,pituitary,0.9985,pituitary,False,False,pituitary,True
archive_v2/Testing\meningioma\meningioma_TT_2092.jpg,meningioma,meningioma,0.8839,meningioma,False,False,meningioma,True
archive_v2/Testing\glioma\Te-gl_7.jpg,glioma,glioma,0.9968,glioma,False,False,glioma,True
archive_v2/Testing\meningioma\Te-me_209.jpg,meningioma,pituitary,0.9713,meningioma,False,False,pituitary,False
archive_v2/Testing\notumor\Te-no_179.jpg,notumor,notumor,0.9999,notumor,False,False,notumor,True
archive_v2/Testing\meningioma\meningioma_TT_2374.jpg,meningioma,meningioma,0.6727,meningioma,False,False,meningioma,True
archive_v2/Testing\pituitary\pituitary_TT_0748.jpg,pituitary,pituitary,0.9844,pituitary,False,False,pituitary,True
archive_v2/Testing\pituitary\Te-pi_386.jpg,pituitary,pituitary,0.9959,pituitary,False,False,pituitary,True
archive_v2/Testing\glioma\glioma_TT_0827.jpg,glioma,glioma,0.9978,glioma,False,False,glioma,True
archive_v2/Testing\meningioma\meningioma_TT_0190.jpg,meningioma,pituitary,0.5456,pituitary,False,False,pituitary,False
archive_v2/Testing\glioma\glioma_TT_3049.jpg,glioma,glioma,0.816,glioma,False,False,glioma,True
archive_v2/Testing\glioma\Te-gl_288.jpg,glioma,glioma,0.8139,notumor,False,False,glioma,True
archive_v2/Testing\pituitary\pituitary_TT_0973.jpg,pituitary,pituitary,0.6012,pituitary,False,False,pituitary,True
archive_v2/Testing\notumor\Te-no_297.jpg,notumor,notumor,1.0,notumor,False,False,notumor,True
archive_v2/Testing\pituitary\Te-pi_82.jpg,pituitary,pituitary,0.9858,pituitary,False,False,pituitary,True
archive_v2/Testing\glioma\Te-gl_274.jpg,glioma,glioma,0.9999,glioma,False,False,glioma,True
archive_v2/Testing\meningioma\meningioma_TT_1245.jpg,meningioma,meningioma,0.505,meningioma,False,False,meningioma,True
archive_v2/Testing\pituitary\pituitary_TT_2273.jpg,pituitary,pituitary,0.8805,pituitary,False,False,pituitary,True
archive_v2/Testing\glioma\glioma_TT_3437.jpg,glioma,glioma,0.9131,glioma,False,False,glioma,True
archive_v2/Testing\glioma\Te-gl_45.jpg,glioma,glioma,0.981,glioma,False,False,glioma,True
archive_v2/Testing\pituitary\pituitary_TT_0945.jpg,pituitary,pituitary,0.7691,pituitary,False,False,pituitary,True
archive_v2/Testing\glioma\glioma_TT_0446.jpg,glioma,glioma,0.9948,glioma,False,False,glioma,True
archive_v2/Testing\glioma\glioma_TT_1602.jpg,glioma,glioma,0.9822,glioma,False,False,glioma,True
archive_v2/Testing\glioma\glioma_TT_2028.jpg,glioma,glioma,0.9851,glioma,False,False,glioma,True
archive_v2/Testing\pituitary\pituitary_TT_2058.jpg,pituitary,pituitary,0.9243,pituitary,False,False,pituitary,True
archive_v2/Testing\pituitary\pituitary_TT_2175.jpg,pituitary,pituitary,0.8784,pituitary,False,False,pituitary,True
archive_v2/Testing\notumor\Te-no_313.jpg,notumor,notumor,1.0,notumor,False,False,notumor,True
archive_v2/Testing\glioma\Te-gl_135.jpg,glioma,glioma,0.9464,glioma,False,False,glioma,True
archive_v2/Testing\pituitary\Te-pi_177.jpg,pituitary,pituitary,0.9892,pituitary,False,False,pituitary,True
archive_v2/Testing\glioma\glioma_TT_1147.jpg,glioma,glioma,0.7198,glioma,False,False,glioma,True
archive_v2/Testing\pituitary\pituitary_TT_2277.jpg,pituitary,pituitary,0.6604,pituitary,False,False,pituitary,True
archive_v2/Testing\glioma\glioma_TT_3769.jpg,glioma,glioma,0.7814,glioma,False,False,glioma,True
archive_v2/Testing\glioma\Te-gl_146.jpg,glioma,glioma,0.9209,notumor,False,False,glioma,True
archive_v2/Testing\glioma\Te-gl_275.jpg,glioma,meningioma,0.6263,meningioma,False,False,meningioma,False
archive_v2/Testing\glioma\glioma_TT_0748.jpg,glioma,glioma,0.998,glioma,False,False,glioma,True
archive_v2/Testing\glioma\Te-gl_184.jpg,glioma,meningioma,0.9183,glioma,False,False,meningioma,False
archive_v2/Testing\pituitary\pituitary_TT_2651.jpg,pituitary,pituitary,0.8061,pituitary,False,False,pituitary,True
archive_v2/Testing\pituitary\Te-pi_119.jpg,pituitary,pituitary,0.9534,pituitary,False,False,pituitary,True
archive_v2/Testing\meningioma\meningioma_TT_0664.jpg,meningioma,meningioma,0.6074,meningioma,False,False,meningioma,True
archive_v2/Testing\pituitary\pituitary_TT_1622.jpg,pituitary,pituitary,0.9487,pituitary,False,False,pituitary,True
archive_v2/Testing\pituitary\pituitary_TT_0682.jpg,pituitary,pituitary,0.9663,pituitary,False,False,pituitary,True
archive_v2/Testing\pituitary\Te-pi_49.jpg,pituitary,pituitary,0.9569,pituitary,False,False,pituitary,True
archive_v2/Testing\notumor\Te-no_279.jpg,notumor,notumor,0.9997,notumor,False,False,notumor,True
archive_v2/Testing\meningioma\meningioma_TT_1137.jpg,meningioma,pituitary,0.5221,meningioma,True,True,pituitary,False
archive_v2/Testing\glioma\glioma_TT_2707.jpg,glioma,glioma,0.9366,glioma,False,False,glioma,True
archive_v2/Testing\pituitary\pituitary_TT_0884.jpg,pituitary,pituitary,0.8506,pituitary,False,False,pituitary,True
archive_v2/Testing\pituitary\pituitary_TT_0446.jpg,pituitary,meningioma,0.4987,notumor,True,True,meningioma,False
archive_v2/Testing\pituitary\pituitary_TT_1539.jpg,pituitary,pituitary,0.5964,notumor,True,True,notumor,False
archive_v2/Testing\glioma\glioma_TT_0095.jpg,glioma,glioma,0.9879,glioma,False,False,glioma,True
archive_v2/Testing\glioma\glioma_TT_0864.jpg,glioma,glioma,0.9925,glioma,False,False,glioma,True
archive_v2/Testing\pituitary\Te-pi_162.jpg,pituitary,pituitary,0.9999,pituitary,False,False,pituitary,True
archive_v2/Testing\meningioma\Te-me_70.jpg,meningioma,glioma,0.7352,meningioma,True,True,meningioma,True
archive_v2/Testing\pituitary\pituitary_TT_1185.jpg,pituitary,pituitary,0.6609,pituitary,False,False,pituitary,True
archive_v2/Testing\pituitary\Te-pi_202.jpg,pituitary,pituitary,0.9998,pituitary,False,False,pituitary,True
archive_v2/Testing\glioma\Te-gl_306.jpg,glioma,glioma,0.6389,glioma,False,False,glioma,True
archive_v2/Testing\glioma\glioma_TT_2170.jpg,glioma,glioma,0.9904,glioma,False,False,glioma,True
archive_v2/Testing\pituitary\Te-pi_387.jpg,pituitary,pituitary,0.9957,pituitary,False,False,pituitary,True
archive_v2/Testing\meningioma\meningioma_TT_2047.jpg,meningioma,pituitary,0.5447,pituitary,False,False,pituitary,False
archive_v2/Testing\notumor\Te-no_277.jpg,notumor,notumor,1.0,notumor,False,False,notumor,True
archive_v2/Testing\meningioma\meningioma_TT_1254.jpg,meningioma,meningioma,0.4354,meningioma,False,False,meningioma,True
archive_v2/Testing\pituitary\Te-pi_330.jpg,pituitary,pituitary,0.9859,pituitary,False,False,pituitary,True
archive_v2/Testing\pituitary\pituitary_TT_1781.jpg,pituitary,meningioma,0.668,meningioma,False,False,meningioma,False
archive_v2/Testing\meningioma\meningioma_TT_1870.jpg,meningioma,meningioma,0.9648,meningioma,False,False,meningioma,True
archive_v2/Testing\glioma\glioma_TT_0120.jpg,glioma,glioma,0.9673,glioma,False,False,glioma,True
archive_v2/Testing\glioma\glioma_TT_3565.jpg,glioma,glioma,0.7273,notumor,True,True,meningioma,False
archive_v2/Testing\glioma\glioma_TT_0717.jpg,glioma,glioma,0.9991,glioma,False,False,glioma,True
archive_v2/Testing\meningioma\Te-me_43.jpg,meningioma,meningioma,0.9584,meningioma,False,False,meningioma,True
archive_v2/Testing\pituitary\pituitary_TT_1318.jpg,pituitary,pituitary,0.7865,pituitary,False,False,pituitary,True
archive_v2/Testing\pituitary\pituitary_TT_1343.jpg,pituitary,pituitary,0.6684,pituitary,False,False,pituitary,True
archive_v2/Testing\glioma\Te-gl_142.jpg,glioma,glioma,0.9982,glioma,False,False,glioma,True
archive_v2/Testing\meningioma\meningioma_TT_0479.jpg,meningioma,meningioma,0.8566,meningioma,False,False,meningioma,True
archive_v2/Testing\glioma\glioma_TT_0840.jpg,glioma,glioma,0.9986,glioma,False,False,glioma,True
archive_v2/Testing\glioma\glioma_TT_2890.jpg,glioma,glioma,0.9232,glioma,False,False,glioma,True
archive_v2/Testing\meningioma\meningioma_TT_1403.jpg,meningioma,glioma,0.5658,meningioma,True,True,glioma,False
archive_v2/Testing\pituitary\Te-pi_340.jpg,pituitary,pituitary,0.9987,pituitary,False,False,pituitary,True
archive_v2/Testing\notumor\Te-no_203.jpg,notumor,notumor,0.9926,notumor,False,False,notumor,True
archive_v2/Testing\meningioma\Te-me_151.jpg,meningioma,meningioma,0.89,meningioma,False,False,meningioma,True
archive_v2/Testing\meningioma\meningioma_TT_0560.jpg,meningioma,meningioma,0.9762,meningioma,False,False,meningioma,True
archive_v2/Testing\meningioma\meningioma_TT_1917.jpg,meningioma,meningioma,0.9835,meningioma,False,False,meningioma,True
archive_v2/Testing\meningioma\meningioma_TT_0485.jpg,meningioma,meningioma,0.9349,meningioma,False,False,meningioma,True
archive_v2/Testing\pituitary\pituitary_TT_0979.jpg,pituitary,meningioma,0.6487,pituitary,True,True,meningioma,False
archive_v2/Testing\pituitary\Te-pi_224.jpg,pituitary,pituitary,0.9949,pituitary,False,False,pituitary,True
archive_v2/Testing\notumor\Te-no_122.jpg,notumor,notumor,0.9997,notumor,False,False,notumor,True
archive_v2/Testing\meningioma\meningioma_TT_2228.jpg,meningioma,meningioma,0.8323,meningioma,False,False,meningioma,True
archive_v2/Testing\glioma\Te-gl_230.jpg,glioma,glioma,0.7731,glioma,False,False,glioma,True
archive_v2/Testing\glioma\glioma_TT_2413.jpg,glioma,glioma,0.9981,glioma,False,False,glioma,True
archive_v2/Testing\glioma\Te-gl_317.jpg,glioma,glioma,0.8228,glioma,False,False,glioma,True
archive_v2/Testing\meningioma\Te-me_94.jpg,meningioma,meningioma,0.8707,meningioma,False,False,meningioma,True
archive_v2/Testing\pituitary\Te-pi_90.jpg,pituitary,pituitary,0.9981,pituitary,False,False,pituitary,True
archive_v2/Testing\notumor\Te-no_120.jpg,notumor,notumor,0.9974,notumor,False,False,notumor,True
archive_v2/Testing\pituitary\Te-pi_35.jpg,pituitary,pituitary,0.9859,pituitary,False,False,pituitary,True
archive_v2/Testing\meningioma\Te-aug-me_99.jpg,meningioma,meningioma,0.9928,meningioma,False,False,meningioma,True
archive_v2/Testing\pituitary\Te-pi_139.jpg,pituitary,pituitary,0.9975,pituitary,False,False,pituitary,True
archive_v2/Testing\glioma\glioma_TT_2327.jpg,glioma,glioma,0.9957,glioma,False,False,glioma,True
archive_v2/Testing\pituitary\Te-pi_238.jpg,pituitary,pituitary,0.9985,pituitary,False,False,pituitary,True
archive_v2/Testing\notumor\Te-no_140.jpg,notumor,notumor,0.9997,notumor,False,False,notumor,True
archive_v2/Testing\pituitary\pituitary_TT_2049.jpg,pituitary,pituitary,0.5005,pituitary,False,False,pituitary,True
archive_v2/Testing\pituitary\pituitary_TT_1484.jpg,pituitary,pituitary,0.8897,pituitary,False,False,pituitary,True
archive_v2/Testing\notumor\Te-no_380.jpg,notumor,notumor,0.9992,notumor,False,False,notumor,True
archive_v2/Testing\meningioma\Te-me_11.jpg,meningioma,meningioma,0.9971,meningioma,False,False,meningioma,True
archive_v2/Testing\pituitary\pituitary_TT_1114.jpg,pituitary,pituitary,0.9368,notumor,False,False,pituitary,True
archive_v2/Testing\pituitary\pituitary_TT_2169.jpg,pituitary,pituitary,0.9266,pituitary,False,False,pituitary,True
archive_v2/Testing\pituitary\pituitary_TT_0464.jpg,pituitary,glioma,0.4487,pituitary,True,True,glioma,False
archive_v2/Testing\glioma\Te-gl_14.jpg,glioma,meningioma,0.5188,glioma,True,True,meningioma,False
archive_v2/Testing\notumor\Te-no_97.jpg,notumor,notumor,1.0,notumor,False,False,notumor,True
archive_v2/Testing\glioma\Te-gl_143.jpg,glioma,glioma,0.8504,notumor,False,False,glioma,True
archive_v2/Testing\pituitary\pituitary_TT_0065.jpg,pituitary,pituitary,0.8424,pituitary,False,False,pituitary,True
archive_v2/Testing\glioma\glioma_TT_3581.jpg,glioma,meningioma,0.6788,pituitary,True,True,meningioma,False
archive_v2/Testing\pituitary\Te-pi_377.jpg,pituitary,pituitary,0.9987,pituitary,False,False,pituitary,True
archive_v2/Testing\meningioma\meningioma_TT_0958.jpg,meningioma,meningioma,0.8814,meningioma,False,False,meningioma,True
archive_v2/Testing\pituitary\Te-pi_221.jpg,pituitary,pituitary,0.9972,pituitary,False,False,pituitary,True
archive_v2/Testing\meningioma\meningioma_TT_1999.jpg,meningioma,meningioma,0.4168,meningioma,False,False,meningioma,True
archive_v2/Testing\glioma\Te-gl_160.jpg,glioma,pituitary,0.8834,meningioma,False,False,pituitary,False
archive_v2/Testing\meningioma\meningioma_TT_0707.jpg,meningioma,pituitary,0.5506,meningioma,True,True,meningioma,True
archive_v2/Testing\pituitary\Te-pi_111.jpg,pituitary,pituitary,0.9938,pituitary,False,False,pituitary,True
archive_v2/Testing\glioma\glioma_TT_3786.jpg,glioma,glioma,0.9568,glioma,False,False,glioma,True
archive_v2/Testing\glioma\glioma_TT_2858.jpg,glioma,glioma,0.9324,glioma,False,False,glioma,True
archive_v2/Testing\glioma\glioma_TT_0143.jpg,glioma,glioma,0.8926,glioma,False,False,glioma,True
archive_v2/Testing\pituitary\Te-pi_323.jpg,pituitary,pituitary,0.8273,pituitary,False,False,pituitary,True
archive_v2/Testing\glioma\glioma_TT_2211.jpg,glioma,glioma,0.9998,glioma,False,False,glioma,True
archive_v2/Testing\glioma\glioma_TT_2668.jpg,glioma,glioma,0.9829,glioma,False,False,glioma,True
archive_v2/Testing\pituitary\pituitary_TT_0523.jpg,pituitary,pituitary,0.894,pituitary,False,False,pituitary,True
archive_v2/Testing\pituitary\pituitary_TT_0924.jpg,pituitary,meningioma,0.4601,notumor,True,True,meningioma,False
archive_v2/Testing\pituitary\pituitary_TT_0273.jpg,pituitary,pituitary,0.8016,pituitary,False,False,pituitary,True
archive_v2/Testing\notumor\Te-no_383.jpg,notumor,notumor,0.9917,notumor,False,False,notumor,True
archive_v2/Testing\pituitary\Te-pi_146.jpg,pituitary,pituitary,0.9967,pituitary,False,False,pituitary,True
archive_v2/Testing\pituitary\pituitary_TT_0923.jpg,pituitary,meningioma,0.6727,pituitary,True,True,meningioma,False
archive_v2/Testing\meningioma\meningioma_TT_1362.jpg,meningioma,meningioma,0.9987,meningioma,False,False,meningioma,True
archive_v2/Testing\notumor\Te-no_253.jpg,notumor,notumor,0.9426,notumor,False,False,notumor,True
archive_v2/Testing\glioma\glioma_TT_0733.jpg,glioma,glioma,0.9935,glioma,False,False,glioma,True
archive_v2/Testing\glioma\glioma_TT_0156.jpg,glioma,glioma,0.9562,glioma,False,False,glioma,True
archive_v2/Testing\notumor\Te-no_72.jpg,notumor,notumor,0.9994,notumor,False,False,notumor,True
archive_v2/Testing\glioma\glioma_TT_1728.jpg,glioma,glioma,0.8951,glioma,False,False,glioma,True
archive_v2/Testing\pituitary\pituitary_TT_1175.jpg,pituitary,pituitary,0.791,pituitary,False,False,pituitary,True
archive_v2/Testing\notumor\Te-no_387.jpg,notumor,notumor,0.9986,notumor,False,False,notumor,True
archive_v2/Testing\glioma\glioma_TT_2802.jpg,glioma,glioma,0.9832,glioma,False,False,glioma,True
archive_v2/Testing\glioma\Te-gl_12.jpg,glioma,glioma,0.9968,glioma,False,False,glioma,True
archive_v2/Testing\meningioma\Te-aug-me_13.jpg,meningioma,meningioma,0.8747,meningioma,False,False,meningioma,True
archive_v2/Testing\glioma\Te-gl_304.jpg,glioma,meningioma,0.932,glioma,False,False,meningioma,False
archive_v2/Testing\pituitary\pituitary_TT_2007.jpg,pituitary,pituitary,0.9263,pituitary,False,False,pituitary,True
archive_v2/Testing\pituitary\pituitary_TT_2835.jpg,pituitary,pituitary,0.9264,pituitary,False,False,pituitary,True
archive_v2/Testing\glioma\glioma_TT_3346.jpg,glioma,glioma,0.8778,glioma,False,False,glioma,True
archive_v2/Testing\meningioma\meningioma_TT_0632.jpg,meningioma,meningioma,0.5337,meningioma,False,False,meningioma,True
archive_v2/Testing\pituitary\pituitary_TT_2702.jpg,pituitary,pituitary,0.7331,notumor,True,True,notumor,False
archive_v2/Testing\glioma\Te-gl_263.jpg,glioma,meningioma,0.7391,glioma,True,True,meningioma,False
archive_v2/Testing\pituitary\pituitary_TT_2549.jpg,pituitary,pituitary,0.8844,pituitary,False,False,pituitary,True
archive_v2/Testing\meningioma\Te-me_121.jpg,meningioma,meningioma,0.8424,meningioma,False,False,meningioma,True
archive_v2/Testing\pituitary\pituitary_TT_1479.jpg,pituitary,pituitary,0.8457,pituitary,False,False,pituitary,True
archive_v2/Testing\glioma\glioma_TT_3536.jpg,glioma,meningioma,0.4286,notumor,True,True,meningioma,False
archive_v2/Testing\glioma\glioma_TT_0775.jpg,glioma,glioma,0.9896,glioma,False,False,glioma,True
archive_v2/Testing\glioma\glioma_TT_1463.jpg,glioma,glioma,0.7982,notumor,True,True,glioma,True
archive_v2/Testing\meningioma\meningioma_TT_0311.jpg,meningioma,glioma,0.5068,meningioma,True,True,glioma,False
archive_v2/Testing\glioma\glioma_TT_3651.jpg,glioma,meningioma,0.51,glioma,True,True,glioma,True
archive_v2/Testing\glioma\Te-gl_85.jpg,glioma,glioma,0.9931,glioma,False,False,glioma,True
archive_v2/Testing\pituitary\pituitary_TT_1437.jpg,pituitary,pituitary,0.8751,pituitary,False,False,pituitary,True
archive_v2/Testing\pituitary\pituitary_TT_0483.jpg,pituitary,pituitary,0.9603,pituitary,False,False,pituitary,True
archive_v2/Testing\meningioma\meningioma_TT_1991.jpg,meningioma,pituitary,0.4936,meningioma,True,True,pituitary,False
archive_v2/Testing\pituitary\pituitary_TT_0543.jpg,pituitary,pituitary,0.9848,notumor,False,False,pituitary,True
archive_v2/Testing\glioma\glioma_TT_0145.jpg,glioma,glioma,0.9328,glioma,False,False,glioma,True
archive_v2/Testing\pituitary\Te-pi_117.jpg,pituitary,pituitary,0.9803,pituitary,False,False,pituitary,True
archive_v2/Testing\meningioma\meningioma_TT_0125.jpg,meningioma,meningioma,0.9684,meningioma,False,False,meningioma,True
archive_v2/Testing\glioma\glioma_TT_2760.jpg,glioma,glioma,0.9855,glioma,False,False,glioma,True
archive_v2/Testing\meningioma\Te-me_261.jpg,meningioma,meningioma,0.9662,meningioma,False,False,meningioma,True
archive_v2/Testing\glioma\glioma_TT_3860.jpg,glioma,glioma,0.7787,glioma,False,False,glioma,True
archive_v2/Testing\meningioma\meningioma_TT_1547.jpg,meningioma,meningioma,0.7935,meningioma,False,False,meningioma,True
archive_v2/Testing\meningioma\meningioma_TT_1943.jpg,meningioma,meningioma,0.5198,meningioma,False,False,meningioma,True
archive_v2/Testing\pituitary\pituitary_TT_0788.jpg,pituitary,pituitary,0.9821,pituitary,False,False,pituitary,True
archive_v2/Testing\meningioma\Te-me_17.jpg,meningioma,meningioma,0.9701,meningioma,False,False,meningioma,True
archive_v2/Testing\pituitary\Te-pi_196.jpg,pituitary,pituitary,0.891,pituitary,False,False,pituitary,True
archive_v2/Testing\glioma\Te-gl_154.jpg,glioma,glioma,0.9269,glioma,False,False,glioma,True
archive_v2/Testing\glioma\glioma_TT_0790.jpg,glioma,glioma,0.9736,glioma,False,False,glioma,True
archive_v2/Testing\glioma\Te-gl_158.jpg,glioma,glioma,0.5047,glioma,False,False,glioma,True
archive_v2/Testing\meningioma\meningioma_TT_2098.jpg,meningioma,meningioma,0.976,meningioma,False,False,meningioma,True
archive_v2/Testing\glioma\Te-gl_56.jpg,glioma,glioma,0.7684,glioma,False,False,glioma,True
archive_v2/Testing\glioma\glioma_TT_0149.jpg,glioma,glioma,0.9535,glioma,False,False,glioma,True
archive_v2/Testing\glioma\Te-gl_140.jpg,glioma,glioma,0.5629,meningioma,True,True,glioma,True
archive_v2/Testing\pituitary\pituitary_TT_1384.jpg,pituitary,pituitary,0.5793,meningioma,True,True,pituitary,True
archive_v2/Testing\pituitary\Te-pi_1.jpg,pituitary,pituitary,0.9985,pituitary,False,False,pituitary,True
archive_v2/Testing\meningioma\meningioma_TT_0158.jpg,meningioma,meningioma,0.8796,meningioma,False,False,meningioma,True
archive_v2/Testing\meningioma\meningioma_TT_0595.jpg,meningioma,meningioma,0.9375,meningioma,False,False,meningioma,True
archive_v2/Testing\meningioma\Te-me_287.jpg,meningioma,meningioma,0.8822,meningioma,False,False,meningioma,True
archive_v2/Testing\pituitary\pituitary_TT_0136.jpg,pituitary,pituitary,0.5095,pituitary,False,False,pituitary,True
archive_v2/Testing\pituitary\Te-pi_166.jpg,pituitary,pituitary,0.9989,pituitary,False,False,pituitary,True
archive_v2/Testing\pituitary\Te-pi_400.jpg,pituitary,pituitary,0.9998,pituitary,False,False,pituitary,True
archive_v2/Testing\pituitary\Te-pi_247.jpg,pituitary,pituitary,0.9983,pituitary,False,False,pituitary,True
archive_v2/Testing\pituitary\pituitary_TT_0790.jpg,pituitary,pituitary,0.9748,pituitary,False,False,pituitary,True
archive_v2/Testing\pituitary\pituitary_TT_0245.jpg,pituitary,meningioma,0.4317,notumor,True,True,meningioma,False
archive_v2/Testing\pituitary\pituitary_TT_0117.jpg,pituitary,pituitary,0.9067,pituitary,False,False,pituitary,True
archive_v2/Testing\notumor\Te-no_32.jpg,notumor,notumor,0.9882,notumor,False,False,notumor,True
archive_v2/Testing\meningioma\meningioma_TT_1982.jpg,meningioma,glioma,0.5017,meningioma,True,True,glioma,False
archive_v2/Testing\glioma\glioma_TT_2160.jpg,glioma,glioma,0.9924,glioma,False,False,glioma,True
archive_v2/Testing\pituitary\Te-pi_137.jpg,pituitary,pituitary,0.9986,pituitary,False,False,pituitary,True
archive_v2/Testing\glioma\glioma_TT_2560.jpg,glioma,glioma,0.9998,glioma,False,False,glioma,True
archive_v2/Testing\glioma\glioma_TT_3218.jpg,glioma,pituitary,0.3841,notumor,True,True,pituitary,False
archive_v2/Testing\glioma\Te-gl_220.jpg,glioma,glioma,0.9652,glioma,False,False,glioma,True
archive_v2/Testing\pituitary\Te-pi_132.jpg,pituitary,pituitary,0.9986,pituitary,False,False,pituitary,True
archive_v2/Testing\notumor\Te-no_362.jpg,notumor,notumor,0.977,notumor,False,False,notumor,True
archive_v2/Testing\pituitary\pituitary_TT_2055.jpg,pituitary,pituitary,0.704,pituitary,False,False,pituitary,True
archive_v2/Testing\pituitary\Te-pi_93.jpg,pituitary,pituitary,0.9983,pituitary,False,False,pituitary,True
archive_v2/Testing\pituitary\pituitary_TT_0027.jpg,pituitary,pituitary,0.9236,pituitary,False,False,pituitary,True
archive_v2/Testing\notumor\Te-no_148.jpg,notumor,notumor,1.0,notumor,False,False,notumor,True
archive_v2/Testing\glioma\glioma_TT_1010.jpg,glioma,glioma,0.9837,glioma,False,False,glioma,True
archive_v2/Testing\glioma\glioma_TT_3110.jpg,glioma,glioma,0.6664,meningioma,True,True,glioma,True
archive_v2/Testing\meningioma\Te-me_20.jpg,meningioma,meningioma,0.954,meningioma,False,False,meningioma,True
archive_v2/Testing\glioma\glioma_TT_2219.jpg,glioma,glioma,0.9995,glioma,False,False,glioma,True
archive_v2/Testing\glioma\Te-gl_206.jpg,glioma,glioma,0.9885,glioma,False,False,glioma,True
archive_v2/Testing\glioma\glioma_TT_0267.jpg,glioma,glioma,0.9961,glioma,False,False,glioma,True
archive_v2/Testing\pituitary\Te-pi_67.jpg,pituitary,pituitary,0.9958,pituitary,False,False,pituitary,True
archive_v2/Testing\glioma\glioma_TT_3048.jpg,glioma,glioma,0.8341,glioma,False,False,glioma,True
archive_v2/Testing\pituitary\Te-pi_253.jpg,pituitary,pituitary,0.9987,pituitary,False,False,pituitary,True
archive_v2/Testing\meningioma\Te-me_182.jpg,meningioma,meningioma,0.5727,meningioma,False,False,meningioma,True
archive_v2/Testing\glioma\glioma_TT_0757.jpg,glioma,glioma,0.999,glioma,False,False,glioma,True
archive_v2/Testing\notumor\Te-no_254.jpg,notumor,notumor,0.9998,notumor,False,False,notumor,True
archive_v2/Testing\meningioma\meningioma_TT_0277.jpg,meningioma,pituitary,0.5801,meningioma,True,True,glioma,False
archive_v2/Testing\pituitary\Te-pi_279.jpg,pituitary,pituitary,0.9798,pituitary,False,False,pituitary,True
archive_v2/Testing\glioma\glioma_TT_3571.jpg,glioma,meningioma,0.4696,glioma,True,True,glioma,True
archive_v2/Testing\pituitary\pituitary_TT_0843.jpg,pituitary,pituitary,0.7448,pituitary,False,False,pituitary,True
archive_v2/Testing\glioma\Te-gl_201.jpg,glioma,glioma,0.9997,glioma,False,False,glioma,True
archive_v2/Testing\pituitary\pituitary_TT_0080.jpg,pituitary,pituitary,0.968,pituitary,False,False,pituitary,True
archive_v2/Testing\glioma\glioma_TT_3641.jpg,glioma,pituitary,0.58,pituitary,False,False,pituitary,False
archive_v2/Testing\pituitary\Te-pi_66.jpg,pituitary,pituitary,0.8076,pituitary,False,False,pituitary,True
archive_v2/Testing\pituitary\Te-pi_272.jpg,pituitary,pituitary,0.9952,pituitary,False,False,pituitary,True
archive_v2/Testing\glioma\glioma_TT_0727.jpg,glioma,glioma,0.9998,glioma,False,False,glioma,True
archive_v2/Testing\glioma\glioma_TT_2457.jpg,glioma,glioma,0.8705,glioma,False,False,glioma,True
archive_v2/Testing\pituitary\pituitary_TT_1472.jpg,pituitary,pituitary,0.7645,pituitary,False,False,pituitary,True
archive_v2/Testing\pituitary\Te-pi_285.jpg,pituitary,pituitary,0.9992,pituitary,False,False,pituitary,True
archive_v2/Testing\notumor\Te-no_171.jpg,notumor,notumor,0.9996,notumor,False,False,notumor,True
archive_v2/Testing\notumor\Te-no_83.jpg,notumor,notumor,0.9902,notumor,False,False,notumor,True
archive_v2/Testing\pituitary\pituitary_TT_1846.jpg,pituitary,pituitary,0.7132,pituitary,False,False,pituitary,True
archive_v2/Testing\meningioma\meningioma_TT_1227.jpg,meningioma,meningioma,0.6744,meningioma,False,False,meningioma,True
archive_v2/Testing\glioma\Te-gl_327.jpg,glioma,glioma,0.9339,glioma,False,False,glioma,True
archive_v2/Testing\notumor\Te-no_343.jpg,notumor,notumor,0.9997,notumor,False,False,notumor,True
archive_v2/Testing\meningioma\Te-me_3.jpg,meningioma,notumor,0.3988,meningioma,True,True,meningioma,True
archive_v2/Testing\meningioma\Te-me_255.jpg,meningioma,glioma,0.6305,meningioma,True,True,meningioma,True
archive_v2/Testing\glioma\glioma_TT_2151.jpg,glioma,glioma,0.9842,glioma,False,False,glioma,True
archive_v2/Testing\pituitary\pituitary_TT_0766.jpg,pituitary,pituitary,0.9861,pituitary,False,False,pituitary,True
archive_v2/Testing\meningioma\Te-me_130.jpg,meningioma,meningioma,0.7931,meningioma,False,False,meningioma,True
archive_v2/Testing\meningioma\meningioma_TT_1203.jpg,meningioma,meningioma,0.5404,notumor,True,True,meningioma,True
archive_v2/Testing\meningioma\Te-me_44.jpg,meningioma,meningioma,0.9649,meningioma,False,False,meningioma,True
archive_v2/Testing\meningioma\meningioma_TT_2263.jpg,meningioma,meningioma,0.8326,meningioma,False,False,meningioma,True
archive_v2/Testing\glioma\glioma_TT_0117.jpg,glioma,glioma,0.9798,glioma,False,False,glioma,True
archive_v2/Testing\pituitary\pituitary_TT_2282.jpg,pituitary,pituitary,0.4876,notumor,True,True,pituitary,True
archive_v2/Testing\meningioma\Te-me_175.jpg,meningioma,meningioma,0.8034,meningioma,False,False,meningioma,True
archive_v2/Testing\meningioma\meningioma_TT_1674.jpg,meningioma,pituitary,0.5665,notumor,True,True,pituitary,False
archive_v2/Testing\glioma\glioma_TT_2769.jpg,glioma,glioma,0.9827,glioma,False,False,glioma,True
archive_v2/Testing\meningioma\meningioma_TT_1175.jpg,meningioma,meningioma,0.7867,notumor,True,True,meningioma,True
archive_v2/Testing\pituitary\Te-pi_326.jpg,pituitary,pituitary,0.9973,pituitary,False,False,pituitary,True
archive_v2/Testing\notumor\Te-no_22.jpg,notumor,notumor,0.9973,notumor,False,False,notumor,True
archive_v2/Testing\pituitary\pituitary_TT_2328.jpg,pituitary,pituitary,0.6007,pituitary,False,False,pituitary,True
archive_v2/Testing\glioma\Te-gl_302.jpg,glioma,glioma,0.9954,glioma,False,False,glioma,True
archive_v2/Testing\glioma\glioma_TT_1199.jpg,glioma,meningioma,0.5128,meningioma,False,False,meningioma,False
archive_v2/Testing\glioma\Te-gl_78.jpg,glioma,notumor,0.7419,notumor,False,False,notumor,False
archive_v2/Testing\pituitary\pituitary_TT_2891.jpg,pituitary,pituitary,0.7188,notumor,True,True,pituitary,True
archive_v2/Testing\notumor\Te-no_183.jpg,notumor,notumor,0.9998,notumor,False,False,notumor,True
archive_v2/Testing\glioma\Te-gl_207.jpg,glioma,glioma,0.9985,glioma,False,False,glioma,True
archive_v2/Testing\meningioma\meningioma_TT_0259.jpg,meningioma,meningioma,0.9216,meningioma,False,False,meningioma,True
archive_v2/Testing\pituitary\Te-pi_297.jpg,pituitary,pituitary,0.9994,pituitary,False,False,pituitary,True
archive_v2/Testing\pituitary\Te-pi_175.jpg,pituitary,pituitary,0.9997,pituitary,False,False,pituitary,True
archive_v2/Testing\meningioma\meningioma_TT_0877.jpg,meningioma,meningioma,0.8333,meningioma,False,False,meningioma,True
archive_v2/Testing\glioma\glioma_TT_0569.jpg,glioma,glioma,0.9989,glioma,False,False,glioma,True
archive_v2/Testing\glioma\glioma_TT_1597.jpg,glioma,glioma,0.963,glioma,False,False,glioma,True
archive_v2/Testing\glioma\glioma_TT_3233.jpg,glioma,glioma,0.8255,glioma,False,False,glioma,True
archive_v2/Testing\meningioma\meningioma_TT_0565.jpg,meningioma,meningioma,0.9572,meningioma,False,False,meningioma,True
archive_v2/Testing\notumor\Te-no_398.jpg,notumor,notumor,0.9998,notumor,False,False,notumor,True
archive_v2/Testing\glioma\glioma_TT_0381.jpg,glioma,glioma,0.9993,glioma,False,False,glioma,True
archive_v2/Testing\glioma\Te-gl_208.jpg,glioma,glioma,0.7911,glioma,False,False,glioma,True
archive_v2/Testing\glioma\glioma_TT_1498.jpg,glioma,glioma,0.811,glioma,False,False,glioma,True
archive_v2/Testing\notumor\Te-no_400.jpg,notumor,notumor,0.9997,notumor,False,False,notumor,True
archive_v2/Testing\glioma\glioma_TT_2458.jpg,glioma,glioma,0.8673,glioma,False,False,glioma,True
archive_v2/Testing\pituitary\pituitary_TT_2532.jpg,pituitary,pituitary,0.9772,pituitary,False,False,pituitary,True
archive_v2/Testing\glioma\Te-gl_70.jpg,glioma,glioma,0.8825,glioma,False,False,glioma,True
archive_v2/Testing\pituitary\pituitary_TT_2452.jpg,pituitary,pituitary,0.7218,pituitary,False,False,pituitary,True
archive_v2/Testing\pituitary\Te-pi_363.jpg,pituitary,pituitary,0.993,pituitary,False,False,pituitary,True
archive_v2/Testing\notumor\Te-no_133.jpg,notumor,notumor,0.9971,notumor,False,False,notumor,True
archive_v2/Testing\notumor\Te-no_260.jpg,notumor,notumor,0.9998,notumor,False,False,notumor,True
archive_v2/Testing\glioma\glioma_TT_3555.jpg,glioma,glioma,0.8121,glioma,False,False,glioma,True
archive_v2/Testing\pituitary\pituitary_TT_2501.jpg,pituitary,pituitary,0.6359,meningioma,True,True,pituitary,True
archive_v2/Testing\meningioma\meningioma_TT_0921.jpg,meningioma,meningioma,0.9091,meningioma,False,False,meningioma,True
archive_v2/Testing\meningioma\Te-aug-me_8.jpg,meningioma,meningioma,0.9834,meningioma,False,False,meningioma,True
archive_v2/Testing\pituitary\Te-pi_201.jpg,pituitary,pituitary,0.9997,pituitary,False,False,pituitary,True
archive_v2/Testing\notumor\Te-no_208.jpg,notumor,notumor,1.0,notumor,False,False,notumor,True
archive_v2/Testing\glioma\glioma_TT_0310.jpg,glioma,glioma,0.9894,glioma,False,False,glioma,True
archive_v2/Testing\notumor\Te-no_276.jpg,notumor,notumor,0.9994,notumor,False,False,notumor,True
archive_v2/Testing\glioma\Te-gl_92.jpg,glioma,glioma,0.9972,glioma,False,False,glioma,True
archive_v2/Testing\pituitary\pituitary_TT_2601.jpg,pituitary,pituitary,0.8162,pituitary,False,False,pituitary,True
archive_v2/Testing\pituitary\pituitary_TT_0070.jpg,pituitary,pituitary,0.7134,pituitary,False,False,pituitary,True
archive_v2/Testing\meningioma\Te-aug-me_83.jpg,meningioma,meningioma,0.9833,meningioma,False,False,meningioma,True
archive_v2/Testing\meningioma\meningioma_TT_2032.jpg,meningioma,meningioma,0.9425,meningioma,False,False,meningioma,True
archive_v2/Testing\meningioma\Te-aug-me_45.jpg,meningioma,meningioma,0.9192,meningioma,False,False,meningioma,True
archive_v2/Testing\glioma\Te-gl_228.jpg,glioma,meningioma,0.8237,meningioma,False,False,meningioma,False
archive_v2/Testing\pituitary\Te-pi_55.jpg,pituitary,pituitary,0.9865,pituitary,False,False,pituitary,True
archive_v2/Testing\meningioma\Te-me_223.jpg,meningioma,meningioma,0.6473,meningioma,False,False,meningioma,True
archive_v2/Testing\meningioma\Te-me_212.jpg,meningioma,meningioma,0.9786,meningioma,False,False,meningioma,True
archive_v2/Testing\glioma\glioma_TT_0043.jpg,glioma,glioma,0.5087,notumor,True,True,glioma,True
archive_v2/Testing\glioma\Te-gl_179.jpg,glioma,glioma,0.9989,glioma,False,False,glioma,True
archive_v2/Testing\pituitary\Te-pi_298.jpg,pituitary,pituitary,0.9992,pituitary,False,False,pituitary,True
archive_v2/Testing\glioma\glioma_TT_0669.jpg,glioma,glioma,0.9964,glioma,False,False,glioma,True
archive_v2/Testing\glioma\glioma_TT_0175.jpg,glioma,glioma,0.9862,glioma,False,False,glioma,True
archive_v2/Testing\glioma\glioma_TT_2274.jpg,glioma,glioma,0.9985,glioma,False,False,glioma,True
archive_v2/Testing\glioma\glioma_TT_0068.jpg,glioma,glioma,0.5674,glioma,False,False,glioma,True
archive_v2/Testing\meningioma\Te-me_129.jpg,meningioma,meningioma,0.7583,meningioma,False,False,meningioma,True
archive_v2/Testing\pituitary\Te-pi_355.jpg,pituitary,pituitary,0.9998,pituitary,False,False,pituitary,True
archive_v2/Testing\pituitary\Te-pi_356.jpg,pituitary,pituitary,0.9894,pituitary,False,False,pituitary,True
archive_v2/Testing\glioma\glioma_TT_2910.jpg,glioma,glioma,0.9888,glioma,False,False,glioma,True
archive_v2/Testing\meningioma\Te-me_101.jpg,meningioma,meningioma,0.97,meningioma,False,False,meningioma,True
archive_v2/Testing\glioma\glioma_TT_1941.jpg,glioma,glioma,0.9487,glioma,False,False,glioma,True
archive_v2/Testing\glioma\glioma_TT_1526.jpg,glioma,glioma,0.9917,glioma,False,False,glioma,True
archive_v2/Testing\meningioma\meningioma_TT_0031.jpg,meningioma,meningioma,0.8262,meningioma,False,False,meningioma,True
archive_v2/Testing\meningioma\Te-me_222.jpg,meningioma,meningioma,0.8155,meningioma,False,False,meningioma,True
archive_v2/Testing\pituitary\pituitary_TT_2450.jpg,pituitary,pituitary,0.5268,pituitary,False,False,pituitary,True
archive_v2/Testing\meningioma\Te-aug-me_64.jpg,meningioma,pituitary,0.6477,meningioma,True,True,meningioma,True
archive_v2/Testing\glioma\glioma_TT_3552.jpg,glioma,meningioma,0.5237,notumor,True,True,meningioma,False
archive_v2/Testing\pituitary\pituitary_TT_1835.jpg,pituitary,meningioma,0.4987,pituitary,True,True,glioma,False
archive_v2/Testing\pituitary\Te-pi_268.jpg,pituitary,pituitary,0.9976,pituitary,False,False,pituitary,True
archive_v2/Testing\glioma\glioma_TT_1726.jpg,glioma,glioma,0.8395,glioma,False,False,glioma,True
archive_v2/Testing\notumor\Te-no_397.jpg,notumor,notumor,0.9997,notumor,False,False,notumor,True
archive_v2/Testing\glioma\glioma_TT_1399.jpg,glioma,glioma,0.8307,glioma,False,False,glioma,True
archive_v2/Testing\pituitary\Te-pi_271.jpg,pituitary,pituitary,0.9766,pituitary,False,False,pituitary,True
archive_v2/Testing\pituitary\Te-pi_172.jpg,pituitary,pituitary,0.9997,pituitary,False,False,pituitary,True
archive_v2/Testing\meningioma\Te-aug-me_56.jpg,meningioma,meningioma,0.7587,notumor,True,True,glioma,False
archive_v2/Testing\glioma\glioma_TT_3113.jpg,glioma,glioma,0.8379,glioma,False,False,glioma,True
archive_v2/Testing\meningioma\meningioma_TT_0884.jpg,meningioma,pituitary,0.5183,meningioma,True,True,pituitary,False
archive_v2/Testing\pituitary\pituitary_TT_1075.jpg,pituitary,pituitary,0.9978,pituitary,False,False,pituitary,True
archive_v2/Testing\meningioma\meningioma_TT_2309.jpg,meningioma,meningioma,0.4984,meningioma,False,False,meningioma,True
archive_v2/Testing\glioma\Te-gl_350.jpg,glioma,notumor,0.4441,meningioma,True,True,glioma,True
archive_v2/Testing\meningioma\meningioma_TT_0062.jpg,meningioma,meningioma,0.9395,meningioma,False,False,meningioma,True
archive_v2/Testing\notumor\Te-no_318.jpg,notumor,notumor,0.9986,notumor,False,False,notumor,True
archive_v2/Testing\glioma\glioma_TT_2351.jpg,glioma,glioma,0.9986,glioma,False,False,glioma,True
archive_v2/Testing\meningioma\meningioma_TT_0478.jpg,meningioma,meningioma,0.9529,meningioma,False,False,meningioma,True
archive_v2/Testing\glioma\glioma_TT_2594.jpg,glioma,glioma,0.9845,glioma,False,False,glioma,True
archive_v2/Testing\glioma\glioma_TT_0546.jpg,glioma,glioma,0.9982,glioma,False,False,glioma,True
archive_v2/Testing\pituitary\pituitary_TT_1873.jpg,pituitary,pituitary,0.7624,pituitary,False,False,pituitary,True
archive_v2/Testing\notumor\Te-no_61.jpg,notumor,notumor,0.9986,notumor,False,False,notumor,True
archive_v2/Testing\glioma\glioma_TT_1347.jpg,glioma,glioma,0.8239,glioma,False,False,glioma,True
archive_v2/Testing\notumor\Te-no_116.jpg,notumor,notumor,0.9998,notumor,False,False,notumor,True
archive_v2/Testing\notumor\Te-no_91.jpg,notumor,notumor,1.0,notumor,False,False,notumor,True
archive_v2/Testing\pituitary\Te-pi_313.jpg,pituitary,pituitary,0.9799,pituitary,False,False,pituitary,True
archive_v2/Testing\meningioma\Te-me_75.jpg,meningioma,meningioma,0.9677,meningioma,False,False,meningioma,True
archive_v2/Testing\notumor\Te-no_393.jpg,notumor,notumor,0.9054,notumor,False,False,notumor,True
archive_v2/Testing\meningioma\Te-aug-me_74.jpg,meningioma,meningioma,0.9502,meningioma,False,False,meningioma,True
archive_v2/Testing\meningioma\meningioma_TT_0114.jpg,meningioma,meningioma,0.923,meningioma,False,False,meningioma,True
archive_v2/Testing\glioma\Te-gl_107.jpg,glioma,glioma,0.9902,glioma,False,False,glioma,True
archive_v2/Testing\meningioma\Te-me_246.jpg,meningioma,meningioma,0.9818,meningioma,False,False,meningioma,True
archive_v2/Testing\notumor\Te-no_174.jpg,notumor,notumor,0.9993,notumor,False,False,notumor,True
archive_v2/Testing\glioma\Te-gl_366.jpg,glioma,meningioma,0.6419,glioma,True,True,glioma,True
archive_v2/Testing\notumor\Te-no_95.jpg,notumor,notumor,0.9996,notumor,False,False,notumor,True
archive_v2/Testing\meningioma\meningioma_TT_2444.jpg,meningioma,meningioma,0.6657,meningioma,False,False,meningioma,True
archive_v2/Testing\glioma\glioma_TT_1874.jpg,glioma,notumor,0.4578,glioma,True,True,notumor,False
archive_v2/Testing\meningioma\meningioma_TT_2312.jpg,meningioma,meningioma,0.8143,meningioma,False,False,meningioma,True
archive_v2/Testing\meningioma\meningioma_TT_0030.jpg,meningioma,meningioma,0.8196,meningioma,False,False,meningioma,True
archive_v2/Testing\notumor\Te-no_34.jpg,notumor,notumor,0.9993,notumor,False,False,notumor,True
archive_v2/Testing\notumor\Te-no_11.jpg,notumor,notumor,0.99,notumor,False,False,notumor,True
archive_v2/Testing\meningioma\meningioma_TT_2155.jpg,meningioma,meningioma,0.8535,meningioma,False,False,meningioma,True
archive_v2/Testing\meningioma\meningioma_TT_0328.jpg,meningioma,meningioma,0.8521,notumor,False,False,meningioma,True
archive_v2/Testing\meningioma\meningioma_TT_2209.jpg,meningioma,meningioma,0.7582,meningioma,False,False,meningioma,True
archive_v2/Testing\meningioma\meningioma_TT_1392.jpg,meningioma,meningioma,0.5859,meningioma,False,False,meningioma,True
archive_v2/Testing\meningioma\meningioma_TT_1286.jpg,meningioma,meningioma,0.982,meningioma,False,False,meningioma,True
archive_v2/Testing\meningioma\Te-me_100.jpg,meningioma,meningioma,0.7633,meningioma,False,False,meningioma,True
archive_v2/Testing\pituitary\Te-pi_263.jpg,pituitary,pituitary,0.9996,pituitary,False,False,pituitary,True
archive_v2/Testing\glioma\glioma_TT_0136.jpg,glioma,glioma,0.9209,glioma,False,False,glioma,True
archive_v2/Testing\meningioma\meningioma_TT_1536.jpg,meningioma,meningioma,0.5132,pituitary,True,True,meningioma,True
archive_v2/Testing\glioma\glioma_TT_2791.jpg,glioma,glioma,0.9871,glioma,False,False,glioma,True
archive_v2/Testing\pituitary\pituitary_TT_0155.jpg,pituitary,pituitary,0.821,pituitary,False,False,pituitary,True
archive_v2/Testing\meningioma\meningioma_TT_1603.jpg,meningioma,pituitary,0.5634,meningioma,True,True,pituitary,False
archive_v2/Testing\glioma\glioma_TT_2861.jpg,glioma,glioma,0.9378,glioma,False,False,glioma,True
archive_v2/Testing\pituitary\pituitary_TT_2302.jpg,pituitary,pituitary,0.6193,pituitary,False,False,pituitary,True
archive_v2/Testing\notumor\Te-no_316.jpg,notumor,notumor,0.9969,notumor,False,False,notumor,True
archive_v2/Testing\glioma\glioma_TT_1829.jpg,glioma,glioma,0.5724,glioma,False,False,glioma,True
archive_v2/Testing\meningioma\meningioma_TT_1377.jpg,meningioma,meningioma,0.8072,meningioma,False,False,meningioma,True
archive_v2/Testing\pituitary\pituitary_TT_2161.jpg,pituitary,pituitary,0.9372,pituitary,False,False,pituitary,True
archive_v2/Testing\pituitary\pituitary_TT_1931.jpg,pituitary,pituitary,0.768,pituitary,False,False,pituitary,True
archive_v2/Testing\glioma\glioma_TT_1427.jpg,glioma,glioma,0.3796,glioma,False,False,glioma,True
archive_v2/Testing\glioma\Te-gl_181.jpg,glioma,meningioma,0.8023,glioma,False,False,meningioma,False
archive_v2/Testing\meningioma\meningioma_TT_0787.jpg,meningioma,meningioma,0.7651,meningioma,False,False,meningioma,True
archive_v2/Testing\meningioma\meningioma_TT_1865.jpg,meningioma,meningioma,0.9631,meningioma,False,False,meningioma,True
archive_v2/Testing\pituitary\pituitary_TT_1503.jpg,pituitary,pituitary,0.9685,pituitary,False,False,pituitary,True
archive_v2/Testing\meningioma\meningioma_TT_0942.jpg,meningioma,meningioma,0.8282,meningioma,False,False,meningioma,True
archive_v2/Testing\meningioma\Te-me_176.jpg,meningioma,meningioma,0.9704,meningioma,False,False,meningioma,True
archive_v2/Testing\meningioma\meningioma_TT_1973.jpg,meningioma,meningioma,0.5199,meningioma,False,False,meningioma,True
archive_v2/Testing\pituitary\Te-pi_194.jpg,pituitary,pituitary,0.9928,pituitary,False,False,pituitary,True
archive_v2/Testing\glioma\glioma_TT_1933.jpg,glioma,glioma,0.9041,glioma,False,False,glioma,True
archive_v2/Testing\glioma\Te-gl_283.jpg,glioma,meningioma,0.8612,glioma,False,False,meningioma,False
archive_v2/Testing\pituitary\pituitary_TT_2514.jpg,pituitary,pituitary,0.8949,pituitary,False,False,pituitary,True
archive_v2/Testing\meningioma\Te-me_36.jpg,meningioma,meningioma,0.9618,meningioma,False,False,meningioma,True
archive_v2/Testing\glioma\glioma_TT_0431.jpg,glioma,glioma,0.9995,glioma,False,False,glioma,True
archive_v2/Testing\meningioma\meningioma_TT_0636.jpg,meningioma,meningioma,0.5295,pituitary,True,True,meningioma,True
archive_v2/Testing\glioma\glioma_TT_2540.jpg,glioma,glioma,0.9985,glioma,False,False,glioma,True
archive_v2/Testing\meningioma\Te-me_109.jpg,meningioma,meningioma,0.9119,meningioma,False,False,meningioma,True
archive_v2/Testing\glioma\glioma_TT_1429.jpg,glioma,glioma,0.769,glioma,False,False,glioma,True
archive_v2/Testing\glioma\glioma_TT_0073.jpg,glioma,glioma,0.7374,glioma,False,False,glioma,True
archive_v2/Testing\meningioma\meningioma_TT_0684.jpg,meningioma,meningioma,0.4886,meningioma,False,False,meningioma,True
archive_v2/Testing\notumor\Te-no_204.jpg,notumor,notumor,0.999,notumor,False,False,notumor,True
archive_v2/Testing\glioma\glioma_TT_0822.jpg,glioma,glioma,0.9994,glioma,False,False,glioma,True
archive_v2/Testing\notumor\Te-no_290.jpg,notumor,notumor,0.9993,notumor,False,False,notumor,True
archive_v2/Testing\glioma\Te-gl_103.jpg,glioma,meningioma,0.801,glioma,False,False,meningioma,False
archive_v2/Testing\glioma\Te-gl_225.jpg,glioma,glioma,0.9998,glioma,False,False,glioma,True
archive_v2/Testing\glioma\glioma_TT_1987.jpg,glioma,glioma,0.9651,glioma,False,False,glioma,True
archive_v2/Testing\glioma\glioma_TT_1568.jpg,glioma,glioma,0.9117,glioma,False,False,glioma,True
archive_v2/Testing\glioma\glioma_TT_3130.jpg,glioma,pituitary,0.5056,glioma,True,True,pituitary,False
archive_v2/Testing\meningioma\Te-me_170.jpg,meningioma,meningioma,0.8676,meningioma,False,False,meningioma,True
archive_v2/Testing\pituitary\pituitary_TT_0434.jpg,pituitary,pituitary,0.5764,meningioma,True,True,pituitary,True
archive_v2/Testing\glioma\Te-gl_43.jpg,glioma,meningioma,0.4282,notumor,True,True,glioma,True
archive_v2/Testing\glioma\glioma_TT_0113.jpg,glioma,glioma,0.9871,glioma,False,False,glioma,True
archive_v2/Testing\notumor\Te-no_185.jpg,notumor,notumor,0.9985,notumor,False,False,notumor,True
archive_v2/Testing\pituitary\pituitary_TT_0880.jpg,pituitary,pituitary,0.8629,notumor,False,False,pituitary,True
archive_v2/Testing\glioma\Te-gl_313.jpg,glioma,glioma,0.5237,meningioma,True,True,glioma,True
archive_v2/Testing\pituitary\Te-pi_265.jpg,pituitary,pituitary,0.9998,pituitary,False,False,pituitary,True
archive_v2/Testing\glioma\Te-gl_307.jpg,glioma,glioma,0.9997,glioma,False,False,glioma,True
archive_v2/Testing\glioma\glioma_TT_3524.jpg,glioma,pituitary,0.5192,pituitary,False,False,pituitary,False
archive_v2/Testing\glioma\glioma_TT_2667.jpg,glioma,glioma,0.9959,glioma,False,False,glioma,True
archive_v2/Testing\meningioma\meningioma_TT_0544.jpg,meningioma,meningioma,0.952,meningioma,False,False,meningioma,True
archive_v2/Testing\pituitary\Te-pi_246.jpg,pituitary,pituitary,0.9989,pituitary,False,False,pituitary,True
archive_v2/Testing\meningioma\Te-me_118.jpg,meningioma,meningioma,0.9611,meningioma,False,False,meningioma,True
archive_v2/Testing\meningioma\meningioma_TT_1515.jpg,meningioma,meningioma,0.894,meningioma,False,False,meningioma,True
archive_v2/Testing\meningioma\Te-me_239.jpg,meningioma,meningioma,0.9581,meningioma,False,False,meningioma,True
archive_v2/Testing\meningioma\Te-aug-me_27.jpg,meningioma,meningioma,0.8469,meningioma,False,False,meningioma,True
archive_v2/Testing\notumor\Te-no_336.jpg,notumor,notumor,0.9992,notumor,False,False,notumor,True
archive_v2/Testing\pituitary\Te-pi_152.jpg,pituitary,pituitary,0.9921,pituitary,False,False,pituitary,True
archive_v2/Testing\meningioma\meningioma_TT_0471.jpg,meningioma,meningioma,0.7233,meningioma,False,False,meningioma,True
archive_v2/Testing\glioma\glioma_TT_0798.jpg,glioma,glioma,0.9378,glioma,False,False,glioma,True
archive_v2/Testing\notumor\Te-no_170.jpg,notumor,notumor,0.9996,notumor,False,False,notumor,True
archive_v2/Testing\pituitary\pituitary_TT_2540.jpg,pituitary,pituitary,0.9183,pituitary,False,False,pituitary,True
archive_v2/Testing\notumor\Te-no_394.jpg,notumor,notumor,0.9999,notumor,False,False,notumor,True
archive_v2/Testing\glioma\glioma_TT_2975.jpg,glioma,glioma,0.9947,glioma,False,False,glioma,True
archive_v2/Testing\pituitary\pituitary_TT_1810.jpg,pituitary,pituitary,0.8298,notumor,False,False,pituitary,True
archive_v2/Testing\meningioma\meningioma_TT_1432.jpg,meningioma,meningioma,0.9694,meningioma,False,False,meningioma,True
archive_v2/Testing\glioma\glioma_TT_1618.jpg,glioma,glioma,0.9837,glioma,False,False,glioma,True
archive_v2/Testing\pituitary\pituitary_TT_1994.jpg,pituitary,pituitary,0.7462,meningioma,True,True,pituitary,True
archive_v2/Testing\glioma\glioma_TT_3669.jpg,glioma,meningioma,0.7783,notumor,True,True,meningioma,False
archive_v2/Testing\pituitary\pituitary_TT_2659.jpg,pituitary,pituitary,0.9637,pituitary,False,False,pituitary,True
archive_v2/Testing\pituitary\pituitary_TT_2543.jpg,pituitary,pituitary,0.9114,pituitary,False,False,pituitary,True
archive_v2/Testing\meningioma\Te-me_61.jpg,meningioma,meningioma,0.9817,meningioma,False,False,meningioma,True
archive_v2/Testing\meningioma\Te-me_260.jpg,meningioma,meningioma,0.9965,meningioma,False,False,meningioma,True
archive_v2/Testing\glioma\glioma_TT_2109.jpg,glioma,glioma,0.9992,glioma,False,False,glioma,True
archive_v2/Testing\notumor\Te-no_149.jpg,notumor,notumor,0.8561,notumor,False,False,notumor,True
archive_v2/Testing\meningioma\Te-me_38.jpg,meningioma,meningioma,0.946,meningioma,False,False,meningioma,True
archive_v2/Testing\pituitary\pituitary_TT_2867.jpg,pituitary,pituitary,0.5786,pituitary,False,False,pituitary,True
archive_v2/Testing\notumor\Te-no_224.jpg,notumor,notumor,0.8897,notumor,False,False,notumor,True
archive_v2/Testing\notumor\Te-no_129.jpg,notumor,notumor,0.9994,notumor,False,False,notumor,True
archive_v2/Testing\pituitary\Te-pi_122.jpg,pituitary,pituitary,0.9857,pituitary,False,False,pituitary,True
archive_v2/Testing\meningioma\Te-me_33.jpg,meningioma,meningioma,0.9934,meningioma,False,False,meningioma,True
archive_v2/Testing\glioma\glioma_TT_3082.jpg,glioma,glioma,0.7428,glioma,False,False,glioma,True
archive_v2/Testing\glioma\glioma_TT_3374.jpg,glioma,glioma,0.8662,glioma,False,False,glioma,True
archive_v2/Testing\pituitary\pituitary_TT_0270.jpg,pituitary,meningioma,0.6926,notumor,True,True,meningioma,False
archive_v2/Testing\pituitary\pituitary_TT_2631.jpg,pituitary,pituitary,0.9589,pituitary,False,False,pituitary,True
archive_v2/Testing\glioma\glioma_TT_0325.jpg,glioma,glioma,0.9848,glioma,False,False,glioma,True
archive_v2/Testing\pituitary\Te-pi_13.jpg,pituitary,pituitary,0.9877,pituitary,False,False,pituitary,True
archive_v2/Testing\pituitary\pituitary_TT_2261.jpg,pituitary,pituitary,0.4316,pituitary,False,False,pituitary,True
archive_v2/Testing\glioma\glioma_TT_0538.jpg,glioma,glioma,0.9994,glioma,False,False,glioma,True
archive_v2/Testing\pituitary\pituitary_TT_0722.jpg,pituitary,pituitary,0.9838,pituitary,False,False,pituitary,True
archive_v2/Testing\notumor\Te-no_236.jpg,notumor,notumor,0.9999,notumor,False,False,notumor,True
archive_v2/Testing\glioma\glioma_TT_3767.jpg,glioma,pituitary,0.6495,glioma,True,True,pituitary,False
archive_v2/Testing\meningioma\meningioma_TT_1445.jpg,meningioma,meningioma,0.7886,meningioma,False,False,meningioma,True
archive_v2/Testing\glioma\glioma_TT_1591.jpg,glioma,glioma,0.9619,glioma,False,False,glioma,True
archive_v2/Testing\meningioma\meningioma_TT_1415.jpg,meningioma,meningioma,0.9273,meningioma,False,False,meningioma,True
archive_v2/Testing\pituitary\pituitary_TT_1967.jpg,pituitary,pituitary,0.5024,glioma,True,True,pituitary,True
archive_v2/Testing\meningioma\Te-me_275.jpg,meningioma,meningioma,0.8215,meningioma,False,False,meningioma,True
archive_v2/Testing\meningioma\meningioma_TT_0554.jpg,meningioma,meningioma,0.8866,meningioma,False,False,meningioma,True
archive_v2/Testing\pituitary\Te-pi_37.jpg,pituitary,pituitary,0.9936,pituitary,False,False,pituitary,True
archive_v2/Testing\meningioma\meningioma_TT_1330.jpg,meningioma,meningioma,0.9935,meningioma,False,False,meningioma,True
archive_v2/Testing\pituitary\pituitary_TT_0775.jpg,pituitary,pituitary,0.9862,pituitary,False,False,pituitary,True
archive_v2/Testing\meningioma\Te-aug-me_75.jpg,meningioma,meningioma,0.8636,meningioma,False,False,meningioma,True
archive_v2/Testing\pituitary\Te-pi_249.jpg,pituitary,pituitary,0.9514,pituitary,False,False,pituitary,True
archive_v2/Testing\notumor\Te-no_105.jpg,notumor,notumor,0.996,notumor,False,False,notumor,True
archive_v2/Testing\glioma\glioma_TT_2909.jpg,glioma,glioma,0.9814,glioma,False,False,glioma,True
archive_v2/Testing\glioma\glioma_TT_3201.jpg,glioma,glioma,0.6685,glioma,False,False,glioma,True
archive_v2/Testing\pituitary\Te-pi_397.jpg,pituitary,pituitary,0.9931,pituitary,False,False,pituitary,True
archive_v2/Testing\meningioma\meningioma_TT_2445.jpg,meningioma,meningioma,0.6843,meningioma,False,False,meningioma,True
archive_v2/Testing\glioma\glioma_TT_2270.jpg,glioma,glioma,0.9986,glioma,False,False,glioma,True
archive_v2/Testing\glioma\Te-gl_379.jpg,glioma,glioma,0.9457,glioma,False,False,glioma,True
archive_v2/Testing\notumor\Te-no_199.jpg,notumor,notumor,0.9996,notumor,False,False,notumor,True
archive_v2/Testing\glioma\glioma_TT_1257.jpg,glioma,glioma,0.698,glioma,False,False,glioma,True
archive_v2/Testing\pituitary\pituitary_TT_0786.jpg,pituitary,pituitary,0.9762,pituitary,False,False,pituitary,True
archive_v2/Testing\notumor\Te-no_269.jpg,notumor,notumor,1.0,notumor,False,False,notumor,True
archive_v2/Testing\glioma\Te-gl_90.jpg,glioma,glioma,0.9979,glioma,False,False,glioma,True
archive_v2/Testing\glioma\Te-gl_301.jpg,glioma,glioma,0.9943,glioma,False,False,glioma,True
archive_v2/Testing\notumor\Te-no_121.jpg,notumor,glioma,0.4464,notumor,True,True,glioma,False
archive_v2/Testing\glioma\glioma_TT_0479.jpg,glioma,glioma,0.9679,glioma,False,False,glioma,True
archive_v2/Testing\meningioma\meningioma_TT_1103.jpg,meningioma,meningioma,0.5214,meningioma,False,False,meningioma,True
archive_v2/Testing\meningioma\meningioma_TT_1496.jpg,meningioma,meningioma,0.9539,meningioma,False,False,meningioma,True
archive_v2/Testing\meningioma\meningioma_TT_0634.jpg,meningioma,meningioma,0.7113,meningioma,False,False,meningioma,True
archive_v2/Testing\glioma\Te-gl_53.jpg,glioma,meningioma,0.5966,glioma,True,True,glioma,True
archive_v2/Testing\glioma\glioma_TT_2984.jpg,glioma,glioma,0.9244,glioma,False,False,glioma,True
archive_v2/Testing\pituitary\Te-pi_149.jpg,pituitary,pituitary,0.9799,pituitary,False,False,pituitary,True
archive_v2/Testing\glioma\glioma_TT_0352.jpg,glioma,glioma,0.9812,glioma,False,False,glioma,True
archive_v2/Testing\glioma\glioma_TT_0731.jpg,glioma,glioma,1.0,glioma,False,False,glioma,True
archive_v2/Testing\meningioma\meningioma_TT_2332.jpg,meningioma,pituitary,0.5053,meningioma,True,True,meningioma,True
archive_v2/Testing\meningioma\Te-me_77.jpg,meningioma,meningioma,0.9826,meningioma,False,False,meningioma,True
archive_v2/Testing\pituitary\pituitary_TT_2440.jpg,pituitary,pituitary,0.7466,notumor,True,True,pituitary,True
archive_v2/Testing\notumor\Te-no_248.jpg,notumor,notumor,0.9859,notumor,False,False,notumor,True
archive_v2/Testing\glioma\Te-gl_300.jpg,glioma,glioma,0.8228,glioma,False,False,glioma,True
archive_v2/Testing\glioma\glioma_TT_1465.jpg,glioma,glioma,0.7499,glioma,False,False,glioma,True
archive_v2/Testing\glioma\glioma_TT_1825.jpg,glioma,meningioma,0.4031,glioma,True,True,glioma,True
archive_v2/Testing\glioma\Te-gl_13.jpg,glioma,glioma,0.9957,glioma,False,False,glioma,True
archive_v2/Testing\glioma\glioma_TT_2945.jpg,glioma,glioma,0.571,glioma,False,False,glioma,True
archive_v2/Testing\glioma\glioma_TT_1112.jpg,glioma,glioma,0.6111,pituitary,True,True,pituitary,False
archive_v2/Testing\pituitary\pituitary_TT_2895.jpg,pituitary,pituitary,0.7537,meningioma,True,True,pituitary,True
archive_v2/Testing\pituitary\pituitary_TT_0881.jpg,pituitary,pituitary,0.9134,pituitary,False,False,pituitary,True
archive_v2/Testing\pituitary\pituitary_TT_0099.jpg,pituitary,pituitary,0.8528,pituitary,False,False,pituitary,True
archive_v2/Testing\notumor\Te-no_87.jpg,notumor,notumor,0.9997,notumor,False,False,notumor,True
archive_v2/Testing\glioma\glioma_TT_1521.jpg,glioma,glioma,0.997,glioma,False,False,glioma,True
archive_v2/Testing\glioma\glioma_TT_1108.jpg,glioma,meningioma,0.7029,notumor,True,True,meningioma,False
archive_v2/Testing\glioma\glioma_TT_2090.jpg,glioma,glioma,0.9996,glioma,False,False,glioma,True
archive_v2/Testing\meningioma\meningioma_TT_2411.jpg,meningioma,meningioma,0.6714,meningioma,False,False,meningioma,True
archive_v2/Testing\meningioma\Te-me_66.jpg,meningioma,meningioma,0.9124,meningioma,False,False,meningioma,True
archive_v2/Testing\meningioma\meningioma_TT_0036.jpg,meningioma,meningioma,0.8733,meningioma,False,False,meningioma,True
archive_v2/Testing\pituitary\pituitary_TT_0044.jpg,pituitary,pituitary,0.9496,pituitary,False,False,pituitary,True
archive_v2/Testing\meningioma\Te-me_232.jpg,meningioma,meningioma,0.8384,meningioma,False,False,meningioma,True
archive_v2/Testing\glioma\Te-gl_374.jpg,glioma,glioma,0.9848,glioma,False,False,glioma,True
archive_v2/Testing\meningioma\meningioma_TT_2403.jpg,meningioma,meningioma,0.5155,meningioma,False,False,meningioma,True
archive_v2/Testing\meningioma\meningioma_TT_1192.jpg,meningioma,meningioma,0.4611,meningioma,False,False,meningioma,True
archive_v2/Testing\glioma\glioma_TT_2927.jpg,glioma,glioma,0.9873,glioma,False,False,glioma,True
archive_v2/Testing\pituitary\pituitary_TT_0851.jpg,pituitary,pituitary,0.9517,notumor,False,False,pituitary,True
archive_v2/Testing\pituitary\Te-pi_124.jpg,pituitary,pituitary,0.9996,pituitary,False,False,pituitary,True
archive_v2/Testing\pituitary\Te-pi_296.jpg,pituitary,pituitary,0.9926,pituitary,False,False,pituitary,True
archive_v2/Testing\glioma\glioma_TT_3760.jpg,glioma,glioma,0.6389,glioma,False,False,glioma,True
archive_v2/Testing\glioma\Te-gl_173.jpg,glioma,glioma,0.9983,glioma,False,False,glioma,True
archive_v2/Testing\pituitary\Te-pi_391.jpg,pituitary,pituitary,0.9919,pituitary,False,False,pituitary,True
archive_v2/Testing\pituitary\pituitary_TT_0845.jpg,pituitary,pituitary,0.6701,pituitary,False,False,pituitary,True
archive_v2/Testing\glioma\glioma_TT_3250.jpg,glioma,glioma,0.7941,glioma,False,False,glioma,True
archive_v2/Testing\glioma\glioma_TT_0036.jpg,glioma,glioma,0.7661,glioma,False,False,glioma,True
archive_v2/Testing\glioma\Te-gl_365.jpg,glioma,glioma,0.841,glioma,False,False,glioma,True
archive_v2/Testing\glioma\glioma_TT_1807.jpg,glioma,glioma,0.8185,notumor,False,False,glioma,True
archive_v2/Testing\meningioma\Te-me_214.jpg,meningioma,meningioma,0.9652,meningioma,False,False,meningioma,True
archive_v2/Testing\pituitary\Te-pi_264.jpg,pituitary,pituitary,0.9855,pituitary,False,False,pituitary,True
archive_v2/Testing\glioma\glioma_TT_2096.jpg,glioma,glioma,0.9996,glioma,False,False,glioma,True
archive_v2/Testing\meningioma\Te-aug-me_16.jpg,meningioma,glioma,0.9355,meningioma,False,False,glioma,False
archive_v2/Testing\pituitary\Te-pi_354.jpg,pituitary,pituitary,0.9994,pituitary,False,False,pituitary,True
archive_v2/Testing\glioma\Te-gl_318.jpg,glioma,notumor,0.9937,meningioma,True,True,notumor,False
archive_v2/Testing\notumor\Te-no_178.jpg,notumor,notumor,0.9998,notumor,False,False,notumor,True
archive_v2/Testing\pituitary\Te-pi_165.jpg,pituitary,pituitary,0.9988,pituitary,False,False,pituitary,True
archive_v2/Testing\pituitary\Te-pi_94.jpg,pituitary,pituitary,0.9321,pituitary,False,False,pituitary,True
archive_v2/Testing\glioma\glioma_TT_3235.jpg,glioma,glioma,0.8034,glioma,False,False,glioma,True
archive_v2/Testing\pituitary\Te-pi_185.jpg,pituitary,pituitary,0.9939,pituitary,False,False,pituitary,True
archive_v2/Testing\notumor\Te-no_392.jpg,notumor,notumor,0.9998,notumor,False,False,notumor,True
archive_v2/Testing\glioma\glioma_TT_0977.jpg,glioma,glioma,0.9862,glioma,False,False,glioma,True
archive_v2/Testing\pituitary\pituitary_TT_0663.jpg,pituitary,pituitary,0.9508,pituitary,False,False,pituitary,True
archive_v2/Testing\pituitary\pituitary_TT_2342.jpg,pituitary,meningioma,0.4916,notumor,True,True,meningioma,False
archive_v2/Testing\notumor\Te-no_172.jpg,notumor,notumor,0.9991,notumor,False,False,notumor,True
archive_v2/Testing\glioma\Te-gl_193.jpg,glioma,glioma,0.8571,glioma,False,False,glioma,True
archive_v2/Testing\pituitary\pituitary_TT_2160.jpg,pituitary,pituitary,0.839,pituitary,False,False,pituitary,True
archive_v2/Testing\glioma\Te-gl_182.jpg,glioma,glioma,0.6911,glioma,False,False,glioma,True
archive_v2/Testing\meningioma\Te-aug-me_25.jpg,meningioma,meningioma,0.9723,meningioma,False,False,meningioma,True
archive_v2/Testing\glioma\glioma_TT_2161.jpg,glioma,glioma,0.9779,glioma,False,False,glioma,True
archive_v2/Testing\glioma\glioma_TT_1808.jpg,glioma,glioma,0.9344,notumor,False,False,glioma,True
archive_v2/Testing\notumor\Te-no_211.jpg,notumor,notumor,0.9992,notumor,False,False,notumor,True
archive_v2/Testing\glioma\Te-gl_346.jpg,glioma,glioma,0.9048,glioma,False,False,glioma,True
archive_v2/Testing\glioma\glioma_TT_2412.jpg,glioma,glioma,0.9975,glioma,False,False,glioma,True
archive_v2/Testing\glioma\Te-gl_298.jpg,glioma,glioma,0.8705,pituitary,False,False,glioma,True
archive_v2/Testing\glioma\Te-gl_113.jpg,glioma,glioma,0.9181,glioma,False,False,glioma,True
archive_v2/Testing\pituitary\Te-pi_229.jpg,pituitary,pituitary,0.9997,pituitary,False,False,pituitary,True
archive_v2/Testing\meningioma\Te-me_225.jpg,meningioma,meningioma,0.769,meningioma,False,False,meningioma,True
archive_v2/Testing\pituitary\pituitary_TT_0990.jpg,pituitary,pituitary,0.6745,notumor,True,True,meningioma,False
archive_v2/Testing\glioma\glioma_TT_3146.jpg,glioma,glioma,0.8398,glioma,False,False,glioma,True
archive_v2/Testing\notumor\Te-no_20.jpg,notumor,notumor,0.9976,notumor,False,False,notumor,True
archive_v2/Testing\pituitary\pituitary_TT_0151.jpg,pituitary,pituitary,0.9578,pituitary,False,False,pituitary,True
archive_v2/Testing\glioma\Te-gl_189.jpg,glioma,meningioma,0.5305,meningioma,False,False,meningioma,False
archive_v2/Testing\pituitary\pituitary_TT_0627.jpg,pituitary,pituitary,0.9469,pituitary,False,False,pituitary,True
archive_v2/Testing\meningioma\meningioma_TT_1872.jpg,meningioma,meningioma,0.9794,meningioma,False,False,meningioma,True
archive_v2/Testing\meningioma\Te-me_26.jpg,meningioma,meningioma,0.8765,meningioma,False,False,meningioma,True
archive_v2/Testing\meningioma\Te-me_32.jpg,meningioma,meningioma,0.9443,meningioma,False,False,meningioma,True
archive_v2/Testing\glioma\glioma_TT_3239.jpg,glioma,glioma,0.8466,glioma,False,False,glioma,True
archive_v2/Testing\glioma\glioma_TT_2092.jpg,glioma,glioma,0.9998,glioma,False,False,glioma,True
archive_v2/Testing\meningioma\meningioma_TT_0823.jpg,meningioma,meningioma,0.904,meningioma,False,False,meningioma,True
archive_v2/Testing\pituitary\pituitary_TT_2098.jpg,pituitary,pituitary,0.9637,pituitary,False,False,pituitary,True
archive_v2/Testing\pituitary\pituitary_TT_0731.jpg,pituitary,pituitary,0.9697,pituitary,False,False,pituitary,True
archive_v2/Testing\meningioma\meningioma_TT_1587.jpg,meningioma,meningioma,0.6467,meningioma,False,False,meningioma,True
archive_v2/Testing\glioma\glioma_TT_3175.jpg,glioma,glioma,0.8678,glioma,False,False,glioma,True
archive_v2/Testing\notumor\Te-no_319.jpg,notumor,notumor,0.9997,notumor,False,False,notumor,True
archive_v2/Testing\meningioma\Te-aug-me_26.jpg,meningioma,meningioma,0.9848,meningioma,False,False,meningioma,True
archive_v2/Testing\pituitary\Te-pi_393.jpg,pituitary,pituitary,0.7534,pituitary,False,False,pituitary,True
archive_v2/Testing\pituitary\pituitary_TT_2542.jpg,pituitary,pituitary,0.9615,pituitary,False,False,pituitary,True
archive_v2/Testing\glioma\Te-gl_89.jpg,glioma,glioma,0.9607,notumor,False,False,glioma,True
archive_v2/Testing\meningioma\Te-aug-me_31.jpg,meningioma,meningioma,0.9831,meningioma,False,False,meningioma,True
archive_v2/Testing\pituitary\Te-pi_270.jpg,pituitary,pituitary,0.9993,pituitary,False,False,pituitary,True
archive_v2/Testing\meningioma\meningioma_TT_1601.jpg,meningioma,meningioma,0.5643,meningioma,False,False,meningioma,True
archive_v2/Testing\glioma\glioma_TT_0553.jpg,glioma,glioma,0.9995,glioma,False,False,glioma,True
archive_v2/Testing\glioma\glioma_TT_2317.jpg,glioma,glioma,0.9983,glioma,False,False,glioma,True
archive_v2/Testing\glioma\glioma_TT_1975.jpg,glioma,glioma,0.9903,glioma,False,False,glioma,True
archive_v2/Testing\meningioma\Te-me_124.jpg,meningioma,meningioma,0.6183,meningioma,False,False,meningioma,True
archive_v2/Testing\glioma\Te-gl_192.jpg,glioma,glioma,0.9617,glioma,False,False,glioma,True
archive_v2/Testing\glioma\Te-gl_278.jpg,glioma,glioma,0.79,notumor,True,True,pituitary,False
archive_v2/Testing\glioma\Te-gl_359.jpg,glioma,glioma,0.9993,glioma,False,False,glioma,True
archive_v2/Testing\meningioma\meningioma_TT_0662.jpg,meningioma,meningioma,0.6022,meningioma,False,False,meningioma,True
archive_v2/Testing\meningioma\Te-me_84.jpg,meningioma,meningioma,0.9686,meningioma,False,False,meningioma,True
archive_v2/Testing\meningioma\meningioma_TT_1983.jpg,meningioma,meningioma,0.583,meningioma,False,False,meningioma,True
archive_v2/Testing\pituitary\pituitary_TT_2187.jpg,pituitary,pituitary,0.9027,pituitary,False,False,pituitary,True
archive_v2/Testing\glioma\glioma_TT_2846.jpg,glioma,glioma,0.8901,glioma,False,False,glioma,True
archive_v2/Testing\meningioma\Te-me_291.jpg,meningioma,meningioma,0.7945,meningioma,False,False,meningioma,True
archive_v2/Testing\meningioma\Te-aug-me_89.jpg,meningioma,meningioma,0.9295,meningioma,False,False,meningioma,True
archive_v2/Testing\glioma\Te-gl_295.jpg,glioma,glioma,0.5698,glioma,False,False,glioma,True
archive_v2/Testing\meningioma\Te-me_144.jpg,meningioma,meningioma,0.8575,meningioma,False,False,meningioma,True
archive_v2/Testing\glioma\glioma_TT_3324.jpg,glioma,glioma,0.9087,glioma,False,False,glioma,True
archive_v2/Testing\pituitary\Te-pi_171.jpg,pituitary,pituitary,0.9938,pituitary,False,False,pituitary,True
archive_v2/Testing\pituitary\Te-pi_136.jpg,pituitary,pituitary,0.9997,pituitary,False,False,pituitary,True
archive_v2/Testing\pituitary\Te-pi_286.jpg,pituitary,pituitary,0.9983,pituitary,False,False,pituitary,True
archive_v2/Testing\glioma\glioma_TT_1608.jpg,glioma,glioma,0.9876,glioma,False,False,glioma,True
archive_v2/Testing\pituitary\pituitary_TT_2700.jpg,pituitary,meningioma,0.5722,pituitary,True,True,meningioma,False
archive_v2/Testing\glioma\glioma_TT_1244.jpg,glioma,glioma,0.8624,glioma,False,False,glioma,True
archive_v2/Testing\meningioma\Te-me_29.jpg,meningioma,meningioma,0.917,meningioma,False,False,meningioma,True
archive_v2/Testing\pituitary\pituitary_TT_2609.jpg,pituitary,pituitary,0.7053,pituitary,False,False,pituitary,True
archive_v2/Testing\pituitary\Te-pi_258.jpg,pituitary,pituitary,0.995,pituitary,False,False,pituitary,True
archive_v2/Testing\notumor\Te-no_228.jpg,notumor,notumor,0.9877,notumor,False,False,notumor,True
archive_v2/Testing\glioma\glioma_TT_3029.jpg,glioma,glioma,0.8274,glioma,False,False,glioma,True
archive_v2/Testing\pituitary\Te-pi_11.jpg,pituitary,pituitary,0.999,pituitary,False,False,pituitary,True
archive_v2/Testing\meningioma\Te-me_216.jpg,meningioma,meningioma,0.9299,meningioma,False,False,meningioma,True
archive_v2/Testing\pituitary\pituitary_TT_0595.jpg,pituitary,pituitary,0.9082,pituitary,False,False,pituitary,True
archive_v2/Testing\notumor\Te-no_311.jpg,notumor,notumor,0.999,notumor,False,False,notumor,True
archive_v2/Testing\glioma\Te-gl_233.jpg,glioma,glioma,0.9998,glioma,False,False,glioma,True
archive_v2/Testing\glioma\glioma_TT_2673.jpg,glioma,glioma,0.9542,glioma,False,False,glioma,True
archive_v2/Testing\glioma\glioma_TT_1080.jpg,glioma,glioma,0.8468,glioma,False,False,glioma,True
archive_v2/Testing\meningioma\Te-me_180.jpg,meningioma,meningioma,0.9537,meningioma,False,False,meningioma,True
archive_v2/Testing\glioma\glioma_TT_0528.jpg,glioma,glioma,0.997,glioma,False,False,glioma,True
archive_v2/Testing\glioma\glioma_TT_3024.jpg,glioma,glioma,0.8173,glioma,False,False,glioma,True
archive_v2/Testing\glioma\glioma_TT_1145.jpg,glioma,meningioma,0.4058,glioma,True,True,meningioma,False
archive_v2/Testing\glioma\glioma_TT_0994.jpg,glioma,glioma,0.9626,glioma,False,False,glioma,True
archive_v2/Testing\meningioma\meningioma_TT_2200.jpg,meningioma,meningioma,0.8071,meningioma,False,False,meningioma,True
archive_v2/Testing\glioma\glioma_TT_3165.jpg,glioma,meningioma,0.6674,glioma,True,True,meningioma,False
archive_v2/Testing\meningioma\meningioma_TT_1896.jpg,meningioma,meningioma,0.9797,meningioma,False,False,meningioma,True
archive_v2/Testing\meningioma\meningioma_TT_0501.jpg,meningioma,meningioma,0.5564,meningioma,False,False,meningioma,True
archive_v2/Testing\glioma\glioma_TT_3869.jpg,glioma,glioma,0.8635,meningioma,False,False,glioma,True
archive_v2/Testing\glioma\glioma_TT_0146.jpg,glioma,glioma,0.9293,glioma,False,False,glioma,True
archive_v2/Testing\pituitary\pituitary_TT_0836.jpg,pituitary,pituitary,0.612,pituitary,False,False,pituitary,True
archive_v2/Testing\meningioma\Te-aug-me_103.jpg,meningioma,meningioma,0.9768,meningioma,False,False,meningioma,True
archive_v2/Testing\meningioma\meningioma_TT_1577.jpg,meningioma,meningioma,0.8818,meningioma,False,False,meningioma,True
archive_v2/Testing\pituitary\Te-pi_232.jpg,pituitary,pituitary,0.9998,pituitary,False,False,pituitary,True
archive_v2/Testing\glioma\Te-gl_151.jpg,glioma,glioma,0.8139,glioma,False,False,glioma,True
archive_v2/Testing\pituitary\pituitary_TT_0665.jpg,pituitary,pituitary,0.9657,pituitary,False,False,pituitary,True
archive_v2/Testing\pituitary\Te-pi_138.jpg,pituitary,pituitary,0.9997,pituitary,False,False,pituitary,True
archive_v2/Testing\glioma\glioma_TT_1539.jpg,glioma,glioma,0.9394,glioma,False,False,glioma,True
archive_v2/Testing\pituitary\Te-pi_65.jpg,pituitary,pituitary,0.9995,pituitary,False,False,pituitary,True
archive_v2/Testing\meningioma\meningioma_TT_0176.jpg,meningioma,meningioma,0.5715,pituitary,True,True,meningioma,True
archive_v2/Testing\meningioma\Te-aug-me_18.jpg,meningioma,meningioma,0.9863,meningioma,False,False,meningioma,True
archive_v2/Testing\meningioma\Te-aug-me_39.jpg,meningioma,meningioma,0.9972,meningioma,False,False,meningioma,True
archive_v2/Testing\glioma\Te-gl_5.jpg,glioma,glioma,0.9984,glioma,False,False,glioma,True
archive_v2/Testing\meningioma\Te-aug-me_85.jpg,meningioma,meningioma,0.9317,meningioma,False,False,meningioma,True
archive_v2/Testing\meningioma\meningioma_TT_0361.jpg,meningioma,meningioma,0.8956,meningioma,False,False,meningioma,True
archive_v2/Testing\pituitary\pituitary_TT_0371.jpg,pituitary,meningioma,0.4059,pituitary,True,True,meningioma,False
archive_v2/Testing\meningioma\meningioma_TT_2439.jpg,meningioma,meningioma,0.5346,meningioma,False,False,meningioma,True
archive_v2/Testing\pituitary\pituitary_TT_1703.jpg,pituitary,pituitary,0.9446,pituitary,False,False,pituitary,True
archive_v2/Testing\meningioma\Te-me_185.jpg,meningioma,meningioma,0.9083,meningioma,False,False,meningioma,True
archive_v2/Testing\glioma\glioma_TT_3696.jpg,glioma,glioma,0.8324,glioma,False,False,glioma,True
archive_v2/Testing\glioma\glioma_TT_0020.jpg,glioma,meningioma,0.6711,notumor,True,True,meningioma,False
archive_v2/Testing\glioma\glioma_TT_0568.jpg,glioma,glioma,0.9983,glioma,False,False,glioma,True
archive_v2/Testing\meningioma\Te-me_206.jpg,meningioma,meningioma,0.8312,meningioma,False,False,meningioma,True
archive_v2/Testing\pituitary\pituitary_TT_1401.jpg,pituitary,pituitary,0.6635,pituitary,False,False,pituitary,True
archive_v2/Testing\glioma\glioma_TT_3361.jpg,glioma,glioma,0.8862,glioma,False,False,glioma,True
archive_v2/Testing\glioma\glioma_TT_1613.jpg,glioma,glioma,0.9735,glioma,False,False,glioma,True
archive_v2/Testing\glioma\glioma_TT_0326.jpg,glioma,glioma,0.9817,glioma,False,False,glioma,True
archive_v2/Testing\glioma\glioma_TT_1370.jpg,glioma,glioma,0.8554,glioma,False,False,glioma,True
archive_v2/Testing\pituitary\pituitary_TT_0106.jpg,pituitary,pituitary,0.9595,pituitary,False,False,pituitary,True
archive_v2/Testing\glioma\Te-gl_42.jpg,glioma,glioma,0.9928,glioma,False,False,glioma,True
archive_v2/Testing\glioma\glioma_TT_1157.jpg,glioma,pituitary,0.4735,glioma,True,True,pituitary,False
archive_v2/Testing\meningioma\meningioma_TT_1045.jpg,meningioma,meningioma,0.4996,meningioma,False,False,meningioma,True
archive_v2/Testing\pituitary\pituitary_TT_0220.jpg,pituitary,meningioma,0.8098,pituitary,False,False,meningioma,False
archive_v2/Testing\notumor\Te-no_328.jpg,notumor,notumor,0.9969,notumor,False,False,notumor,True
archive_v2/Testing\pituitary\pituitary_TT_0198.jpg,pituitary,pituitary,0.7333,pituitary,False,False,pituitary,True
archive_v2/Testing\meningioma\meningioma_TT_0022.jpg,meningioma,meningioma,0.8767,meningioma,False,False,meningioma,True
archive_v2/Testing\pituitary\Te-pi_17.jpg,pituitary,pituitary,0.9984,pituitary,False,False,pituitary,True
archive_v2/Testing\meningioma\meningioma_TT_0445.jpg,meningioma,meningioma,0.9052,meningioma,False,False,meningioma,True
archive_v2/Testing\pituitary\pituitary_TT_2179.jpg,pituitary,pituitary,0.9466,pituitary,False,False,pituitary,True
archive_v2/Testing\meningioma\Te-aug-me_30.jpg,meningioma,meningioma,0.9226,meningioma,False,False,meningioma,True
archive_v2/Testing\meningioma\Te-me_108.jpg,meningioma,glioma,0.5677,meningioma,True,True,meningioma,True
archive_v2/Testing\pituitary\pituitary_TT_1607.jpg,pituitary,pituitary,0.9186,pituitary,False,False,pituitary,True
archive_v2/Testing\glioma\glioma_TT_1604.jpg,glioma,glioma,0.9807,glioma,False,False,glioma,True
archive_v2/Testing\glioma\glioma_TT_3354.jpg,glioma,glioma,0.8474,glioma,False,False,glioma,True
archive_v2/Testing\notumor\Te-no_136.jpg,notumor,notumor,1.0,notumor,False,False,notumor,True
archive_v2/Testing\meningioma\Te-me_162.jpg,meningioma,meningioma,0.8797,meningioma,False,False,meningioma,True
archive_v2/Testing\pituitary\pituitary_TT_1680.jpg,pituitary,pituitary,0.9434,pituitary,False,False,pituitary,True
archive_v2/Testing\glioma\glioma_TT_1303.jpg,glioma,glioma,0.8614,glioma,False,False,glioma,True
archive_v2/Testing\glioma\Te-gl_33.jpg,glioma,glioma,0.9994,glioma,False,False,glioma,True
archive_v2/Testing\meningioma\meningioma_TT_0406.jpg,meningioma,meningioma,0.9283,meningioma,False,False,meningioma,True
archive_v2/Testing\pituitary\pituitary_TT_0493.jpg,pituitary,pituitary,0.9229,pituitary,False,False,pituitary,True
archive_v2/Testing\glioma\glioma_TT_2227.jpg,glioma,glioma,0.9999,glioma,False,False,glioma,True
archive_v2/Testing\meningioma\meningioma_TT_0126.jpg,meningioma,meningioma,0.9754,meningioma,False,False,meningioma,True
archive_v2/Testing\pituitary\pituitary_TT_2249.jpg,pituitary,pituitary,0.6353,pituitary,False,False,pituitary,True
archive_v2/Testing\notumor\Te-no_252.jpg,notumor,notumor,0.9997,notumor,False,False,notumor,True
archive_v2/Testing\pituitary\Te-pi_305.jpg,pituitary,pituitary,0.9989,pituitary,False,False,pituitary,True
archive_v2/Testing\notumor\Te-no_304.jpg,notumor,notumor,0.9999,notumor,False,False,notumor,True
archive_v2/Testing\meningioma\meningioma_TT_0538.jpg,meningioma,meningioma,0.9084,meningioma,False,False,meningioma,True
archive_v2/Testing\glioma\Te-gl_258.jpg,glioma,glioma,0.9931,glioma,False,False,glioma,True
archive_v2/Testing\pituitary\pituitary_TT_1375.jpg,pituitary,pituitary,0.5738,meningioma,True,True,pituitary,True
archive_v2/Testing\glioma\Te-gl_338.jpg,glioma,glioma,0.7409,glioma,False,False,glioma,True
archive_v2/Testing\glioma\glioma_TT_3699.jpg,glioma,glioma,0.8677,glioma,False,False,glioma,True
archive_v2/Testing\notumor\Te-no_187.jpg,notumor,notumor,0.9997,notumor,False,False,notumor,True
archive_v2/Testing\meningioma\meningioma_TT_0860.jpg,meningioma,meningioma,0.9495,meningioma,False,False,meningioma,True
archive_v2/Testing\notumor\Te-no_23.jpg,notumor,notumor,1.0,notumor,False,False,notumor,True
archive_v2/Testing\notumor\Te-no_85.jpg,notumor,notumor,0.9995,notumor,False,False,notumor,True
archive_v2/Testing\glioma\glioma_TT_1750.jpg,glioma,glioma,0.5216,glioma,False,False,glioma,True
archive_v2/Testing\meningioma\meningioma_TT_2188.jpg,meningioma,meningioma,0.9328,meningioma,False,False,meningioma,True
archive_v2/Testing\pituitary\Te-pi_230.jpg,pituitary,pituitary,0.9995,pituitary,False,False,pituitary,True
archive_v2/Testing\glioma\glioma_TT_0426.jpg,glioma,glioma,0.9982,glioma,False,False,glioma,True
archive_v2/Testing\meningioma\meningioma_TT_1883.jpg,meningioma,meningioma,0.9897,meningioma,False,False,meningioma,True
archive_v2/Testing\notumor\Te-no_281.jpg,notumor,notumor,0.9999,notumor,False,False,notumor,True
archive_v2/Testing\notumor\Te-no_151.jpg,notumor,notumor,0.9131,notumor,False,False,notumor,True
archive_v2/Testing\meningioma\Te-me_68.jpg,meningioma,meningioma,0.9355,meningioma,False,False,meningioma,True
archive_v2/Testing\meningioma\meningioma_TT_0333.jpg,meningioma,meningioma,0.757,glioma,True,True,meningioma,True
archive_v2/Testing\glioma\glioma_TT_1753.jpg,glioma,meningioma,0.4665,glioma,True,True,meningioma,False
archive_v2/Testing\pituitary\pituitary_TT_2861.jpg,pituitary,meningioma,0.619,pituitary,True,True,meningioma,False
archive_v2/Testing\pituitary\Te-pi_167.jpg,pituitary,pituitary,0.819,pituitary,False,False,pituitary,True
archive_v2/Testing\glioma\glioma_TT_1114.jpg,glioma,glioma,0.5325,pituitary,True,True,glioma,True
archive_v2/Testing\glioma\glioma_TT_1005.jpg,glioma,glioma,0.9906,glioma,False,False,glioma,True
archive_v2/Testing\glioma\glioma_TT_3591.jpg,glioma,meningioma,0.5486,glioma,True,True,pituitary,False
archive_v2/Testing\pituitary\pituitary_TT_2796.jpg,pituitary,meningioma,0.4212,pituitary,True,True,meningioma,False
archive_v2/Testing\glioma\Te-gl_218.jpg,glioma,pituitary,0.5439,meningioma,True,True,glioma,True
archive_v2/Testing\pituitary\Te-pi_104.jpg,pituitary,pituitary,0.9998,pituitary,False,False,pituitary,True
archive_v2/Testing\glioma\glioma_TT_1333.jpg,glioma,glioma,0.5213,glioma,False,False,glioma,True
archive_v2/Testing\glioma\Te-gl_260.jpg,glioma,glioma,0.9997,glioma,False,False,glioma,True
archive_v2/Testing\pituitary\pituitary_TT_0324.jpg,pituitary,meningioma,0.6806,pituitary,True,True,meningioma,False
archive_v2/Testing\meningioma\meningioma_TT_0669.jpg,meningioma,meningioma,0.5994,meningioma,False,False,meningioma,True
archive_v2/Testing\meningioma\meningioma_TT_0871.jpg,meningioma,meningioma,0.9131,meningioma,False,False,meningioma,True
archive_v2/Testing\pituitary\Te-pi_311.jpg,pituitary,pituitary,0.9387,pituitary,False,False,pituitary,True
archive_v2/Testing\glioma\Te-gl_349.jpg,glioma,glioma,0.7074,glioma,False,False,glioma,True
archive_v2/Testing\glioma\Te-gl_325.jpg,glioma,glioma,0.9999,glioma,False,False,glioma,True
archive_v2/Testing\pituitary\pituitary_TT_0849.jpg,pituitary,meningioma,0.5695,pituitary,True,True,meningioma,False
archive_v2/Testing\pituitary\Te-pi_227.jpg,pituitary,pituitary,0.9935,pituitary,False,False,pituitary,True
archive_v2/Testing\glioma\glioma_TT_0918.jpg,glioma,glioma,0.9406,glioma,False,False,glioma,True
archive_v2/Testing\meningioma\Te-aug-me_76.jpg,meningioma,meningioma,0.9975,meningioma,False,False,meningioma,True
archive_v2/Testing\glioma\glioma_TT_0191.jpg,glioma,glioma,0.9861,glioma,False,False,glioma,True
archive_v2/Testing\meningioma\meningioma_TT_0115.jpg,meningioma,meningioma,0.6805,meningioma,False,False,meningioma,True
archive_v2/Testing\glioma\glioma_TT_0699.jpg,glioma,glioma,0.9996,glioma,False,False,glioma,True
archive_v2/Testing\pituitary\pituitary_TT_0165.jpg,pituitary,pituitary,0.8641,pituitary,False,False,pituitary,True
archive_v2/Testing\pituitary\pituitary_TT_1538.jpg,pituitary,pituitary,0.5542,notumor,True,True,pituitary,True
archive_v2/Testing\pituitary\Te-pi_217.jpg,pituitary,pituitary,0.996,pituitary,False,False,pituitary,True
archive_v2/Testing\meningioma\Te-me_266.jpg,meningioma,meningioma,0.7494,meningioma,False,False,meningioma,True
archive_v2/Testing\glioma\glioma_TT_3358.jpg,glioma,glioma,0.7251,glioma,False,False,glioma,True
archive_v2/Testing\pituitary\pituitary_TT_0455.jpg,pituitary,pituitary,0.6205,pituitary,False,False,pituitary,True
archive_v2/Testing\notumor\Te-no_36.jpg,notumor,notumor,0.9939,notumor,False,False,notumor,True
archive_v2/Testing\meningioma\meningioma_TT_2026.jpg,meningioma,meningioma,0.7195,pituitary,True,True,meningioma,True
archive_v2/Testing\pituitary\pituitary_TT_1054.jpg,pituitary,pituitary,0.9997,pituitary,False,False,pituitary,True
archive_v2/Testing\pituitary\pituitary_TT_2612.jpg,pituitary,pituitary,0.9214,pituitary,False,False,pituitary,True
archive_v2/Testing\pituitary\pituitary_TT_1482.jpg,pituitary,pituitary,0.8583,pituitary,False,False,pituitary,True
archive_v2/Testing\meningioma\Te-me_145.jpg,meningioma,meningioma,0.8267,meningioma,False,False,meningioma,True
archive_v2/Testing\pituitary\Te-pi_8.jpg,pituitary,pituitary,0.7922,notumor,True,True,pituitary,True
archive_v2/Testing\meningioma\Te-me_231.jpg,meningioma,meningioma,0.9175,meningioma,False,False,meningioma,True
archive_v2/Testing\pituitary\pituitary_TT_1316.jpg,pituitary,pituitary,0.8032,pituitary,False,False,pituitary,True
archive_v2/Testing\pituitary\pituitary_TT_2262.jpg,pituitary,pituitary,0.5736,pituitary,False,False,pituitary,True
archive_v2/Testing\meningioma\meningioma_TT_0072.jpg,meningioma,meningioma,0.9493,meningioma,False,False,meningioma,True
archive_v2/Testing\meningioma\meningioma_TT_2069.jpg,meningioma,meningioma,0.8637,meningioma,False,False,meningioma,True
archive_v2/Testing\notumor\Te-no_337.jpg,notumor,notumor,0.9916,notumor,False,False,notumor,True
archive_v2/Testing\meningioma\Te-me_191.jpg,meningioma,meningioma,0.5427,meningioma,False,False,meningioma,True
archive_v2/Testing\pituitary\pituitary_TT_1028.jpg,pituitary,pituitary,0.7638,pituitary,False,False,pituitary,True
archive_v2/Testing\glioma\glioma_TT_1835.jpg,glioma,pituitary,0.6284,notumor,True,True,pituitary,False
archive_v2/Testing\pituitary\pituitary_TT_1755.jpg,pituitary,pituitary,0.8941,pituitary,False,False,pituitary,True
archive_v2/Testing\glioma\Te-gl_382.jpg,glioma,glioma,0.8595,glioma,False,False,glioma,True
archive_v2/Testing\meningioma\meningioma_TT_0740.jpg,meningioma,meningioma,0.8403,meningioma,False,False,meningioma,True
archive_v2/Testing\glioma\Te-gl_159.jpg,glioma,glioma,0.7226,meningioma,True,True,glioma,True
archive_v2/Testing\glioma\glioma_TT_3832.jpg,glioma,glioma,0.9884,glioma,False,False,glioma,True
archive_v2/Testing\pituitary\Te-pi_170.jpg,pituitary,pituitary,0.9948,pituitary,False,False,pituitary,True
archive_v2/Testing\pituitary\pituitary_TT_1041.jpg,pituitary,pituitary,0.999,pituitary,False,False,pituitary,True
archive_v2/Testing\glioma\glioma_TT_1809.jpg,glioma,glioma,0.9063,notumor,False,False,glioma,True
archive_v2/Testing\meningioma\meningioma_TT_1115.jpg,meningioma,meningioma,0.5446,notumor,True,True,meningioma,True
archive_v2/Testing\meningioma\meningioma_TT_1091.jpg,meningioma,meningioma,0.6652,notumor,True,True,meningioma,True
archive_v2/Testing\notumor\Te-no_354.jpg,notumor,notumor,0.9796,notumor,False,False,notumor,True
archive_v2/Testing\notumor\Te-no_182.jpg,notumor,notumor,0.9999,notumor,False,False,notumor,True
archive_v2/Testing\glioma\Te-gl_163.jpg,glioma,glioma,0.9988,glioma,False,False,glioma,True
archive_v2/Testing\notumor\Te-no_227.jpg,notumor,notumor,0.9998,notumor,False,False,notumor,True
archive_v2/Testing\pituitary\Te-pi_128.jpg,pituitary,pituitary,0.9935,pituitary,False,False,pituitary,True
archive_v2/Testing\notumor\Te-no_80.jpg,notumor,notumor,0.9992,notumor,False,False,notumor,True
archive_v2/Testing\glioma\Te-gl_156.jpg,glioma,glioma,0.9913,glioma,False,False,glioma,True
archive_v2/Testing\glioma\Te-gl_394.jpg,glioma,meningioma,0.5544,glioma,True,True,meningioma,False
archive_v2/Testing\glioma\glioma_TT_3285.jpg,glioma,pituitary,0.6891,glioma,True,True,pituitary,False
archive_v2/Testing\pituitary\Te-pi_215.jpg,pituitary,pituitary,0.9994,pituitary,False,False,pituitary,True
archive_v2/Testing\glioma\glioma_TT_2189.jpg,glioma,glioma,0.9944,glioma,False,False,glioma,True
archive_v2/Testing\meningioma\Te-me_122.jpg,meningioma,meningioma,0.8272,meningioma,False,False,meningioma,True
archive_v2/Testing\glioma\Te-gl_237.jpg,glioma,glioma,0.8311,glioma,False,False,glioma,True
archive_v2/Testing\pituitary\Te-pi_218.jpg,pituitary,pituitary,0.999,pituitary,False,False,pituitary,True
archive_v2/Testing\pituitary\Te-pi_362.jpg,pituitary,pituitary,0.9955,pituitary,False,False,pituitary,True
archive_v2/Testing\pituitary\Te-pi_81.jpg,pituitary,pituitary,0.9988,pituitary,False,False,pituitary,True
archive_v2/Testing\glioma\glioma_TT_2465.jpg,glioma,glioma,0.8455,glioma,False,False,glioma,True
archive_v2/Testing\pituitary\pituitary_TT_1858.jpg,pituitary,pituitary,0.8306,notumor,False,False,pituitary,True
archive_v2/Testing\notumor\Te-no_155.jpg,notumor,notumor,0.9941,notumor,False,False,notumor,True
archive_v2/Testing\notumor\Te-no_92.jpg,notumor,notumor,0.6523,notumor,False,False,notumor,True
archive_v2/Testing\glioma\glioma_TT_2619.jpg,glioma,glioma,0.9989,glioma,False,False,glioma,True
archive_v2/Testing\pituitary\Te-pi_121.jpg,pituitary,pituitary,0.9723,pituitary,False,False,pituitary,True
archive_v2/Testing\meningioma\meningioma_TT_0108.jpg,meningioma,meningioma,0.9022,meningioma,False,False,meningioma,True
archive_v2/Testing\glioma\Te-gl_46.jpg,glioma,glioma,0.9185,glioma,False,False,glioma,True
archive_v2/Testing\glioma\glioma_TT_2354.jpg,glioma,glioma,0.9996,glioma,False,False,glioma,True
archive_v2/Testing\notumor\Te-no_300.jpg,notumor,notumor,1.0,notumor,False,False,notumor,True
archive_v2/Testing\pituitary\pituitary_TT_0288.jpg,pituitary,meningioma,0.4929,pituitary,True,True,meningioma,False
archive_v2/Testing\glioma\glioma_TT_1189.jpg,glioma,glioma,0.6677,notumor,True,True,glioma,True
archive_v2/Testing\meningioma\meningioma_TT_0285.jpg,meningioma,meningioma,0.4714,meningioma,False,False,meningioma,True
archive_v2/Testing\pituitary\pituitary_TT_1900.jpg,pituitary,pituitary,0.8457,pituitary,False,False,pituitary,True
archive_v2/Testing\pituitary\pituitary_TT_2621.jpg,pituitary,pituitary,0.9555,pituitary,False,False,pituitary,True
archive_v2/Testing\notumor\Te-no_77.jpg,notumor,notumor,0.926,notumor,False,False,notumor,True
archive_v2/Testing\meningioma\Te-me_91.jpg,meningioma,meningioma,0.9663,meningioma,False,False,meningioma,True
archive_v2/Testing\glioma\glioma_TT_1349.jpg,glioma,glioma,0.8564,glioma,False,False,glioma,True
archive_v2/Testing\glioma\glioma_TT_1038.jpg,glioma,glioma,0.9932,glioma,False,False,glioma,True
archive_v2/Testing\pituitary\Te-pi_33.jpg,pituitary,pituitary,0.9961,pituitary,False,False,pituitary,True
archive_v2/Testing\pituitary\pituitary_TT_2725.jpg,pituitary,pituitary,0.6026,pituitary,False,False,pituitary,True
archive_v2/Testing\notumor\Te-no_66.jpg,notumor,notumor,0.9683,notumor,False,False,notumor,True
archive_v2/Testing\pituitary\Te-pi_48.jpg,pituitary,pituitary,0.9998,pituitary,False,False,pituitary,True
archive_v2/Testing\meningioma\meningioma_TT_1215.jpg,meningioma,glioma,0.4159,meningioma,True,True,glioma,False
archive_v2/Testing\glioma\glioma_TT_2344.jpg,glioma,glioma,0.9968,glioma,False,False,glioma,True
archive_v2/Testing\glioma\Te-gl_251.jpg,glioma,glioma,0.7991,glioma,False,False,glioma,True
archive_v2/Testing\pituitary\pituitary_TT_2475.jpg,pituitary,meningioma,0.6329,meningioma,False,False,meningioma,False
archive_v2/Testing\glioma\glioma_TT_3365.jpg,glioma,glioma,0.8058,glioma,False,False,glioma,True
archive_v2/Testing\meningioma\meningioma_TT_2091.jpg,meningioma,meningioma,0.8763,meningioma,False,False,meningioma,True
archive_v2/Testing\meningioma\meningioma_TT_1505.jpg,meningioma,meningioma,0.8423,meningioma,False,False,meningioma,True
archive_v2/Testing\pituitary\Te-pi_126.jpg,pituitary,pituitary,0.9805,pituitary,False,False,pituitary,True
archive_v2/Testing\pituitary\Te-pi_62.jpg,pituitary,pituitary,0.9993,pituitary,False,False,pituitary,True
archive_v2/Testing\glioma\glioma_TT_1552.jpg,glioma,glioma,0.9309,glioma,False,False,glioma,True
archive_v2/Testing\meningioma\meningioma_TT_0508.jpg,meningioma,meningioma,0.9751,meningioma,False,False,meningioma,True
archive_v2/Testing\meningioma\meningioma_TT_0917.jpg,meningioma,meningioma,0.8972,meningioma,False,False,meningioma,True
archive_v2/Testing\glioma\glioma_TT_2143.jpg,glioma,glioma,0.9961,glioma,False,False,glioma,True
archive_v2/Testing\meningioma\meningioma_TT_1283.jpg,meningioma,meningioma,0.991,meningioma,False,False,meningioma,True
archive_v2/Testing\meningioma\meningioma_TT_0038.jpg,meningioma,meningioma,0.8713,meningioma,False,False,meningioma,True
archive_v2/Testing\glioma\Te-gl_328.jpg,glioma,glioma,0.9989,glioma,False,False,glioma,True
archive_v2/Testing\meningioma\meningioma_TT_1679.jpg,meningioma,pituitary,0.8961,meningioma,False,False,pituitary,False
archive_v2/Testing\pituitary\pituitary_TT_1891.jpg,pituitary,pituitary,0.673,meningioma,True,True,pituitary,True
archive_v2/Testing\meningioma\meningioma_TT_2224.jpg,meningioma,glioma,0.6491,notumor,True,True,glioma,False
archive_v2/Testing\meningioma\Te-me_37.jpg,meningioma,meningioma,0.6852,meningioma,False,False,meningioma,True
archive_v2/Testing\meningioma\Te-me_262.jpg,meningioma,meningioma,0.9679,meningioma,False,False,meningioma,True
archive_v2/Testing\pituitary\pituitary_TT_2263.jpg,pituitary,pituitary,0.6103,meningioma,True,True,pituitary,True
archive_v2/Testing\glioma\Te-gl_91.jpg,glioma,glioma,0.8187,glioma,False,False,glioma,True
archive_v2/Testing\notumor\Te-no_388.jpg,notumor,notumor,0.9996,notumor,False,False,notumor,True
archive_v2/Testing\glioma\Te-gl_166.jpg,glioma,glioma,0.79,notumor,True,True,pituitary,False
archive_v2/Testing\pituitary\Te-pi_155.jpg,pituitary,pituitary,0.9995,pituitary,False,False,pituitary,True
archive_v2/Testing\pituitary\pituitary_TT_0424.jpg,pituitary,pituitary,0.8122,pituitary,False,False,pituitary,True
archive_v2/Testing\pituitary\Te-pi_364.jpg,pituitary,pituitary,0.9987,pituitary,False,False,pituitary,True
archive_v2/Testing\pituitary\Te-pi_334.jpg,pituitary,pituitary,0.9971,pituitary,False,False,pituitary,True
archive_v2/Testing\pituitary\Te-pi_295.jpg,pituitary,pituitary,0.999,pituitary,False,False,pituitary,True
archive_v2/Testing\notumor\Te-no_162.jpg,notumor,notumor,0.9992,notumor,False,False,notumor,True
archive_v2/Testing\pituitary\pituitary_TT_0802.jpg,pituitary,pituitary,0.9843,pituitary,False,False,pituitary,True
archive_v2/Testing\glioma\Te-gl_176.jpg,glioma,glioma,0.9845,glioma,False,False,glioma,True
archive_v2/Testing\pituitary\pituitary_TT_2126.jpg,pituitary,pituitary,0.8998,pituitary,False,False,pituitary,True
archive_v2/Testing\meningioma\Te-me_268.jpg,meningioma,meningioma,0.9133,meningioma,False,False,meningioma,True
archive_v2/Testing\glioma\glioma_TT_0049.jpg,glioma,glioma,0.747,glioma,False,False,glioma,True
archive_v2/Testing\glioma\glioma_TT_1037.jpg,glioma,glioma,0.9948,glioma,False,False,glioma,True
archive_v2/Testing\glioma\Te-gl_167.jpg,glioma,glioma,0.6408,glioma,False,False,glioma,True
archive_v2/Testing\notumor\Te-no_59.jpg,notumor,notumor,0.9761,notumor,False,False,notumor,True
archive_v2/Testing\glioma\Te-gl_215.jpg,glioma,glioma,0.6837,glioma,False,False,glioma,True
archive_v2/Testing\pituitary\pituitary_TT_1524.jpg,pituitary,pituitary,0.6229,pituitary,False,False,pituitary,True
archive_v2/Testing\notumor\Te-no_89.jpg,notumor,notumor,0.9817,notumor,False,False,notumor,True
archive_v2/Testing\meningioma\meningioma_TT_0895.jpg,meningioma,meningioma,0.9007,meningioma,False,False,meningioma,True
archive_v2/Testing\pituitary\pituitary_TT_1113.jpg,pituitary,pituitary,0.878,notumor,False,False,pituitary,True
archive_v2/Testing\meningioma\Te-me_23.jpg,meningioma,meningioma,0.9884,meningioma,False,False,meningioma,True
archive_v2/Testing\pituitary\pituitary_TT_2474.jpg,pituitary,meningioma,0.5216,meningioma,False,False,meningioma,False
archive_v2/Testing\meningioma\Te-me_21.jpg,meningioma,meningioma,0.9749,meningioma,False,False,meningioma,True
archive_v2/Testing\glioma\Te-gl_61.jpg,glioma,glioma,0.9999,glioma,False,False,glioma,True
archive_v2/Testing\pituitary\Te-pi_242.jpg,pituitary,pituitary,0.9644,pituitary,False,False,pituitary,True
archive_v2/Testing\glioma\glioma_TT_1547.jpg,glioma,glioma,0.9497,glioma,False,False,glioma,True
archive_v2/Testing\glioma\glioma_TT_3634.jpg,glioma,glioma,0.7125,glioma,False,False,glioma,True
archive_v2/Testing\pituitary\Te-pi_237.jpg,pituitary,pituitary,0.9964,pituitary,False,False,pituitary,True
archive_v2/Testing\glioma\Te-gl_180.jpg,glioma,glioma,0.9926,glioma,False,False,glioma,True
archive_v2/Testing\glioma\Te-gl_345.jpg,glioma,glioma,0.9999,glioma,False,False,glioma,True
archive_v2/Testing\glioma\glioma_TT_1478.jpg,glioma,meningioma,0.6333,notumor,True,True,meningioma,False
archive_v2/Testing\meningioma\Te-aug-me_2.jpg,meningioma,meningioma,0.9944,meningioma,False,False,meningioma,True
archive_v2/Testing\notumor\Te-no_163.jpg,notumor,notumor,0.9994,notumor,False,False,notumor,True
archive_v2/Testing\notumor\Te-no_46.jpg,notumor,notumor,0.9999,notumor,False,False,notumor,True
archive_v2/Testing\pituitary\Te-pi_205.jpg,pituitary,pituitary,0.9997,pituitary,False,False,pituitary,True
archive_v2/Testing\glioma\glioma_TT_0456.jpg,glioma,glioma,0.998,glioma,False,False,glioma,True
archive_v2/Testing\meningioma\meningioma_TT_1661.jpg,meningioma,meningioma,0.8771,meningioma,False,False,meningioma,True
archive_v2/Testing\meningioma\Te-me_276.jpg,meningioma,meningioma,0.9735,meningioma,False,False,meningioma,True
archive_v2/Testing\pituitary\pituitary_TT_0170.jpg,pituitary,meningioma,0.6793,pituitary,True,True,meningioma,False
archive_v2/Testing\meningioma\Te-me_295.jpg,meningioma,glioma,0.7352,meningioma,True,True,meningioma,True
archive_v2/Testing\notumor\Te-no_118.jpg,notumor,notumor,0.9993,notumor,False,False,notumor,True
archive_v2/Testing\glioma\glioma_TT_1867.jpg,glioma,meningioma,0.8318,glioma,False,False,meningioma,False
archive_v2/Testing\glioma\glioma_TT_2026.jpg,glioma,glioma,0.9781,glioma,False,False,glioma,True
archive_v2/Testing\meningioma\meningioma_TT_0946.jpg,meningioma,meningioma,0.8857,meningioma,False,False,meningioma,True
archive_v2/Testing\meningioma\meningioma_TT_0129.jpg,meningioma,meningioma,0.9306,meningioma,False,False,meningioma,True
archive_v2/Testing\pituitary\Te-pi_61.jpg,pituitary,pituitary,0.9866,pituitary,False,False,pituitary,True
archive_v2/Testing\glioma\glioma_TT_2062.jpg,glioma,glioma,0.8408,notumor,False,False,glioma,True
archive_v2/Testing\pituitary\Te-pi_206.jpg,pituitary,pituitary,0.881,pituitary,False,False,pituitary,True
archive_v2/Testing\glioma\glioma_TT_3709.jpg,glioma,meningioma,0.6167,glioma,True,True,meningioma,False
archive_v2/Testing\meningioma\Te-me_273.jpg,meningioma,meningioma,0.9973,meningioma,False,False,meningioma,True
archive_v2/Testing\notumor\Te-no_296.jpg,notumor,notumor,0.9999,notumor,False,False,notumor,True
archive_v2/Testing\glioma\glioma_TT_3618.jpg,glioma,pituitary,0.8966,notumor,False,False,pituitary,False
archive_v2/Testing\glioma\glioma_TT_3451.jpg,glioma,glioma,0.9044,glioma,False,False,glioma,True
archive_v2/Testing\glioma\Te-gl_223.jpg,glioma,glioma,0.9999,glioma,False,False,glioma,True
archive_v2/Testing\glioma\glioma_TT_1740.jpg,glioma,pituitary,0.4733,glioma,True,True,glioma,True
archive_v2/Testing\pituitary\pituitary_TT_0610.jpg,pituitary,pituitary,0.9297,pituitary,False,False,pituitary,True
archive_v2/Testing\glioma\Te-gl_257.jpg,glioma,glioma,0.8275,glioma,False,False,glioma,True
archive_v2/Testing\meningioma\meningioma_TT_1455.jpg,meningioma,meningioma,0.7388,meningioma,False,False,meningioma,True
archive_v2/Testing\pituitary\pituitary_TT_2091.jpg,pituitary,pituitary,0.9554,pituitary,False,False,pituitary,True
archive_v2/Testing\pituitary\pituitary_TT_2816.jpg,pituitary,pituitary,0.7878,pituitary,False,False,pituitary,True
archive_v2/Testing\glioma\glioma_TT_2305.jpg,glioma,glioma,0.994,glioma,False,False,glioma,True
archive_v2/Testing\meningioma\meningioma_TT_1994.jpg,meningioma,pituitary,0.5103,meningioma,True,True,pituitary,False
archive_v2/Testing\glioma\glioma_TT_0454.jpg,glioma,glioma,0.9929,glioma,False,False,glioma,True
archive_v2/Testing\glioma\glioma_TT_1676.jpg,glioma,glioma,0.9575,glioma,False,False,glioma,True
archive_v2/Testing\meningioma\meningioma_TT_0809.jpg,meningioma,pituitary,0.5403,meningioma,True,True,pituitary,False
archive_v2/Testing\glioma\Te-gl_101.jpg,glioma,meningioma,0.5448,glioma,True,True,glioma,True
archive_v2/Testing\notumor\Te-no_110.jpg,notumor,notumor,0.9997,notumor,False,False,notumor,True
archive_v2/Testing\pituitary\Te-pi_151.jpg,pituitary,pituitary,0.97,pituitary,False,False,pituitary,True
archive_v2/Testing\glioma\Te-gl_364.jpg,glioma,glioma,0.9998,glioma,False,False,glioma,True
archive_v2/Testing\meningioma\Te-me_272.jpg,meningioma,meningioma,0.8623,meningioma,False,False,meningioma,True
archive_v2/Testing\pituitary\Te-pi_255.jpg,pituitary,pituitary,0.9983,pituitary,False,False,pituitary,True
archive_v2/Testing\pituitary\Te-pi_394.jpg,pituitary,pituitary,0.9969,pituitary,False,False,pituitary,True
archive_v2/Testing\glioma\glioma_TT_3325.jpg,glioma,glioma,0.8988,glioma,False,False,glioma,True
archive_v2/Testing\meningioma\Te-me_112.jpg,meningioma,meningioma,0.9968,meningioma,False,False,meningioma,True
archive_v2/Testing\notumor\Te-no_232.jpg,notumor,notumor,0.999,notumor,False,False,notumor,True
archive_v2/Testing\glioma\glioma_TT_3549.jpg,glioma,meningioma,0.7762,glioma,True,True,meningioma,False
archive_v2/Testing\notumor\Te-no_333.jpg,notumor,notumor,0.9993,notumor,False,False,notumor,True
archive_v2/Testing\pituitary\pituitary_TT_1299.jpg,pituitary,pituitary,0.9828,pituitary,False,False,pituitary,True
archive_v2/Testing\meningioma\meningioma_TT_0252.jpg,meningioma,meningioma,0.5458,meningioma,False,False,meningioma,True
archive_v2/Testing\pituitary\pituitary_TT_1521.jpg,pituitary,pituitary,0.7989,pituitary,False,False,pituitary,True
archive_v2/Testing\glioma\glioma_TT_2726.jpg,glioma,glioma,0.8597,glioma,False,False,glioma,True
archive_v2/Testing\meningioma\Te-aug-me_96.jpg,meningioma,meningioma,0.8949,meningioma,False,False,meningioma,True
archive_v2/Testing\meningioma\Te-me_125.jpg,meningioma,meningioma,0.7146,meningioma,False,False,meningioma,True
archive_v2/Testing\meningioma\meningioma_TT_1866.jpg,meningioma,meningioma,0.9348,meningioma,False,False,meningioma,True
archive_v2/Testing\glioma\glioma_TT_0435.jpg,glioma,glioma,0.9987,glioma,False,False,glioma,True
archive_v2/Testing\glioma\Te-gl_187.jpg,glioma,glioma,0.7863,meningioma,True,True,glioma,True
archive_v2/Testing\notumor\Te-no_104.jpg,notumor,notumor,0.9998,notumor,False,False,notumor,True
archive_v2/Testing\glioma\glioma_TT_1137.jpg,glioma,meningioma,0.8341,meningioma,False,False,meningioma,False
archive_v2/Testing\meningioma\meningioma_TT_0113.jpg,meningioma,meningioma,0.5373,meningioma,False,False,meningioma,True
archive_v2/Testing\notumor\Te-no_301.jpg,notumor,notumor,0.9997,notumor,False,False,notumor,True
archive_v2/Testing\pituitary\Te-pi_231.jpg,pituitary,pituitary,0.9995,pituitary,False,False,pituitary,True
archive_v2/Testing\notumor\Te-no_45.jpg,notumor,notumor,1.0,notumor,False,False,notumor,True
archive_v2/Testing\meningioma\meningioma_TT_0161.jpg,meningioma,meningioma,0.8481,meningioma,False,False,meningioma,True
archive_v2/Testing\notumor\Te-no_175.jpg,notumor,notumor,0.9994,notumor,False,False,notumor,True
archive_v2/Testing\pituitary\Te-pi_142.jpg,pituitary,pituitary,0.9807,pituitary,False,False,pituitary,True
archive_v2/Testing\pituitary\Te-pi_154.jpg,pituitary,pituitary,0.9923,pituitary,False,False,pituitary,True
archive_v2/Testing\pituitary\pituitary_TT_2773.jpg,pituitary,pituitary,0.7503,pituitary,False,False,pituitary,True
archive_v2/Testing\meningioma\meningioma_TT_1678.jpg,meningioma,pituitary,0.8745,meningioma,False,False,pituitary,False
archive_v2/Testing\meningioma\meningioma_TT_1065.jpg,meningioma,meningioma,0.4267,notumor,True,True,meningioma,True
archive_v2/Testing\notumor\Te-no_209.jpg,notumor,notumor,0.9999,notumor,False,False,notumor,True
archive_v2/Testing\pituitary\pituitary_TT_0964.jpg,pituitary,pituitary,0.6943,pituitary,False,False,pituitary,True
archive_v2/Testing\pituitary\pituitary_TT_2388.jpg,pituitary,meningioma,0.688,pituitary,True,True,meningioma,False
archive_v2/Testing\meningioma\Te-aug-me_82.jpg,meningioma,meningioma,0.9914,meningioma,False,False,meningioma,True
archive_v2/Testing\pituitary\Te-pi_292.jpg,pituitary,pituitary,0.9965,pituitary,False,False,pituitary,True
archive_v2/Testing\meningioma\meningioma_TT_1812.jpg,meningioma,meningioma,0.979,meningioma,False,False,meningioma,True
archive_v2/Testing\meningioma\Te-me_248.jpg,meningioma,meningioma,0.8865,meningioma,False,False,meningioma,True
archive_v2/Testing\pituitary\pituitary_TT_0260.jpg,pituitary,pituitary,0.5429,pituitary,False,False,pituitary,True
archive_v2/Testing\pituitary\pituitary_TT_2721.jpg,pituitary,pituitary,0.4683,pituitary,False,False,pituitary,True
archive_v2/Testing\notumor\Te-no_156.jpg,notumor,notumor,1.0,notumor,False,False,notumor,True
archive_v2/Testing\pituitary\Te-pi_381.jpg,pituitary,pituitary,0.9993,pituitary,False,False,pituitary,True
archive_v2/Testing\glioma\Te-gl_17.jpg,glioma,glioma,0.9995,glioma,False,False,glioma,True
archive_v2/Testing\pituitary\pituitary_TT_1686.jpg,pituitary,pituitary,0.9511,pituitary,False,False,pituitary,True
archive_v2/Testing\meningioma\meningioma_TT_1076.jpg,meningioma,pituitary,0.6494,meningioma,True,True,pituitary,False
archive_v2/Testing\glioma\glioma_TT_1509.jpg,glioma,glioma,0.9896,glioma,False,False,glioma,True
archive_v2/Testing\meningioma\meningioma_TT_2456.jpg,meningioma,meningioma,0.8829,notumor,False,False,meningioma,True
archive_v2/Testing\meningioma\Te-me_265.jpg,meningioma,meningioma,0.9859,meningioma,False,False,meningioma,True
archive_v2/Testing\glioma\Te-gl_281.jpg,glioma,glioma,0.999,glioma,False,False,glioma,True
archive_v2/Testing\pituitary\pituitary_TT_2021.jpg,pituitary,pituitary,0.7072,meningioma,True,True,pituitary,True
archive_v2/Testing\pituitary\Te-pi_251.jpg,pituitary,pituitary,0.9885,pituitary,False,False,pituitary,True
archive_v2/Testing\pituitary\Te-pi_214.jpg,pituitary,pituitary,0.9975,pituitary,False,False,pituitary,True
archive_v2/Testing\glioma\glioma_TT_1875.jpg,glioma,pituitary,0.9376,glioma,False,False,pituitary,False
archive_v2/Testing\meningioma\meningioma_TT_1755.jpg,meningioma,meningioma,0.9868,meningioma,False,False,meningioma,True
archive_v2/Testing\glioma\glioma_TT_2014.jpg,glioma,glioma,0.9787,glioma,False,False,glioma,True
archive_v2/Testing\glioma\glioma_TT_0405.jpg,glioma,glioma,0.9954,glioma,False,False,glioma,True
archive_v2/Testing\glioma\glioma_TT_1868.jpg,glioma,glioma,0.8114,glioma,False,False,glioma,True
archive_v2/Testing\pituitary\pituitary_TT_0689.jpg,pituitary,pituitary,0.9746,pituitary,False,False,pituitary,True
archive_v2/Testing\glioma\glioma_TT_2118.jpg,glioma,glioma,0.9923,glioma,False,False,glioma,True
archive_v2/Testing\glioma\Te-gl_198.jpg,glioma,glioma,0.9937,glioma,False,False,glioma,True
archive_v2/Testing\glioma\glioma_TT_2287.jpg,glioma,glioma,0.9987,glioma,False,False,glioma,True
archive_v2/Testing\glioma\Te-gl_148.jpg,glioma,glioma,0.9982,glioma,False,False,glioma,True
archive_v2/Testing\meningioma\meningioma_TT_1133.jpg,meningioma,meningioma,0.5063,meningioma,False,False,meningioma,True
archive_v2/Testing\glioma\glioma_TT_2656.jpg,glioma,glioma,0.9986,glioma,False,False,glioma,True
archive_v2/Testing\glioma\glioma_TT_0276.jpg,glioma,glioma,0.9906,glioma,False,False,glioma,True
archive_v2/Testing\pituitary\pituitary_TT_1715.jpg,pituitary,pituitary,0.9635,pituitary,False,False,pituitary,True
archive_v2/Testing\pituitary\pituitary_TT_2813.jpg,pituitary,glioma,0.7631,pituitary,True,True,glioma,False
archive_v2/Testing\meningioma\meningioma_TT_2500.jpg,meningioma,meningioma,0.7281,notumor,True,True,meningioma,True
archive_v2/Testing\glioma\glioma_TT_3290.jpg,glioma,glioma,0.7632,glioma,False,False,glioma,True
archive_v2/Testing\pituitary\pituitary_TT_2582.jpg,pituitary,pituitary,0.9621,pituitary,False,False,pituitary,True
archive_v2/Testing\glioma\glioma_TT_0801.jpg,glioma,glioma,0.9488,glioma,False,False,glioma,True
archive_v2/Testing\pituitary\pituitary_TT_1468.jpg,pituitary,pituitary,0.483,pituitary,False,False,pituitary,True
archive_v2/Testing\pituitary\pituitary_TT_0502.jpg,pituitary,pituitary,0.8563,pituitary,False,False,pituitary,True
archive_v2/Testing\meningioma\meningioma_TT_0087.jpg,meningioma,meningioma,0.9333,meningioma,False,False,meningioma,True
archive_v2/Testing\pituitary\Te-pi_348.jpg,pituitary,pituitary,0.9964,pituitary,False,False,pituitary,True
archive_v2/Testing\glioma\glioma_TT_3332.jpg,glioma,glioma,0.8692,glioma,False,False,glioma,True
archive_v2/Testing\meningioma\Te-me_259.jpg,meningioma,meningioma,0.4749,meningioma,False,False,meningioma,True
archive_v2/Testing\notumor\Te-no_74.jpg,notumor,notumor,0.999,notumor,False,False,notumor,True
archive_v2/Testing\notumor\Te-no_247.jpg,notumor,notumor,0.9993,notumor,False,False,notumor,True
archive_v2/Testing\glioma\glioma_TT_1841.jpg,glioma,pituitary,0.7912,glioma,True,True,glioma,True
archive_v2/Testing\pituitary\Te-pi_2.jpg,pituitary,pituitary,0.5625,pituitary,False,False,pituitary,True
archive_v2/Testing\meningioma\Te-me_13.jpg,meningioma,meningioma,0.6701,pituitary,True,True,pituitary,False
archive_v2/Testing\glioma\Te-gl_195.jpg,glioma,glioma,0.8945,glioma,False,False,glioma,True
archive_v2/Testing\glioma\glioma_TT_0562.jpg,glioma,glioma,0.9979,glioma,False,False,glioma,True
archive_v2/Testing\pituitary\pituitary_TT_1826.jpg,pituitary,meningioma,0.7106,pituitary,True,True,meningioma,False
archive_v2/Testing\pituitary\Te-pi_158.jpg,pituitary,pituitary,0.9981,pituitary,False,False,pituitary,True
archive_v2/Testing\pituitary\Te-pi_383.jpg,pituitary,pituitary,0.9614,pituitary,False,False,pituitary,True
archive_v2/Testing\glioma\Te-gl_398.jpg,glioma,glioma,0.9995,glioma,False,False,glioma,True
archive_v2/Testing\glioma\glioma_TT_2318.jpg,glioma,glioma,0.9989,glioma,False,False,glioma,True
archive_v2/Testing\glioma\glioma_TT_3460.jpg,glioma,glioma,0.8877,glioma,False,False,glioma,True
archive_v2/Testing\pituitary\Te-pi_178.jpg,pituitary,pituitary,0.9965,pituitary,False,False,pituitary,True
archive_v2/Testing\pituitary\Te-pi_204.jpg,pituitary,pituitary,0.9958,pituitary,False,False,pituitary,True
archive_v2/Testing\glioma\glioma_TT_0886.jpg,glioma,glioma,0.9883,glioma,False,False,glioma,True
archive_v2/Testing\notumor\Te-no_242.jpg,notumor,notumor,1.0,notumor,False,False,notumor,True
archive_v2/Testing\meningioma\meningioma_TT_0872.jpg,meningioma,meningioma,0.8375,meningioma,False,False,meningioma,True
archive_v2/Testing\pituitary\pituitary_TT_1574.jpg,pituitary,pituitary,0.9084,pituitary,False,False,pituitary,True
archive_v2/Testing\pituitary\pituitary_TT_1179.jpg,pituitary,pituitary,0.9025,pituitary,False,False,pituitary,True
archive_v2/Testing\meningioma\meningioma_TT_0512.jpg,meningioma,meningioma,0.9302,meningioma,False,False,meningioma,True
archive_v2/Testing\glioma\glioma_TT_1821.jpg,glioma,glioma,0.7146,glioma,False,False,glioma,True
archive_v2/Testing\meningioma\meningioma_TT_1141.jpg,meningioma,meningioma,0.6953,meningioma,False,False,meningioma,True
archive_v2/Testing\meningioma\meningioma_TT_1404.jpg,meningioma,glioma,0.6587,meningioma,True,True,glioma,False
archive_v2/Testing\pituitary\pituitary_TT_0427.jpg,pituitary,pituitary,0.8146,meningioma,False,False,pituitary,True
archive_v2/Testing\pituitary\Te-pi_173.jpg,pituitary,pituitary,0.9992,pituitary,False,False,pituitary,True
archive_v2/Testing\notumor\Te-no_373.jpg,notumor,notumor,0.9905,notumor,False,False,notumor,True
archive_v2/Testing\glioma\glioma_TT_0393.jpg,glioma,glioma,0.9981,glioma,False,False,glioma,True
archive_v2/Testing\meningioma\meningioma_TT_0960.jpg,meningioma,meningioma,0.5059,meningioma,False,False,meningioma,True
archive_v2/Testing\meningioma\meningioma_TT_2347.jpg,meningioma,meningioma,0.497,meningioma,False,False,meningioma,True
archive_v2/Testing\meningioma\Te-me_67.jpg,meningioma,meningioma,0.8963,meningioma,False,False,meningioma,True
archive_v2/Testing\glioma\glioma_TT_0917.jpg,glioma,glioma,0.9388,glioma,False,False,glioma,True
archive_v2/Testing\pituitary\Te-pi_113.jpg,pituitary,pituitary,0.9965,pituitary,False,False,pituitary,True
archive_v2/Testing\glioma\glioma_TT_2584.jpg,glioma,glioma,0.9974,glioma,False,False,glioma,True
archive_v2/Testing\glioma\glioma_TT_0430.jpg,glioma,glioma,0.9992,glioma,False,False,glioma,True
archive_v2/Testing\meningioma\Te-me_274.jpg,meningioma,meningioma,0.8454,meningioma,False,False,meningioma,True
archive_v2/Testing\meningioma\Te-me_195.jpg,meningioma,meningioma,0.5796,meningioma,False,False,meningioma,True
archive_v2/Testing\glioma\glioma_TT_1798.jpg,glioma,pituitary,0.371,glioma,True,True,glioma,True
archive_v2/Testing\meningioma\meningioma_TT_2229.jpg,meningioma,glioma,0.5373,meningioma,True,True,glioma,False
archive_v2/Testing\notumor\Te-no_235.jpg,notumor,notumor,0.9996,notumor,False,False,notumor,True
archive_v2/Testing\meningioma\meningioma_TT_0647.jpg,meningioma,meningioma,0.6942,meningioma,False,False,meningioma,True
archive_v2/Testing\meningioma\meningioma_TT_2193.jpg,meningioma,meningioma,0.5763,pituitary,True,True,meningioma,True
archive_v2/Testing\glioma\Te-gl_44.jpg,glioma,glioma,0.9999,glioma,False,False,glioma,True
archive_v2/Testing\meningioma\meningioma_TT_0944.jpg,meningioma,meningioma,0.8979,meningioma,False,False,meningioma,True
archive_v2/Testing\meningioma\meningioma_TT_0021.jpg,meningioma,meningioma,0.9039,meningioma,False,False,meningioma,True
archive_v2/Testing\meningioma\Te-me_224.jpg,meningioma,meningioma,0.8995,meningioma,False,False,meningioma,True
archive_v2/Testing\pituitary\pituitary_TT_2427.jpg,pituitary,pituitary,0.6222,pituitary,False,False,pituitary,True
archive_v2/Testing\pituitary\Te-pi_107.jpg,pituitary,pituitary,0.9997,pituitary,False,False,pituitary,True
archive_v2/Testing\glioma\Te-gl_383.jpg,glioma,glioma,0.9987,glioma,False,False,glioma,True
archive_v2/Testing\pituitary\Te-pi_245.jpg,pituitary,pituitary,0.9996,pituitary,False,False,pituitary,True
archive_v2/Testing\pituitary\Te-pi_338.jpg,pituitary,pituitary,0.9991,pituitary,False,False,pituitary,True
archive_v2/Testing\glioma\Te-gl_340.jpg,glioma,glioma,0.9705,glioma,False,False,glioma,True
archive_v2/Testing\meningioma\meningioma_TT_1316.jpg,meningioma,meningioma,0.9869,meningioma,False,False,meningioma,True
archive_v2/Testing\meningioma\meningioma_TT_0310.jpg,meningioma,glioma,0.6427,meningioma,True,True,glioma,False
archive_v2/Testing\glioma\glioma_TT_1524.jpg,glioma,glioma,0.9943,glioma,False,False,glioma,True
archive_v2/Testing\pituitary\pituitary_TT_2121.jpg,pituitary,pituitary,0.959,pituitary,False,False,pituitary,True
archive_v2/Testing\pituitary\pituitary_TT_2623.jpg,pituitary,pituitary,0.9049,pituitary,False,False,pituitary,True
archive_v2/Testing\notumor\Te-no_323.jpg,notumor,notumor,0.9999,notumor,False,False,notumor,True
archive_v2/Testing\pituitary\pituitary_TT_0544.jpg,pituitary,pituitary,0.9852,pituitary,False,False,pituitary,True
archive_v2/Testing\pituitary\pituitary_TT_2441.jpg,pituitary,meningioma,0.5846,meningioma,False,False,meningioma,False
archive_v2/Testing\meningioma\meningioma_TT_0015.jpg,meningioma,meningioma,0.7691,meningioma,False,False,meningioma,True
archive_v2/Testing\pituitary\Te-pi_114.jpg,pituitary,pituitary,0.9829,pituitary,False,False,pituitary,True
archive_v2/Testing\notumor\Te-no_50.jpg,notumor,notumor,0.9992,notumor,False,False,notumor,True
archive_v2/Testing\meningioma\meningioma_TT_0173.jpg,meningioma,meningioma,0.5984,pituitary,True,True,meningioma,True
archive_v2/Testing\glioma\glioma_TT_1067.jpg,glioma,glioma,0.8514,glioma,False,False,glioma,True
archive_v2/Testing\pituitary\pituitary_TT_0353.jpg,pituitary,meningioma,0.7298,meningioma,False,False,meningioma,False
archive_v2/Testing\pituitary\Te-pi_367.jpg,pituitary,meningioma,0.7451,meningioma,False,False,meningioma,False
archive_v2/Testing\pituitary\pituitary_TT_0742.jpg,pituitary,pituitary,0.9755,pituitary,False,False,pituitary,True
archive_v2/Testing\meningioma\meningioma_TT_2068.jpg,meningioma,meningioma,0.9036,meningioma,False,False,meningioma,True
archive_v2/Testing\glioma\Te-gl_93.jpg,glioma,glioma,0.8199,glioma,False,False,glioma,True
archive_v2/Testing\pituitary\pituitary_TT_1453.jpg,pituitary,pituitary,0.6402,pituitary,False,False,pituitary,True
archive_v2/Testing\meningioma\Te-me_93.jpg,meningioma,meningioma,0.7979,meningioma,False,False,meningioma,True
archive_v2/Testing\glioma\glioma_TT_1574.jpg,glioma,glioma,0.9149,glioma,False,False,glioma,True
archive_v2/Testing\pituitary\pituitary_TT_0755.jpg,pituitary,pituitary,0.9753,pituitary,False,False,pituitary,True
archive_v2/Testing\meningioma\meningioma_TT_1980.jpg,meningioma,meningioma,0.6605,meningioma,False,False,meningioma,True
archive_v2/Testing\meningioma\meningioma_TT_1971.jpg,meningioma,meningioma,0.7112,meningioma,False,False,meningioma,True
archive_v2/Testing\glioma\glioma_TT_1773.jpg,glioma,glioma,0.6973,glioma,False,False,glioma,True
archive_v2/Testing\glioma\Te-gl_132.jpg,glioma,glioma,0.9994,glioma,False,False,glioma,True
archive_v2/Testing\meningioma\meningioma_TT_1288.jpg,meningioma,meningioma,0.9976,meningioma,False,False,meningioma,True
archive_v2/Testing\glioma\glioma_TT_3249.jpg,glioma,pituitary,0.4782,notumor,True,True,pituitary,False
archive_v2/Testing\pituitary\pituitary_TT_1739.jpg,pituitary,pituitary,0.9718,pituitary,False,False,pituitary,True
archive_v2/Testing\meningioma\Te-me_184.jpg,meningioma,meningioma,0.6381,meningioma,False,False,meningioma,True
archive_v2/Testing\meningioma\meningioma_TT_0698.jpg,meningioma,glioma,0.8122,notumor,False,False,glioma,False
archive_v2/Testing\glioma\Te-gl_271.jpg,glioma,glioma,0.9988,glioma,False,False,glioma,True
archive_v2/Testing\pituitary\pituitary_TT_2008.jpg,pituitary,pituitary,0.9157,pituitary,False,False,pituitary,True
archive_v2/Testing\meningioma\Te-me_210.jpg,meningioma,meningioma,0.9461,meningioma,False,False,meningioma,True
archive_v2/Testing\meningioma\meningioma_TT_2122.jpg,meningioma,meningioma,0.8976,meningioma,False,False,meningioma,True
archive_v2/Testing\meningioma\meningioma_TT_1976.jpg,meningioma,pituitary,0.6401,meningioma,True,True,pituitary,False
archive_v2/Testing\pituitary\pituitary_TT_2122.jpg,pituitary,pituitary,0.9464,pituitary,False,False,pituitary,True
archive_v2/Testing\glioma\Te-gl_334.jpg,glioma,glioma,0.9877,glioma,False,False,glioma,True
archive_v2/Testing\glioma\glioma_TT_1446.jpg,glioma,glioma,0.5794,glioma,False,False,glioma,True
archive_v2/Testing\meningioma\meningioma_TT_0777.jpg,meningioma,meningioma,0.6767,glioma,True,True,meningioma,True
archive_v2/Testing\meningioma\Te-me_133.jpg,meningioma,meningioma,0.7528,meningioma,False,False,meningioma,True
archive_v2/Testing\glioma\glioma_TT_1908.jpg,glioma,glioma,0.9695,glioma,False,False,glioma,True
archive_v2/Testing\meningioma\meningioma_TT_1474.jpg,meningioma,meningioma,0.9081,meningioma,False,False,meningioma,True
archive_v2/Testing\pituitary\pituitary_TT_1132.jpg,pituitary,pituitary,0.7874,meningioma,True,True,pituitary,True
archive_v2/Testing\meningioma\meningioma_TT_1791.jpg,meningioma,meningioma,0.997,meningioma,False,False,meningioma,True
archive_v2/Testing\pituitary\pituitary_TT_1418.jpg,pituitary,pituitary,0.8841,pituitary,False,False,pituitary,True
archive_v2/Testing\meningioma\Te-aug-me_44.jpg,meningioma,meningioma,0.4509,meningioma,False,False,meningioma,True
archive_v2/Testing\meningioma\meningioma_TT_1498.jpg,meningioma,meningioma,0.8996,meningioma,False,False,meningioma,True
archive_v2/Testing\glioma\glioma_TT_2076.jpg,glioma,glioma,0.9948,glioma,False,False,glioma,True
archive_v2/Testing\pituitary\pituitary_TT_1711.jpg,pituitary,pituitary,0.8921,pituitary,False,False,pituitary,True
archive_v2/Testing\meningioma\Te-me_235.jpg,meningioma,meningioma,0.9029,meningioma,False,False,meningioma,True
archive_v2/Testing\notumor\Te-no_184.jpg,notumor,notumor,0.9998,notumor,False,False,notumor,True
archive_v2/Testing\pituitary\Te-pi_250.jpg,pituitary,pituitary,0.9983,pituitary,False,False,pituitary,True
archive_v2/Testing\glioma\glioma_TT_1655.jpg,glioma,glioma,0.8313,glioma,False,False,glioma,True
archive_v2/Testing\glioma\Te-gl_36.jpg,glioma,glioma,0.8186,notumor,False,False,glioma,True
archive_v2/Testing\notumor\Te-no_308.jpg,notumor,notumor,0.9997,notumor,False,False,notumor,True
archive_v2/Testing\meningioma\Te-aug-me_21.jpg,meningioma,meningioma,0.8642,meningioma,False,False,meningioma,True
archive_v2/Testing\glioma\Te-gl_249.jpg,glioma,glioma,0.9988,glioma,False,False,glioma,True
archive_v2/Testing\notumor\Te-no_280.jpg,notumor,notumor,0.9994,notumor,False,False,notumor,True
archive_v2/Testing\pituitary\Te-pi_102.jpg,pituitary,pituitary,0.9991,pituitary,False,False,pituitary,True
archive_v2/Testing\meningioma\Te-aug-me_59.jpg,meningioma,meningioma,0.9947,meningioma,False,False,meningioma,True
archive_v2/Testing\pituitary\Te-pi_389.jpg,pituitary,pituitary,0.9958,pituitary,False,False,pituitary,True
archive_v2/Testing\notumor\Te-no_112.jpg,notumor,notumor,0.999,notumor,False,False,notumor,True
archive_v2/Testing\pituitary\pituitary_TT_0699.jpg,pituitary,pituitary,0.953,pituitary,False,False,pituitary,True
archive_v2/Testing\glioma\glioma_TT_0909.jpg,glioma,glioma,0.9659,glioma,False,False,glioma,True
archive_v2/Testing\pituitary\pituitary_TT_2760.jpg,pituitary,pituitary,0.5545,pituitary,False,False,pituitary,True
archive_v2/Testing\pituitary\pituitary_TT_2119.jpg,pituitary,pituitary,0.8838,pituitary,False,False,pituitary,True
archive_v2/Testing\pituitary\Te-pi_225.jpg,pituitary,pituitary,0.9853,pituitary,False,False,pituitary,True
archive_v2/Testing\glioma\Te-gl_273.jpg,glioma,glioma,0.9944,glioma,False,False,glioma,True
archive_v2/Testing\meningioma\meningioma_TT_2251.jpg,meningioma,meningioma,0.7772,meningioma,False,False,meningioma,True
archive_v2/Testing\notumor\Te-no_160.jpg,notumor,notumor,0.9965,notumor,False,False,notumor,True
archive_v2/Testing\glioma\glioma_TT_1503.jpg,glioma,glioma,0.9936,glioma,False,False,glioma,True
archive_v2/Testing\meningioma\Te-me_140.jpg,meningioma,meningioma,0.9978,meningioma,False,False,meningioma,True
archive_v2/Testing\pituitary\Te-pi_174.jpg,pituitary,pituitary,0.9746,pituitary,False,False,pituitary,True
archive_v2/Testing\notumor\Te-no_196.jpg,notumor,notumor,0.9999,notumor,False,False,notumor,True
archive_v2/Testing\meningioma\meningioma_TT_2211.jpg,meningioma,meningioma,0.5623,meningioma,False,False,meningioma,True
archive_v2/Testing\meningioma\Te-aug-me_5.jpg,meningioma,meningioma,0.9063,meningioma,False,False,meningioma,True
archive_v2/Testing\meningioma\Te-me_2.jpg,meningioma,meningioma,0.6492,meningioma,False,False,meningioma,True
archive_v2/Testing\glioma\glioma_TT_1540.jpg,glioma,glioma,0.957,glioma,False,False,glioma,True
archive_v2/Testing\meningioma\meningioma_TT_0033.jpg,meningioma,meningioma,0.7625,meningioma,False,False,meningioma,True
archive_v2/Testing\glioma\glioma_TT_2222.jpg,glioma,glioma,0.9998,glioma,False,False,glioma,True
archive_v2/Testing\glioma\glioma_TT_2027.jpg,glioma,glioma,0.9728,glioma,False,False,glioma,True
archive_v2/Testing\glioma\glioma_TT_0889.jpg,glioma,glioma,0.9858,glioma,False,False,glioma,True
archive_v2/Testing\meningioma\meningioma_TT_2296.jpg,meningioma,meningioma,0.5834,notumor,True,True,meningioma,True
archive_v2/Testing\glioma\glioma_TT_1797.jpg,glioma,meningioma,0.4064,glioma,True,True,glioma,True
archive_v2/Testing\glioma\Te-gl_392.jpg,glioma,glioma,0.9948,glioma,False,False,glioma,True
archive_v2/Testing\meningioma\Te-aug-me_71.jpg,meningioma,meningioma,0.7843,meningioma,False,False,meningioma,True
archive_v2/Testing\glioma\glioma_TT_3411.jpg,glioma,glioma,0.9008,glioma,False,False,glioma,True
archive_v2/Testing\meningioma\meningioma_TT_1216.jpg,meningioma,glioma,0.5291,meningioma,True,True,pituitary,False
archive_v2/Testing\pituitary\pituitary_TT_2422.jpg,pituitary,pituitary,0.8028,notumor,False,False,pituitary,True
archive_v2/Testing\pituitary\Te-pi_399.jpg,pituitary,pituitary,0.996,pituitary,False,False,pituitary,True
archive_v2/Testing\meningioma\Te-me_252.jpg,meningioma,meningioma,0.7425,meningioma,False,False,meningioma,True
archive_v2/Testing\glioma\glioma_TT_0552.jpg,glioma,glioma,0.9988,glioma,False,False,glioma,True
archive_v2/Testing\pituitary\Te-pi_343.jpg,pituitary,pituitary,0.999,pituitary,False,False,pituitary,True
archive_v2/Testing\glioma\Te-gl_57.jpg,glioma,glioma,0.9996,glioma,False,False,glioma,True
archive_v2/Testing\meningioma\Te-me_139.jpg,meningioma,meningioma,0.9456,meningioma,False,False,meningioma,True
archive_v2/Testing\pituitary\pituitary_TT_2843.jpg,pituitary,pituitary,0.6311,pituitary,False,False,pituitary,True
archive_v2/Testing\glioma\Te-gl_254.jpg,glioma,glioma,0.9982,glioma,False,False,glioma,True
archive_v2/Testing\meningioma\Te-me_264.jpg,meningioma,meningioma,0.9708,meningioma,False,False,meningioma,True
archive_v2/Testing\glioma\glioma_TT_1599.jpg,glioma,glioma,0.9675,glioma,False,False,glioma,True
archive_v2/Testing\meningioma\meningioma_TT_0683.jpg,meningioma,meningioma,0.6293,notumor,True,True,meningioma,True
archive_v2/Testing\meningioma\meningioma_TT_0413.jpg,meningioma,meningioma,0.5301,meningioma,False,False,meningioma,True
archive_v2/Testing\pituitary\Te-pi_19.jpg,pituitary,pituitary,0.9995,pituitary,False,False,pituitary,True
archive_v2/Testing\glioma\glioma_TT_2652.jpg,glioma,glioma,0.9995,glioma,False,False,glioma,True
archive_v2/Testing\glioma\Te-gl_212.jpg,glioma,glioma,0.7409,glioma,False,False,glioma,True
archive_v2/Testing\notumor\Te-no_200.jpg,notumor,notumor,0.9818,notumor,False,False,notumor,True
archive_v2/Testing\notumor\Te-no_13.jpg,notumor,notumor,0.9995,notumor,False,False,notumor,True
archive_v2/Testing\notumor\Te-no_123.jpg,notumor,notumor,0.9986,notumor,False,False,notumor,True
archive_v2/Testing\pituitary\pituitary_TT_0796.jpg,pituitary,pituitary,0.9746,pituitary,False,False,pituitary,True
archive_v2/Testing\notumor\Te-no_399.jpg,notumor,notumor,0.9985,notumor,False,False,notumor,True
archive_v2/Testing\glioma\Te-gl_86.jpg,glioma,glioma,0.888,meningioma,True,True,meningioma,False
archive_v2/Testing\meningioma\Te-me_149.jpg,meningioma,meningioma,0.9604,meningioma,False,False,meningioma,True
archive_v2/Testing\pituitary\Te-pi_366.jpg,pituitary,pituitary,0.9991,pituitary,False,False,pituitary,True
archive_v2/Testing\meningioma\meningioma_TT_0401.jpg,meningioma,meningioma,0.6016,meningioma,False,False,meningioma,True
archive_v2/Testing\glioma\glioma_TT_2645.jpg,glioma,glioma,0.9998,glioma,False,False,glioma,True
archive_v2/Testing\notumor\Te-no_56.jpg,notumor,notumor,0.9984,notumor,False,False,notumor,True
archive_v2/Testing\meningioma\meningioma_TT_2299.jpg,meningioma,meningioma,0.5015,meningioma,False,False,meningioma,True
archive_v2/Testing\notumor\Te-no_234.jpg,notumor,notumor,0.9996,notumor,False,False,notumor,True
archive_v2/Testing\notumor\Te-no_132.jpg,notumor,notumor,0.8808,notumor,False,False,notumor,True
archive_v2/Testing\meningioma\Te-aug-me_17.jpg,meningioma,meningioma,0.8561,meningioma,False,False,meningioma,True
archive_v2/Testing\pituitary\Te-pi_358.jpg,pituitary,pituitary,0.9997,pituitary,False,False,pituitary,True
archive_v2/Testing\pituitary\pituitary_TT_2567.jpg,pituitary,pituitary,0.9127,pituitary,False,False,pituitary,True
archive_v2/Testing\glioma\glioma_TT_3244.jpg,glioma,glioma,0.4968,glioma,False,False,glioma,True
archive_v2/Testing\meningioma\Te-aug-me_42.jpg,meningioma,meningioma,0.7711,meningioma,False,False,meningioma,True
archive_v2/Testing\notumor\Te-no_78.jpg,notumor,notumor,0.9958,notumor,False,False,notumor,True
archive_v2/Testing\glioma\Te-gl_265.jpg,glioma,glioma,0.9996,glioma,False,False,glioma,True
archive_v2/Testing\pituitary\pituitary_TT_0972.jpg,pituitary,pituitary,0.6023,pituitary,False,False,pituitary,True
archive_v2/Testing\glioma\Te-gl_240.jpg,glioma,glioma,0.9957,glioma,False,False,glioma,True
archive_v2/Testing\glioma\glioma_TT_0941.jpg,glioma,glioma,0.8873,glioma,False,False,glioma,True
archive_v2/Testing\notumor\Te-no_113.jpg,notumor,notumor,0.9999,notumor,False,False,notumor,True
archive_v2/Testing\pituitary\Te-pi_234.jpg,pituitary,pituitary,0.9998,pituitary,False,False,pituitary,True
archive_v2/Testing\glioma\Te-gl_203.jpg,glioma,glioma,0.9983,glioma,False,False,glioma,True
archive_v2/Testing\glioma\Te-gl_169.jpg,glioma,glioma,0.8326,glioma,False,False,glioma,True
archive_v2/Testing\glioma\glioma_TT_2664.jpg,glioma,glioma,0.9952,glioma,False,False,glioma,True
archive_v2/Testing\glioma\glioma_TT_2799.jpg,glioma,glioma,0.9692,glioma,False,False,glioma,True
archive_v2/Testing\pituitary\Te-pi_374.jpg,pituitary,pituitary,0.9969,pituitary,False,False,pituitary,True
archive_v2/Testing\pituitary\pituitary_TT_0032.jpg,pituitary,pituitary,0.9459,pituitary,False,False,pituitary,True
archive_v2/Testing\meningioma\meningioma_TT_2152.jpg,meningioma,meningioma,0.9569,meningioma,False,False,meningioma,True
archive_v2/Testing\notumor\Te-no_332.jpg,notumor,notumor,0.9997,notumor,False,False,notumor,True
archive_v2/Testing\glioma\Te-gl_202.jpg,glioma,pituitary,0.438,glioma,True,True,meningioma,False
archive_v2/Testing\notumor\Te-no_237.jpg,notumor,notumor,0.9939,notumor,False,False,notumor,True
archive_v2/Testing\glioma\glioma_TT_0819.jpg,glioma,glioma,0.9994,glioma,False,False,glioma,True
archive_v2/Testing\notumor\Te-no_150.jpg,notumor,pituitary,0.3047,notumor,True,True,pituitary,False
archive_v2/Testing\glioma\glioma_TT_1150.jpg,glioma,glioma,0.7169,glioma,False,False,glioma,True
archive_v2/Testing\meningioma\Te-me_111.jpg,meningioma,meningioma,0.8308,meningioma,False,False,meningioma,True
archive_v2/Testing\meningioma\meningioma_TT_1697.jpg,meningioma,meningioma,0.8789,meningioma,False,False,meningioma,True
archive_v2/Testing\pituitary\pituitary_TT_2871.jpg,pituitary,pituitary,0.4676,pituitary,False,False,pituitary,True
archive_v2/Testing\glioma\Te-gl_224.jpg,glioma,glioma,0.8461,glioma,False,False,glioma,True
archive_v2/Testing\glioma\glioma_TT_2538.jpg,glioma,glioma,0.9959,glioma,False,False,glioma,True
archive_v2/Testing\glioma\Te-gl_378.jpg,glioma,glioma,0.9621,glioma,False,False,glioma,True
archive_v2/Testing\notumor\Te-no_251.jpg,notumor,notumor,1.0,notumor,False,False,notumor,True
archive_v2/Testing\pituitary\pituitary_TT_0145.jpg,pituitary,pituitary,0.9744,pituitary,False,False,pituitary,True
archive_v2/Testing\notumor\Te-no_63.jpg,notumor,notumor,0.9998,notumor,False,False,notumor,True
archive_v2/Testing\pituitary\pituitary_TT_1157.jpg,pituitary,pituitary,0.7798,pituitary,False,False,pituitary,True
archive_v2/Testing\meningioma\Te-me_1.jpg,meningioma,meningioma,0.9067,meningioma,False,False,meningioma,True
archive_v2/Testing\meningioma\Te-me_119.jpg,meningioma,meningioma,0.699,meningioma,False,False,meningioma,True
archive_v2/Testing\notumor\Te-no_35.jpg,notumor,notumor,0.9988,notumor,False,False,notumor,True
archive_v2/Testing\glioma\glioma_TT_3805.jpg,glioma,glioma,0.9611,glioma,False,False,glioma,True
archive_v2/Testing\pituitary\pituitary_TT_2464.jpg,pituitary,pituitary,0.6105,notumor,True,True,pituitary,True
archive_v2/Testing\glioma\glioma_TT_2641.jpg,glioma,glioma,0.9997,glioma,False,False,glioma,True
archive_v2/Testing\meningioma\Te-aug-me_15.jpg,meningioma,meningioma,0.9897,meningioma,False,False,meningioma,True
archive_v2/Testing\meningioma\meningioma_TT_1044.jpg,meningioma,pituitary,0.5488,meningioma,True,True,glioma,False
archive_v2/Testing\pituitary\pituitary_TT_0749.jpg,pituitary,pituitary,0.9781,pituitary,False,False,pituitary,True
archive_v2/Testing\notumor\Te-no_98.jpg,notumor,notumor,0.9931,notumor,False,False,notumor,True
archive_v2/Testing\glioma\glioma_TT_2825.jpg,glioma,glioma,0.9654,glioma,False,False,glioma,True
archive_v2/Testing\glioma\glioma_TT_3135.jpg,glioma,pituitary,0.5362,glioma,True,True,glioma,True
archive_v2/Testing\pituitary\pituitary_TT_1099.jpg,pituitary,pituitary,0.7065,pituitary,False,False,pituitary,True
archive_v2/Testing\meningioma\meningioma_TT_0028.jpg,meningioma,meningioma,0.7786,meningioma,False,False,meningioma,True
archive_v2/Testing\glioma\Te-gl_65.jpg,glioma,glioma,0.8002,glioma,False,False,glioma,True
archive_v2/Testing\glioma\Te-gl_238.jpg,glioma,glioma,0.5629,meningioma,True,True,glioma,True
archive_v2/Testing\meningioma\Te-me_156.jpg,meningioma,meningioma,0.8074,meningioma,False,False,meningioma,True
archive_v2/Testing\pituitary\pituitary_TT_2443.jpg,pituitary,pituitary,0.8338,meningioma,False,False,pituitary,True
archive_v2/Testing\notumor\Te-no_292.jpg,notumor,notumor,0.9999,notumor,False,False,notumor,True
archive_v2/Testing\glioma\Te-gl_381.jpg,glioma,glioma,0.9947,glioma,False,False,glioma,True
archive_v2/Testing\meningioma\Te-aug-me_58.jpg,meningioma,meningioma,0.6164,meningioma,False,False,meningioma,True
archive_v2/Testing\glioma\Te-gl_59.jpg,glioma,glioma,0.9293,glioma,False,False,glioma,True
archive_v2/Testing\glioma\glioma_TT_0022.jpg,glioma,glioma,0.6248,glioma,False,False,glioma,True
archive_v2/Testing\glioma\glioma_TT_0660.jpg,glioma,glioma,0.993,glioma,False,False,glioma,True
archive_v2/Testing\glioma\Te-gl_369.jpg,glioma,glioma,0.7747,glioma,False,False,glioma,True
archive_v2/Testing\pituitary\Te-pi_9.jpg,pituitary,pituitary,0.9913,pituitary,False,False,pituitary,True
archive_v2/Testing\glioma\glioma_TT_0411.jpg,glioma,glioma,0.9965,glioma,False,False,glioma,True
archive_v2/Testing\pituitary\Te-pi_380.jpg,pituitary,pituitary,0.9973,pituitary,False,False,pituitary,True
archive_v2/Testing\pituitary\Te-pi_352.jpg,pituitary,pituitary,0.9989,pituitary,False,False,pituitary,True
archive_v2/Testing\meningioma\Te-me_137.jpg,meningioma,meningioma,0.8317,meningioma,False,False,meningioma,True
archive_v2/Testing\meningioma\meningioma_TT_0484.jpg,meningioma,meningioma,0.9608,meningioma,False,False,meningioma,True
archive_v2/Testing\meningioma\Te-me_289.jpg,meningioma,meningioma,0.9008,meningioma,False,False,meningioma,True
archive_v2/Testing\notumor\Te-no_213.jpg,notumor,notumor,0.9927,notumor,False,False,notumor,True
archive_v2/Testing\glioma\glioma_TT_1653.jpg,glioma,glioma,0.8079,glioma,False,False,glioma,True
archive_v2/Testing\meningioma\meningioma_TT_0043.jpg,meningioma,meningioma,0.9152,meningioma,False,False,meningioma,True
archive_v2/Testing\pituitary\pituitary_TT_1261.jpg,pituitary,pituitary,0.9793,pituitary,False,False,pituitary,True
archive_v2/Testing\meningioma\meningioma_TT_2357.jpg,meningioma,meningioma,0.5953,pituitary,True,True,meningioma,True
archive_v2/Testing\pituitary\Te-pi_378.jpg,pituitary,pituitary,0.998,pituitary,False,False,pituitary,True
archive_v2/Testing\meningioma\meningioma_TT_1667.jpg,meningioma,pituitary,0.4823,pituitary,False,False,pituitary,False
archive_v2/Testing\meningioma\meningioma_TT_1916.jpg,meningioma,meningioma,0.9927,meningioma,False,False,meningioma,True
archive_v2/Testing\notumor\Te-no_256.jpg,notumor,notumor,0.9993,notumor,False,False,notumor,True
archive_v2/Testing\pituitary\pituitary_TT_0157.jpg,pituitary,pituitary,0.922,pituitary,False,False,pituitary,True
archive_v2/Testing\glioma\Te-gl_49.jpg,glioma,glioma,0.7192,notumor,True,True,glioma,True
archive_v2/Testing\pituitary\Te-pi_345.jpg,pituitary,pituitary,0.9983,pituitary,False,False,pituitary,True
archive_v2/Testing\glioma\glioma_TT_1481.jpg,glioma,glioma,0.8138,notumor,True,True,glioma,True
archive_v2/Testing\glioma\glioma_TT_0269.jpg,glioma,glioma,0.9982,glioma,False,False,glioma,True
archive_v2/Testing\pituitary\Te-pi_143.jpg,pituitary,pituitary,0.9954,pituitary,False,False,pituitary,True
archive_v2/Testing\meningioma\Te-me_55.jpg,meningioma,meningioma,0.9728,meningioma,False,False,meningioma,True
archive_v2/Testing\glioma\glioma_TT_1220.jpg,glioma,glioma,0.7235,glioma,False,False,glioma,True
archive_v2/Testing\meningioma\meningioma_TT_1010.jpg,meningioma,meningioma,0.831,meningioma,False,False,meningioma,True
archive_v2/Testing\notumor\Te-no_88.jpg,notumor,notumor,0.9998,notumor,False,False,notumor,True
archive_v2/Testing\notumor\Te-no_222.jpg,notumor,notumor,0.9988,notumor,False,False,notumor,True
archive_v2/Testing\notumor\Te-no_190.jpg,notumor,notumor,0.9997,notumor,False,False,notumor,True
archive_v2/Testing\meningioma\meningioma_TT_2343.jpg,meningioma,meningioma,0.7811,meningioma,False,False,meningioma,True
archive_v2/Testing\meningioma\Te-aug-me_33.jpg,meningioma,meningioma,0.987,meningioma,False,False,meningioma,True
archive_v2/Testing\pituitary\Te-pi_278.jpg,pituitary,pituitary,0.9977,pituitary,False,False,pituitary,True
archive_v2/Testing\glioma\glioma_TT_0504.jpg,glioma,glioma,0.9829,glioma,False,False,glioma,True
archive_v2/Testing\glioma\Te-gl_294.jpg,glioma,glioma,0.9892,glioma,False,False,glioma,True
archive_v2/Testing\pituitary\pituitary_TT_2142.jpg,pituitary,pituitary,0.8461,pituitary,False,False,pituitary,True
archive_v2/Testing\glioma\glioma_TT_2513.jpg,glioma,glioma,0.9929,glioma,False,False,glioma,True
archive_v2/Testing\pituitary\pituitary_TT_0651.jpg,pituitary,pituitary,0.9182,notumor,False,False,pituitary,True
archive_v2/Testing\glioma\glioma_TT_1754.jpg,glioma,meningioma,0.4737,notumor,True,True,meningioma,False
archive_v2/Testing\meningioma\Te-me_219.jpg,meningioma,meningioma,0.9419,meningioma,False,False,meningioma,True
archive_v2/Testing\meningioma\meningioma_TT_2325.jpg,meningioma,meningioma,0.5924,pituitary,True,True,meningioma,True
archive_v2/Testing\pituitary\pituitary_TT_1109.jpg,pituitary,pituitary,0.4907,notumor,True,True,pituitary,True
archive_v2/Testing\pituitary\pituitary_TT_0578.jpg,pituitary,pituitary,0.8501,pituitary,False,False,pituitary,True
archive_v2/Testing\pituitary\Te-pi_135.jpg,pituitary,pituitary,0.9998,pituitary,False,False,pituitary,True
archive_v2/Testing\glioma\Te-gl_55.jpg,glioma,glioma,0.9047,glioma,False,False,glioma,True
archive_v2/Testing\pituitary\pituitary_TT_2022.jpg,pituitary,glioma,0.429,meningioma,True,True,glioma,False
archive_v2/Testing\glioma\Te-gl_137.jpg,glioma,glioma,0.4864,glioma,False,False,glioma,True
archive_v2/Testing\glioma\glioma_TT_2179.jpg,glioma,glioma,0.9974,glioma,False,False,glioma,True
archive_v2/Testing\pituitary\pituitary_TT_1831.jpg,pituitary,pituitary,0.4186,notumor,True,True,pituitary,True
archive_v2/Testing\pituitary\pituitary_TT_1802.jpg,pituitary,pituitary,0.5409,pituitary,False,False,pituitary,True
archive_v2/Testing\glioma\glioma_TT_2315.jpg,glioma,glioma,0.996,glioma,False,False,glioma,True
archive_v2/Testing\meningioma\Te-me_128.jpg,meningioma,meningioma,0.7588,meningioma,False,False,meningioma,True
archive_v2/Testing\pituitary\Te-pi_212.jpg,pituitary,pituitary,0.8418,pituitary,False,False,pituitary,True
archive_v2/Testing\glioma\glioma_TT_2172.jpg,glioma,glioma,0.9837,glioma,False,False,glioma,True
archive_v2/Testing\glioma\glioma_TT_3872.jpg,glioma,glioma,0.8467,notumor,False,False,glioma,True
archive_v2/Testing\glioma\glioma_TT_2390.jpg,glioma,glioma,0.9905,glioma,False,False,glioma,True
archive_v2/Testing\notumor\Te-no_370.jpg,notumor,notumor,0.9998,notumor,False,False,notumor,True
archive_v2/Testing\pituitary\Te-pi_101.jpg,pituitary,pituitary,0.9998,pituitary,False,False,pituitary,True
archive_v2/Testing\pituitary\pituitary_TT_1420.jpg,pituitary,pituitary,0.5094,pituitary,False,False,pituitary,True
archive_v2/Testing\glioma\Te-gl_242.jpg,glioma,glioma,0.9989,glioma,False,False,glioma,True
archive_v2/Testing\glioma\glioma_TT_2773.jpg,glioma,glioma,0.9802,glioma,False,False,glioma,True
archive_v2/Testing\notumor\Te-no_372.jpg,notumor,notumor,0.9998,notumor,False,False,notumor,True
archive_v2/Testing\glioma\glioma_TT_2479.jpg,glioma,glioma,0.9981,glioma,False,False,glioma,True
archive_v2/Testing\pituitary\pituitary_TT_1603.jpg,pituitary,pituitary,0.7723,pituitary,False,False,pituitary,True
archive_v2/Testing\notumor\Te-no_168.jpg,notumor,notumor,0.9995,notumor,False,False,notumor,True
archive_v2/Testing\pituitary\Te-pi_187.jpg,pituitary,pituitary,0.9991,pituitary,False,False,pituitary,True
archive_v2/Testing\glioma\glioma_TT_2125.jpg,glioma,glioma,0.9829,glioma,False,False,glioma,True
archive_v2/Testing\notumor\Te-no_289.jpg,notumor,notumor,0.9999,notumor,False,False,notumor,True
archive_v2/Testing\pituitary\pituitary_TT_0418.jpg,pituitary,pituitary,0.7978,pituitary,False,False,pituitary,True
archive_v2/Testing\meningioma\meningioma_TT_0367.jpg,meningioma,glioma,0.5234,meningioma,True,True,meningioma,True
archive_v2/Testing\meningioma\Te-me_18.jpg,meningioma,meningioma,0.9572,meningioma,False,False,meningioma,True
archive_v2/Testing\meningioma\meningioma_TT_0633.jpg,meningioma,meningioma,0.5641,meningioma,False,False,meningioma,True
archive_v2/Testing\glioma\glioma_TT_3751.jpg,glioma,glioma,0.828,glioma,False,False,glioma,True
archive_v2/Testing\notumor\Te-no_246.jpg,notumor,notumor,0.9763,notumor,False,False,notumor,True
archive_v2/Testing\notumor\Te-no_202.jpg,notumor,notumor,0.9992,notumor,False,False,notumor,True
archive_v2/Testing\pituitary\Te-pi_370.jpg,pituitary,pituitary,0.8843,pituitary,False,False,pituitary,True
archive_v2/Testing\glioma\glioma_TT_3520.jpg,glioma,glioma,0.4044,glioma,False,False,glioma,True
archive_v2/Testing\notumor\Te-no_226.jpg,notumor,notumor,1.0,notumor,False,False,notumor,True
archive_v2/Testing\glioma\Te-gl_337.jpg,glioma,glioma,0.4558,glioma,False,False,glioma,True
archive_v2/Testing\glioma\Te-gl_62.jpg,glioma,meningioma,0.6818,meningioma,False,False,meningioma,False
archive_v2/Testing\pituitary\pituitary_TT_2662.jpg,pituitary,pituitary,0.9727,pituitary,False,False,pituitary,True
archive_v2/Testing\pituitary\pituitary_TT_1679.jpg,pituitary,pituitary,0.9662,pituitary,False,False,pituitary,True
archive_v2/Testing\pituitary\pituitary_TT_1356.jpg,pituitary,pituitary,0.8038,pituitary,False,False,pituitary,True
archive_v2/Testing\meningioma\meningioma_TT_2335.jpg,meningioma,meningioma,0.7436,meningioma,False,False,meningioma,True
archive_v2/Testing\glioma\Te-gl_32.jpg,glioma,notumor,0.4149,meningioma,True,True,meningioma,False
archive_v2/Testing\glioma\glioma_TT_1443.jpg,glioma,glioma,0.8129,glioma,False,False,glioma,True
archive_v2/Testing\notumor\Te-no_131.jpg,notumor,notumor,0.9995,notumor,False,False,notumor,True
archive_v2/Testing\glioma\glioma_TT_0640.jpg,glioma,glioma,0.9772,glioma,False,False,glioma,True
archive_v2/Testing\meningioma\Te-me_9.jpg,meningioma,glioma,0.7259,meningioma,True,True,meningioma,True
archive_v2/Testing\notumor\Te-no_139.jpg,notumor,notumor,1.0,notumor,False,False,notumor,True
archive_v2/Testing\meningioma\meningioma_TT_2043.jpg,meningioma,meningioma,0.8471,meningioma,False,False,meningioma,True
archive_v2/Testing\pituitary\Te-pi_243.jpg,pituitary,pituitary,0.9954,pituitary,False,False,pituitary,True
archive_v2/Testing\pituitary\Te-pi_359.jpg,pituitary,pituitary,0.9997,pituitary,False,False,pituitary,True
archive_v2/Testing\pituitary\pituitary_TT_2652.jpg,pituitary,pituitary,0.9083,pituitary,False,False,pituitary,True
archive_v2/Testing\glioma\Te-gl_112.jpg,glioma,glioma,0.9985,glioma,False,False,glioma,True
archive_v2/Testing\glioma\Te-gl_20.jpg,glioma,glioma,0.9854,glioma,False,False,glioma,True
archive_v2/Testing\meningioma\Te-aug-me_52.jpg,meningioma,meningioma,0.9722,meningioma,False,False,meningioma,True
archive_v2/Testing\glioma\glioma_TT_2110.jpg,glioma,glioma,0.9982,glioma,False,False,glioma,True
archive_v2/Testing\glioma\glioma_TT_0262.jpg,glioma,glioma,0.9977,glioma,False,False,glioma,True
archive_v2/Testing\glioma\Te-gl_183.jpg,glioma,glioma,0.994,glioma,False,False,glioma,True
archive_v2/Testing\glioma\glioma_TT_1211.jpg,glioma,glioma,0.417,glioma,False,False,glioma,True
archive_v2/Testing\notumor\Te-no_142.jpg,notumor,notumor,0.9994,notumor,False,False,notumor,True
archive_v2/Testing\glioma\glioma_TT_3454.jpg,glioma,glioma,0.8673,glioma,False,False,glioma,True
archive_v2/Testing\pituitary\Te-pi_191.jpg,pituitary,pituitary,0.9956,pituitary,False,False,pituitary,True
archive_v2/Testing\meningioma\Te-aug-me_40.jpg,meningioma,pituitary,0.9205,glioma,False,False,pituitary,False
archive_v2/Testing\pituitary\pituitary_TT_1368.jpg,pituitary,pituitary,0.7039,meningioma,True,True,pituitary,True
archive_v2/Testing\meningioma\meningioma_TT_2400.jpg,meningioma,pituitary,0.5631,meningioma,True,True,meningioma,True
archive_v2/Testing\glioma\glioma_TT_0894.jpg,glioma,glioma,0.9746,glioma,False,False,glioma,True
archive_v2/Testing\glioma\Te-gl_303.jpg,glioma,meningioma,0.5523,notumor,True,True,glioma,True
archive_v2/Testing\meningioma\meningioma_TT_2419.jpg,meningioma,meningioma,0.5666,meningioma,False,False,meningioma,True
archive_v2/Testing\glioma\glioma_TT_1605.jpg,glioma,glioma,0.9732,glioma,False,False,glioma,True
archive_v2/Testing\glioma\Te-gl_309.jpg,glioma,glioma,0.7482,glioma,False,False,glioma,True
archive_v2/Testing\pituitary\Te-pi_276.jpg,pituitary,pituitary,0.9917,pituitary,False,False,pituitary,True
archive_v2/Testing\meningioma\Te-me_72.jpg,meningioma,meningioma,0.9867,meningioma,False,False,meningioma,True
archive_v2/Testing\glioma\glioma_TT_0198.jpg,glioma,glioma,0.9784,glioma,False,False,glioma,True
archive_v2/Testing\meningioma\meningioma_TT_1979.jpg,meningioma,meningioma,0.5429,meningioma,False,False,meningioma,True
archive_v2/Testing\pituitary\pituitary_TT_1664.jpg,pituitary,pituitary,0.8205,pituitary,False,False,pituitary,True
archive_v2/Testing\glioma\glioma_TT_2564.jpg,glioma,glioma,0.9994,glioma,False,False,glioma,True
archive_v2/Testing\meningioma\Te-aug-me_67.jpg,meningioma,meningioma,0.9741,meningioma,False,False,meningioma,True
archive_v2/Testing\pituitary\Te-pi_259.jpg,pituitary,pituitary,0.9943,pituitary,False,False,pituitary,True
archive_v2/Testing\notumor\Te-no_145.jpg,notumor,notumor,0.9972,notumor,False,False,notumor,True
archive_v2/Testing\pituitary\Te-pi_351.jpg,pituitary,pituitary,0.9989,pituitary,False,False,pituitary,True
archive_v2/Testing\pituitary\pituitary_TT_2193.jpg,pituitary,pituitary,0.9613,pituitary,False,False,pituitary,True
archive_v2/Testing\glioma\glioma_TT_0799.jpg,glioma,glioma,0.9093,glioma,False,False,glioma,True
archive_v2/Testing\glioma\Te-gl_25.jpg,glioma,pituitary,0.486,glioma,True,True,glioma,True
archive_v2/Testing\meningioma\Te-me_190.jpg,meningioma,meningioma,0.7211,meningioma,False,False,meningioma,True
archive_v2/Testing\pituitary\pituitary_TT_0400.jpg,pituitary,meningioma,0.7233,notumor,True,True,meningioma,False
archive_v2/Testing\pituitary\Te-pi_74.jpg,pituitary,pituitary,0.9982,pituitary,False,False,pituitary,True
archive_v2/Testing\notumor\Te-no_324.jpg,notumor,notumor,0.9571,notumor,False,False,notumor,True
archive_v2/Testing\pituitary\pituitary_TT_2599.jpg,pituitary,pituitary,0.9176,pituitary,False,False,pituitary,True
archive_v2/Testing\glioma\Te-gl_386.jpg,glioma,glioma,0.8847,glioma,False,False,glioma,True
archive_v2/Testing\glioma\Te-gl_196.jpg,glioma,meningioma,0.6666,meningioma,False,False,meningioma,False
archive_v2/Testing\notumor\Te-no_25.jpg,notumor,notumor,0.9998,notumor,False,False,notumor,True
archive_v2/Testing\glioma\Te-gl_255.jpg,glioma,glioma,0.9987,glioma,False,False,glioma,True
archive_v2/Testing\meningioma\Te-aug-me_47.jpg,meningioma,meningioma,0.9937,meningioma,False,False,meningioma,True
archive_v2/Testing\pituitary\Te-pi_68.jpg,pituitary,pituitary,0.99,pituitary,False,False,pituitary,True
archive_v2/Testing\meningioma\meningioma_TT_1789.jpg,meningioma,meningioma,0.9975,meningioma,False,False,meningioma,True
archive_v2/Testing\meningioma\meningioma_TT_0046.jpg,meningioma,meningioma,0.9067,meningioma,False,False,meningioma,True
archive_v2/Testing\glioma\glioma_TT_1412.jpg,glioma,glioma,0.6315,notumor,True,True,glioma,True
archive_v2/Testing\meningioma\Te-me_278.jpg,meningioma,meningioma,0.9002,meningioma,False,False,meningioma,True
archive_v2/Testing\glioma\glioma_TT_1232.jpg,glioma,glioma,0.698,notumor,True,True,glioma,True
archive_v2/Testing\glioma\glioma_TT_1831.jpg,glioma,glioma,0.5471,glioma,False,False,glioma,True
archive_v2/Testing\pituitary\pituitary_TT_1845.jpg,pituitary,meningioma,0.4602,pituitary,True,True,meningioma,False
archive_v2/Testing\glioma\glioma_TT_1571.jpg,glioma,glioma,0.9049,glioma,False,False,glioma,True
archive_v2/Testing\glioma\glioma_TT_2678.jpg,glioma,glioma,0.9934,notumor,False,False,glioma,True
archive_v2/Testing\glioma\glioma_TT_2323.jpg,glioma,glioma,0.9946,glioma,False,False,glioma,True
archive_v2/Testing\glioma\glioma_TT_1899.jpg,glioma,glioma,0.9185,glioma,False,False,glioma,True
archive_v2/Testing\glioma\glioma_TT_0194.jpg,glioma,glioma,0.988,glioma,False,False,glioma,True
archive_v2/Testing\notumor\Te-no_12.jpg,notumor,notumor,0.9999,notumor,False,False,notumor,True
archive_v2/Testing\meningioma\Te-me_56.jpg,meningioma,meningioma,0.9293,meningioma,False,False,meningioma,True
archive_v2/Testing\pituitary\pituitary_TT_2554.jpg,pituitary,pituitary,0.9154,pituitary,False,False,pituitary,True
archive_v2/Testing\notumor\Te-no_302.jpg,notumor,notumor,0.9998,notumor,False,False,notumor,True
archive_v2/Testing\meningioma\Te-me_114.jpg,meningioma,pituitary,0.8018,meningioma,False,False,pituitary,False
archive_v2/Testing\notumor\Te-no_16.jpg,notumor,notumor,0.9996,notumor,False,False,notumor,True
archive_v2/Testing\pituitary\pituitary_TT_1517.jpg,pituitary,pituitary,0.6415,pituitary,False,False,pituitary,True
archive_v2/Testing\glioma\Te-gl_227.jpg,glioma,glioma,0.9989,glioma,False,False,glioma,True
archive_v2/Testing\glioma\glioma_TT_2148.jpg,glioma,glioma,0.9982,glioma,False,False,glioma,True
archive_v2/Testing\meningioma\Te-me_16.jpg,meningioma,meningioma,0.9807,meningioma,False,False,meningioma,True
archive_v2/Testing\pituitary\Te-pi_320.jpg,pituitary,pituitary,0.999,pituitary,False,False,pituitary,True
archive_v2/Testing\glioma\Te-gl_363.jpg,glioma,glioma,0.985,glioma,False,False,glioma,True
archive_v2/Testing\meningioma\meningioma_TT_0992.jpg,meningioma,meningioma,0.834,meningioma,False,False,meningioma,True
archive_v2/Testing\glioma\Te-gl_73.jpg,glioma,glioma,0.8261,glioma,False,False,glioma,True
archive_v2/Testing\glioma\Te-gl_11.jpg,glioma,glioma,0.9994,glioma,False,False,glioma,True
archive_v2/Testing\glioma\glioma_TT_1659.jpg,glioma,glioma,0.4619,glioma,False,False,glioma,True
archive_v2/Testing\pituitary\Te-pi_70.jpg,pituitary,pituitary,0.9962,pituitary,False,False,pituitary,True
archive_v2/Testing\meningioma\meningioma_TT_1541.jpg,meningioma,meningioma,0.7224,pituitary,True,True,meningioma,True
archive_v2/Testing\notumor\Te-no_166.jpg,notumor,notumor,0.9678,notumor,False,False,notumor,True
archive_v2/Testing\pituitary\Te-pi_328.jpg,pituitary,pituitary,0.9936,pituitary,False,False,pituitary,True
archive_v2/Testing\meningioma\Te-me_243.jpg,meningioma,meningioma,0.9091,meningioma,False,False,meningioma,True
archive_v2/Testing\notumor\Te-no_341.jpg,notumor,notumor,1.0,notumor,False,False,notumor,True
archive_v2/Testing\notumor\Te-no_197.jpg,notumor,notumor,0.9879,notumor,False,False,notumor,True
archive_v2/Testing\glioma\Te-gl_152.jpg,glioma,glioma,0.9994,glioma,False,False,glioma,True
archive_v2/Testing\glioma\glioma_TT_0746.jpg,glioma,glioma,0.9968,glioma,False,False,glioma,True
archive_v2/Testing\meningioma\Te-me_226.jpg,meningioma,pituitary,0.7067,meningioma,True,True,pituitary,False
archive_v2/Testing\meningioma\meningioma_TT_0576.jpg,meningioma,meningioma,0.9327,meningioma,False,False,meningioma,True
archive_v2/Testing\meningioma\Te-me_160.jpg,meningioma,meningioma,0.9367,meningioma,False,False,meningioma,True
archive_v2/Testing\pituitary\Te-pi_396.jpg,pituitary,pituitary,0.9999,pituitary,False,False,pituitary,True
archive_v2/Testing\meningioma\Te-aug-me_70.jpg,meningioma,meningioma,0.8854,meningioma,False,False,meningioma,True
archive_v2/Testing\glioma\Te-gl_147.jpg,glioma,glioma,0.9996,glioma,False,False,glioma,True
archive_v2/Testing\pituitary\pituitary_TT_1311.jpg,pituitary,meningioma,0.591,pituitary,True,True,meningioma,False
archive_v2/Testing\meningioma\Te-me_132.jpg,meningioma,meningioma,0.5288,meningioma,False,False,meningioma,True
archive_v2/Testing\pituitary\Te-pi_301.jpg,pituitary,pituitary,0.998,pituitary,False,False,pituitary,True
archive_v2/Testing\meningioma\Te-aug-me_79.jpg,meningioma,meningioma,0.9754,meningioma,False,False,meningioma,True
archive_v2/Testing\meningioma\Te-aug-me_94.jpg,meningioma,meningioma,0.8634,meningioma,False,False,meningioma,True
archive_v2/Testing\meningioma\meningioma_TT_0480.jpg,meningioma,meningioma,0.9486,meningioma,False,False,meningioma,True
archive_v2/Testing\notumor\Te-no_344.jpg,notumor,notumor,0.9998,notumor,False,False,notumor,True
archive_v2/Testing\glioma\glioma_TT_3762.jpg,glioma,glioma,0.8476,glioma,False,False,glioma,True
archive_v2/Testing\meningioma\meningioma_TT_0756.jpg,meningioma,glioma,0.7299,meningioma,True,True,glioma,False
archive_v2/Testing\glioma\glioma_TT_2388.jpg,glioma,glioma,0.9992,glioma,False,False,glioma,True
archive_v2/Testing\pituitary\pituitary_TT_0987.jpg,pituitary,meningioma,0.4434,pituitary,True,True,glioma,False
archive_v2/Testing\glioma\glioma_TT_0343.jpg,glioma,glioma,0.9944,glioma,False,False,glioma,True
archive_v2/Testing\pituitary\Te-pi_83.jpg,pituitary,pituitary,0.9997,pituitary,False,False,pituitary,True
archive_v2/Testing\glioma\glioma_TT_0843.jpg,glioma,glioma,0.9972,glioma,False,False,glioma,True
archive_v2/Testing\pituitary\pituitary_TT_0936.jpg,pituitary,pituitary,0.9047,pituitary,False,False,pituitary,True
archive_v2/Testing\glioma\Te-gl_310.jpg,glioma,glioma,0.85,meningioma,False,False,glioma,True
archive_v2/Testing\glioma\glioma_TT_1820.jpg,glioma,glioma,0.5085,glioma,False,False,glioma,True
archive_v2/Testing\notumor\Te-no_396.jpg,notumor,notumor,0.9832,notumor,False,False,notumor,True
archive_v2/Testing\pituitary\pituitary_TT_2690.jpg,pituitary,pituitary,0.5205,pituitary,False,False,pituitary,True
archive_v2/Testing\notumor\Te-no_326.jpg,notumor,notumor,1.0,notumor,False,False,notumor,True
archive_v2/Testing\pituitary\pituitary_TT_1389.jpg,pituitary,meningioma,0.5918,meningioma,False,False,meningioma,False
archive_v2/Testing\meningioma\meningioma_TT_0775.jpg,meningioma,meningioma,0.7785,pituitary,True,True,meningioma,True
archive_v2/Testing\glioma\glioma_TT_0322.jpg,glioma,glioma,0.9898,glioma,False,False,glioma,True
archive_v2/Testing\glioma\glioma_TT_3013.jpg,glioma,glioma,0.8094,notumor,True,True,glioma,True
archive_v2/Testing\pituitary\pituitary_TT_0271.jpg,pituitary,meningioma,0.6169,notumor,True,True,meningioma,False
archive_v2/Testing\glioma\Te-gl_384.jpg,glioma,glioma,0.9062,glioma,False,False,glioma,True
archive_v2/Testing\pituitary\pituitary_TT_1970.jpg,pituitary,pituitary,0.6166,glioma,True,True,pituitary,True
archive_v2/Testing\glioma\glioma_TT_3247.jpg,glioma,glioma,0.5873,notumor,True,True,glioma,True
archive_v2/Testing\meningioma\Te-aug-me_12.jpg,meningioma,meningioma,0.9584,meningioma,False,False,meningioma,True
archive_v2/Testing\glioma\Te-gl_290.jpg,glioma,glioma,0.7306,glioma,False,False,glioma,True
archive_v2/Testing\pituitary\Te-pi_398.jpg,pituitary,pituitary,0.9986,pituitary,False,False,pituitary,True
archive_v2/Testing\glioma\glioma_TT_1237.jpg,glioma,glioma,0.9011,glioma,False,False,glioma,True
archive_v2/Testing\meningioma\Te-aug-me_54.jpg,meningioma,meningioma,0.8864,meningioma,False,False,meningioma,True
archive_v2/Testing\glioma\glioma_TT_0951.jpg,glioma,glioma,0.9484,glioma,False,False,glioma,True
archive_v2/Testing\notumor\Te-no_76.jpg,notumor,notumor,0.9983,notumor,False,False,notumor,True
archive_v2/Testing\notumor\Te-no_385.jpg,notumor,notumor,0.9999,notumor,False,False,notumor,True
archive_v2/Testing\meningioma\Te-me_277.jpg,meningioma,meningioma,0.9585,meningioma,False,False,meningioma,True
archive_v2/Testing\meningioma\meningioma_TT_1499.jpg,meningioma,meningioma,0.9114,meningioma,False,False,meningioma,True
archive_v2/Testing\notumor\Te-no_283.jpg,notumor,notumor,0.9997,notumor,False,False,notumor,True
archive_v2/Testing\pituitary\Te-pi_304.jpg,pituitary,pituitary,0.9968,pituitary,False,False,pituitary,True
archive_v2/Testing\meningioma\Te-me_63.jpg,meningioma,meningioma,0.982,meningioma,False,False,meningioma,True
archive_v2/Testing\notumor\Te-no_51.jpg,notumor,notumor,0.9922,notumor,False,False,notumor,True
archive_v2/Testing\meningioma\Te-me_174.jpg,meningioma,meningioma,0.6015,meningioma,False,False,meningioma,True
archive_v2/Testing\meningioma\meningioma_TT_1040.jpg,meningioma,meningioma,0.535,meningioma,False,False,meningioma,True
archive_v2/Testing\glioma\glioma_TT_1679.jpg,glioma,glioma,0.6562,notumor,True,True,glioma,True
archive_v2/Testing\glioma\glioma_TT_2240.jpg,glioma,glioma,0.9889,glioma,False,False,glioma,True
archive_v2/Testing\glioma\Te-gl_324.jpg,glioma,glioma,0.9955,notumor,False,False,glioma,True
archive_v2/Testing\pituitary\Te-pi_63.jpg,pituitary,pituitary,0.9794,pituitary,False,False,pituitary,True
archive_v2/Testing\glioma\glioma_TT_1460.jpg,glioma,glioma,0.3766,glioma,False,False,glioma,True
archive_v2/Testing\meningioma\meningioma_TT_2262.jpg,meningioma,meningioma,0.7963,meningioma,False,False,meningioma,True
archive_v2/Testing\glioma\glioma_TT_3766.jpg,glioma,glioma,0.8828,glioma,False,False,glioma,True
archive_v2/Testing\meningioma\meningioma_TT_1967.jpg,meningioma,meningioma,0.6232,meningioma,False,False,meningioma,True
archive_v2/Testing\pituitary\Te-pi_97.jpg,pituitary,pituitary,0.9997,pituitary,False,False,pituitary,True
archive_v2/Testing\pituitary\pituitary_TT_2824.jpg,pituitary,pituitary,0.5528,pituitary,False,False,pituitary,True
archive_v2/Testing\notumor\Te-no_49.jpg,notumor,notumor,0.9548,notumor,False,False,notumor,True
archive_v2/Testing\glioma\Te-gl_339.jpg,glioma,glioma,0.9997,glioma,False,False,glioma,True
archive_v2/Testing\meningioma\meningioma_TT_0428.jpg,meningioma,meningioma,0.5479,notumor,True,True,notumor,False
archive_v2/Testing\glioma\glioma_TT_1862.jpg,glioma,glioma,0.5282,notumor,True,True,glioma,True
archive_v2/Testing\pituitary\pituitary_TT_0811.jpg,pituitary,pituitary,0.9844,pituitary,False,False,pituitary,True
archive_v2/Testing\meningioma\Te-me_52.jpg,meningioma,meningioma,0.9256,meningioma,False,False,meningioma,True
archive_v2/Testing\glioma\Te-gl_277.jpg,glioma,notumor,0.6845,notumor,False,False,notumor,False
archive_v2/Testing\notumor\Te-no_137.jpg,notumor,notumor,1.0,notumor,False,False,notumor,True
archive_v2/Testing\glioma\Te-gl_270.jpg,glioma,glioma,0.8487,glioma,False,False,glioma,True
archive_v2/Testing\glioma\Te-gl_256.jpg,glioma,glioma,0.9011,notumor,False,False,glioma,True
archive_v2/Testing\meningioma\meningioma_TT_2385.jpg,meningioma,pituitary,0.5146,glioma,True,True,pituitary,False
archive_v2/Testing\pituitary\Te-pi_64.jpg,pituitary,pituitary,0.9368,pituitary,False,False,pituitary,True
archive_v2/Testing\glioma\Te-gl_222.jpg,glioma,glioma,0.9563,glioma,False,False,glioma,True
archive_v2/Testing\pituitary\pituitary_TT_2745.jpg,pituitary,pituitary,0.8482,notumor,False,False,pituitary,True
archive_v2/Testing\notumor\Te-no_357.jpg,notumor,notumor,0.9999,notumor,False,False,notumor,True
archive_v2/Testing\meningioma\Te-me_213.jpg,meningioma,meningioma,0.9,meningioma,False,False,meningioma,True
archive_v2/Testing\glioma\Te-gl_380.jpg,glioma,glioma,0.8241,glioma,False,False,glioma,True
archive_v2/Testing\pituitary\pituitary_TT_2177.jpg,pituitary,pituitary,0.9124,pituitary,False,False,pituitary,True
archive_v2/Testing\meningioma\Te-me_60.jpg,meningioma,meningioma,0.9048,meningioma,False,False,meningioma,True
archive_v2/Testing\glioma\glioma_TT_3256.jpg,glioma,glioma,0.8344,glioma,False,False,glioma,True
archive_v2/Testing\meningioma\meningioma_TT_2371.jpg,meningioma,meningioma,0.8348,meningioma,False,False,meningioma,True
archive_v2/Testing\meningioma\meningioma_TT_0857.jpg,meningioma,meningioma,0.9146,meningioma,False,False,meningioma,True
archive_v2/Testing\meningioma\Te-me_10.jpg,meningioma,meningioma,0.9827,meningioma,False,False,meningioma,True
archive_v2/Testing\glioma\Te-gl_9.jpg,glioma,glioma,0.9997,glioma,False,False,glioma,True
archive_v2/Testing\pituitary\Te-pi_349.jpg,pituitary,pituitary,0.9981,pituitary,False,False,pituitary,True
archive_v2/Testing\meningioma\meningioma_TT_0289.jpg,meningioma,meningioma,0.3971,meningioma,False,False,meningioma,True
archive_v2/Testing\pituitary\pituitary_TT_2531.jpg,pituitary,pituitary,0.961,pituitary,False,False,pituitary,True
archive_v2/Testing\meningioma\Te-me_198.jpg,meningioma,meningioma,0.6033,meningioma,False,False,meningioma,True
archive_v2/Testing\meningioma\meningioma_TT_0556.jpg,meningioma,meningioma,0.928,meningioma,False,False,meningioma,True
archive_v2/Testing\glioma\glioma_TT_2719.jpg,glioma,glioma,0.9541,glioma,False,False,glioma,True
archive_v2/Testing\pituitary\pituitary_TT_1660.jpg,pituitary,pituitary,0.8667,pituitary,False,False,pituitary,True
archive_v2/Testing\meningioma\meningioma_TT_0890.jpg,meningioma,meningioma,0.8496,meningioma,False,False,meningioma,True
archive_v2/Testing\glioma\glioma_TT_2408.jpg,glioma,glioma,0.9928,glioma,False,False,glioma,True
archive_v2/Testing\pituitary\pituitary_TT_1385.jpg,pituitary,pituitary,0.6751,notumor,True,True,pituitary,True
archive_v2/Testing\pituitary\Te-pi_236.jpg,pituitary,pituitary,0.999,pituitary,False,False,pituitary,True
archive_v2/Testing\meningioma\meningioma_TT_0891.jpg,meningioma,meningioma,0.828,meningioma,False,False,meningioma,True
archive_v2/Testing\notumor\Te-no_169.jpg,notumor,notumor,0.998,notumor,False,False,notumor,True
archive_v2/Testing\meningioma\Te-aug-me_34.jpg,meningioma,meningioma,0.9992,meningioma,False,False,meningioma,True
archive_v2/Testing\notumor\Te-no_19.jpg,notumor,notumor,1.0,notumor,False,False,notumor,True
archive_v2/Testing\pituitary\Te-pi_216.jpg,pituitary,pituitary,0.9973,pituitary,False,False,pituitary,True
archive_v2/Testing\pituitary\pituitary_TT_2905.jpg,pituitary,pituitary,0.7621,notumor,True,True,pituitary,True
archive_v2/Testing\glioma\glioma_TT_0574.jpg,glioma,glioma,0.9987,glioma,False,False,glioma,True
archive_v2/Testing\glioma\Te-gl_341.jpg,glioma,notumor,0.9017,notumor,False,False,notumor,False
archive_v2/Testing\glioma\glioma_TT_1071.jpg,glioma,glioma,0.841,glioma,False,False,glioma,True
archive_v2/Testing\pituitary\Te-pi_78.jpg,pituitary,pituitary,0.9544,pituitary,False,False,pituitary,True
archive_v2/Testing\pituitary\Te-pi_360.jpg,pituitary,pituitary,0.9998,pituitary,False,False,pituitary,True
archive_v2/Testing\glioma\Te-gl_370.jpg,glioma,glioma,0.9988,glioma,False,False,glioma,True
archive_v2/Testing\pituitary\pituitary_TT_0934.jpg,pituitary,pituitary,0.9572,pituitary,False,False,pituitary,True
archive_v2/Testing\meningioma\meningioma_TT_2185.jpg,meningioma,meningioma,0.9169,meningioma,False,False,meningioma,True
archive_v2/Testing\pituitary\Te-pi_269.jpg,pituitary,pituitary,0.9959,pituitary,False,False,pituitary,True
archive_v2/Testing\meningioma\meningioma_TT_0838.jpg,meningioma,meningioma,0.806,meningioma,False,False,meningioma,True
archive_v2/Testing\meningioma\meningioma_TT_0331.jpg,meningioma,meningioma,0.6386,meningioma,False,False,meningioma,True
archive_v2/Testing\meningioma\meningioma_TT_1970.jpg,meningioma,meningioma,0.5107,meningioma,False,False,meningioma,True
archive_v2/Testing\pituitary\pituitary_TT_1102.jpg,pituitary,pituitary,0.4351,pituitary,False,False,pituitary,True
archive_v2/Testing\pituitary\Te-pi_288.jpg,pituitary,pituitary,0.9997,pituitary,False,False,pituitary,True
archive_v2/Testing\meningioma\meningioma_TT_1500.jpg,meningioma,meningioma,0.8385,meningioma,False,False,meningioma,True
archive_v2/Testing\pituitary\Te-pi_257.jpg,pituitary,pituitary,0.989,pituitary,False,False,pituitary,True
archive_v2/Testing\pituitary\pituitary_TT_2629.jpg,pituitary,pituitary,0.9707,pituitary,False,False,pituitary,True
archive_v2/Testing\pituitary\Te-pi_193.jpg,pituitary,pituitary,0.9999,pituitary,False,False,pituitary,True
archive_v2/Testing\meningioma\meningioma_TT_2437.jpg,meningioma,meningioma,0.8022,meningioma,False,False,meningioma,True
archive_v2/Testing\meningioma\meningioma_TT_1399.jpg,meningioma,pituitary,0.6162,meningioma,True,True,pituitary,False
archive_v2/Testing\glioma\glioma_TT_0229.jpg,glioma,glioma,0.9802,glioma,False,False,glioma,True
archive_v2/Testing\pituitary\pituitary_TT_2715.jpg,pituitary,pituitary,0.7448,pituitary,False,False,pituitary,True
archive_v2/Testing\meningioma\meningioma_TT_1295.jpg,meningioma,meningioma,0.9786,meningioma,False,False,meningioma,True
archive_v2/Testing\pituitary\Te-pi_199.jpg,pituitary,pituitary,0.9975,pituitary,False,False,pituitary,True
archive_v2/Testing\pituitary\pituitary_TT_2131.jpg,pituitary,pituitary,0.9553,pituitary,False,False,pituitary,True
archive_v2/Testing\glioma\glioma_TT_0347.jpg,glioma,glioma,0.9893,glioma,False,False,glioma,True
archive_v2/Testing\meningioma\meningioma_TT_0725.jpg,meningioma,glioma,0.7966,notumor,True,True,glioma,False
archive_v2/Testing\glioma\glioma_TT_0598.jpg,glioma,glioma,0.9992,glioma,False,False,glioma,True
archive_v2/Testing\glioma\Te-gl_292.jpg,glioma,glioma,0.9993,glioma,False,False,glioma,True
archive_v2/Testing\pituitary\pituitary_TT_0838.jpg,pituitary,pituitary,0.8685,pituitary,False,False,pituitary,True
archive_v2/Testing\glioma\glioma_TT_1645.jpg,glioma,glioma,0.8963,glioma,False,False,glioma,True
archive_v2/Testing\glioma\Te-gl_157.jpg,glioma,meningioma,0.6053,glioma,True,True,glioma,True
archive_v2/Testing\meningioma\Te-me_141.jpg,meningioma,meningioma,0.7151,meningioma,False,False,meningioma,True
archive_v2/Testing\pituitary\pituitary_TT_1495.jpg,pituitary,pituitary,0.9697,pituitary,False,False,pituitary,True
archive_v2/Testing\meningioma\Te-me_269.jpg,meningioma,meningioma,0.9434,meningioma,False,False,meningioma,True
archive_v2/Testing\pituitary\pituitary_TT_1257.jpg,pituitary,pituitary,0.9808,pituitary,False,False,pituitary,True
archive_v2/Testing\glioma\glioma_TT_0724.jpg,glioma,glioma,0.9645,glioma,False,False,glioma,True
archive_v2/Testing\notumor\Te-no_60.jpg,notumor,notumor,0.9974,notumor,False,False,notumor,True
archive_v2/Testing\glioma\glioma_TT_0260.jpg,glioma,glioma,0.9964,glioma,False,False,glioma,True
archive_v2/Testing\glioma\glioma_TT_1647.jpg,glioma,glioma,0.8565,glioma,False,False,glioma,True
archive_v2/Testing\notumor\Te-no_29.jpg,notumor,notumor,0.6653,notumor,False,False,notumor,True
archive_v2/Testing\glioma\glioma_TT_0698.jpg,glioma,glioma,0.9994,glioma,False,False,glioma,True
archive_v2/Testing\notumor\Te-no_345.jpg,notumor,notumor,0.9997,notumor,False,False,notumor,True
archive_v2/Testing\pituitary\Te-pi_373.jpg,pituitary,pituitary,0.9999,pituitary,False,False,pituitary,True
archive_v2/Testing\glioma\Te-gl_109.jpg,glioma,pituitary,0.7252,meningioma,True,True,meningioma,False
archive_v2/Testing\pituitary\pituitary_TT_0063.jpg,pituitary,pituitary,0.9618,pituitary,False,False,pituitary,True
archive_v2/Testing\notumor\Te-no_294.jpg,notumor,notumor,0.998,notumor,False,False,notumor,True
archive_v2/Testing\glioma\glioma_TT_2841.jpg,glioma,glioma,0.981,glioma,False,False,glioma,True
archive_v2/Testing\glioma\glioma_TT_2417.jpg,glioma,glioma,0.9983,glioma,False,False,glioma,True
archive_v2/Testing\glioma\glioma_TT_2281.jpg,glioma,glioma,0.9805,glioma,False,False,glioma,True
archive_v2/Testing\pituitary\Te-pi_290.jpg,pituitary,pituitary,0.999,pituitary,False,False,pituitary,True
archive_v2/Testing\glioma\glioma_TT_2238.jpg,glioma,glioma,0.9963,glioma,False,False,glioma,True
archive_v2/Testing\pituitary\pituitary_TT_1814.jpg,pituitary,meningioma,0.4717,meningioma,False,False,meningioma,False
archive_v2/Testing\glioma\glioma_TT_3057.jpg,glioma,glioma,0.6433,notumor,True,True,glioma,True
archive_v2/Testing\pituitary\pituitary_TT_0646.jpg,pituitary,pituitary,0.8922,pituitary,False,False,pituitary,True
archive_v2/Testing\pituitary\pituitary_TT_1269.jpg,pituitary,pituitary,0.9805,pituitary,False,False,pituitary,True
archive_v2/Testing\glioma\Te-gl_178.jpg,glioma,glioma,0.81,glioma,False,False,glioma,True
archive_v2/Testing\pituitary\pituitary_TT_2274.jpg,pituitary,meningioma,0.5344,meningioma,False,False,meningioma,False
archive_v2/Testing\glioma\Te-gl_77.jpg,glioma,glioma,0.8137,glioma,False,False,glioma,True
archive_v2/Testing\notumor\Te-no_192.jpg,notumor,notumor,1.0,notumor,False,False,notumor,True
archive_v2/Testing\glioma\glioma_TT_0521.jpg,glioma,glioma,0.9865,glioma,False,False,glioma,True
archive_v2/Testing\pituitary\pituitary_TT_2704.jpg,pituitary,pituitary,0.907,notumor,False,False,pituitary,True
archive_v2/Testing\glioma\glioma_TT_3700.jpg,glioma,meningioma,0.573,glioma,True,True,meningioma,False
archive_v2/Testing\meningioma\meningioma_TT_0279.jpg,meningioma,meningioma,0.618,notumor,True,True,meningioma,True
archive_v2/Testing\pituitary\pituitary_TT_1381.jpg,pituitary,meningioma,0.574,notumor,True,True,meningioma,False
archive_v2/Testing\meningioma\Te-me_270.jpg,meningioma,meningioma,0.8202,meningioma,False,False,meningioma,True
archive_v2/Testing\meningioma\Te-me_34.jpg,meningioma,meningioma,0.959,meningioma,False,False,meningioma,True
archive_v2/Testing\pituitary\Te-pi_110.jpg,pituitary,pituitary,0.9944,pituitary,False,False,pituitary,True
archive_v2/Testing\meningioma\Te-me_285.jpg,meningioma,meningioma,0.4749,meningioma,False,False,meningioma,True
archive_v2/Testing\glioma\glioma_TT_2913.jpg,glioma,glioma,0.99,glioma,False,False,glioma,True
archive_v2/Testing\meningioma\meningioma_TT_1201.jpg,meningioma,meningioma,0.7107,notumor,True,True,meningioma,True
archive_v2/Testing\meningioma\meningioma_TT_1178.jpg,meningioma,meningioma,0.8735,notumor,False,False,meningioma,True
archive_v2/Testing\glioma\glioma_TT_2463.jpg,glioma,glioma,0.9056,glioma,False,False,glioma,True
archive_v2/Testing\pituitary\pituitary_TT_0888.jpg,pituitary,pituitary,0.7537,pituitary,False,False,pituitary,True
archive_v2/Testing\glioma\Te-gl_22.jpg,glioma,glioma,0.8772,glioma,False,False,glioma,True
archive_v2/Testing\pituitary\Te-pi_21.jpg,pituitary,pituitary,0.9683,pituitary,False,False,pituitary,True
archive_v2/Testing\notumor\Te-no_360.jpg,notumor,notumor,1.0,notumor,False,False,notumor,True
archive_v2/Testing\meningioma\meningioma_TT_2158.jpg,meningioma,meningioma,0.9323,meningioma,False,False,meningioma,True
archive_v2/Testing\glioma\glioma_TT_0028.jpg,glioma,glioma,0.7723,glioma,False,False,glioma,True
archive_v2/Testing\notumor\Te-no_339.jpg,notumor,notumor,0.9853,notumor,False,False,notumor,True
archive_v2/Testing\pituitary\pituitary_TT_2254.jpg,pituitary,pituitary,0.6616,pituitary,False,False,pituitary,True
archive_v2/Testing\pituitary\Te-pi_336.jpg,pituitary,pituitary,0.9938,pituitary,False,False,pituitary,True
archive_v2/Testing\meningioma\Te-me_48.jpg,meningioma,meningioma,0.9754,meningioma,False,False,meningioma,True
archive_v2/Testing\pituitary\Te-pi_180.jpg,pituitary,pituitary,0.9948,pituitary,False,False,pituitary,True
archive_v2/Testing\meningioma\meningioma_TT_0050.jpg,meningioma,meningioma,0.9696,meningioma,False,False,meningioma,True
archive_v2/Testing\pituitary\pituitary_TT_1147.jpg,pituitary,pituitary,0.4452,notumor,True,True,pituitary,True
archive_v2/Testing\notumor\Te-no_287.jpg,notumor,notumor,0.9781,notumor,False,False,notumor,True
archive_v2/Testing\glioma\Te-gl_98.jpg,glioma,glioma,0.991,notumor,False,False,glioma,True
archive_v2/Testing\glioma\glioma_TT_0378.jpg,glioma,glioma,0.9997,glioma,False,False,glioma,True
archive_v2/Testing\meningioma\meningioma_TT_2222.jpg,meningioma,pituitary,0.6402,pituitary,False,False,pituitary,False
archive_v2/Testing\meningioma\Te-aug-me_7.jpg,meningioma,meningioma,0.942,meningioma,False,False,meningioma,True
archive_v2/Testing\glioma\Te-gl_236.jpg,glioma,glioma,0.9782,glioma,False,False,glioma,True
archive_v2/Testing\glioma\Te-gl_266.jpg,glioma,glioma,0.9894,glioma,False,False,glioma,True
archive_v2/Testing\glioma\glioma_TT_0845.jpg,glioma,glioma,0.9965,glioma,False,False,glioma,True
archive_v2/Testing\glioma\glioma_TT_0385.jpg,glioma,glioma,0.9997,glioma,False,False,glioma,True
archive_v2/Testing\notumor\Te-no_41.jpg,notumor,notumor,1.0,notumor,False,False,notumor,True
archive_v2/Testing\notumor\Te-no_244.jpg,notumor,notumor,0.9692,notumor,False,False,notumor,True
archive_v2/Testing\meningioma\meningioma_TT_1620.jpg,meningioma,meningioma,0.471,pituitary,True,True,pituitary,False
archive_v2/Testing\glioma\Te-gl_331.jpg,glioma,glioma,0.997,notumor,False,False,glioma,True
archive_v2/Testing\glioma\glioma_TT_2566.jpg,glioma,glioma,0.9996,glioma,False,False,glioma,True
archive_v2/Testing\meningioma\Te-me_157.jpg,meningioma,meningioma,0.8981,meningioma,False,False,meningioma,True
archive_v2/Testing\pituitary\pituitary_TT_2915.jpg,pituitary,pituitary,0.7033,pituitary,False,False,pituitary,True
archive_v2/Testing\meningioma\meningioma_TT_1794.jpg,meningioma,meningioma,0.993,meningioma,False,False,meningioma,True
archive_v2/Testing\glioma\glioma_TT_2855.jpg,glioma,glioma,0.8501,glioma,False,False,glioma,True
archive_v2/Testing\glioma\glioma_TT_0202.jpg,glioma,glioma,0.9834,glioma,False,False,glioma,True
archive_v2/Testing\meningioma\Te-me_5.jpg,meningioma,meningioma,0.9306,meningioma,False,False,meningioma,True
archive_v2/Testing\meningioma\Te-me_85.jpg,meningioma,meningioma,0.8081,meningioma,False,False,meningioma,True
archive_v2/Testing\glioma\glioma_TT_3433.jpg,glioma,glioma,0.8912,glioma,False,False,glioma,True
archive_v2/Testing\meningioma\Te-me_39.jpg,meningioma,meningioma,0.9577,meningioma,False,False,meningioma,True
archive_v2/Testing\notumor\Te-no_391.jpg,notumor,notumor,0.9999,notumor,False,False,notumor,True
archive_v2/Testing\glioma\glioma_TT_0550.jpg,glioma,glioma,0.9991,glioma,False,False,glioma,True
archive_v2/Testing\pituitary\pituitary_TT_2776.jpg,pituitary,glioma,0.6356,pituitary,True,True,glioma,False
archive_v2/Testing\pituitary\Te-pi_157.jpg,pituitary,pituitary,0.993,pituitary,False,False,pituitary,True
archive_v2/Testing\meningioma\meningioma_TT_0177.jpg,meningioma,pituitary,0.5564,pituitary,False,False,pituitary,False
archive_v2/Testing\pituitary\pituitary_TT_2252.jpg,pituitary,pituitary,0.6892,pituitary,False,False,pituitary,True
archive_v2/Testing\notumor\Te-no_210.jpg,notumor,notumor,0.9945,notumor,False,False,notumor,True
archive_v2/Testing\meningioma\meningioma_TT_0262.jpg,meningioma,pituitary,0.6466,meningioma,True,True,pituitary,False
archive_v2/Testing\pituitary\Te-pi_120.jpg,pituitary,glioma,0.8714,pituitary,False,False,glioma,False
archive_v2/Testing\glioma\glioma_TT_0879.jpg,glioma,glioma,0.9677,glioma,False,False,glioma,True
archive_v2/Testing\pituitary\pituitary_TT_0565.jpg,pituitary,pituitary,0.8941,pituitary,False,False,pituitary,True
archive_v2/Testing\meningioma\meningioma_TT_1736.jpg,meningioma,pituitary,0.805,meningioma,False,False,pituitary,False
archive_v2/Testing\glioma\glioma_TT_0364.jpg,glioma,glioma,0.9956,glioma,False,False,glioma,True
archive_v2/Testing\meningioma\Te-me_197.jpg,meningioma,meningioma,0.8015,meningioma,False,False,meningioma,True
archive_v2/Testing\notumor\Te-no_33.jpg,notumor,notumor,0.9996,notumor,False,False,notumor,True
archive_v2/Testing\meningioma\meningioma_TT_2003.jpg,meningioma,pituitary,0.5908,meningioma,True,True,pituitary,False
archive_v2/Testing\glioma\glioma_TT_3312.jpg,glioma,glioma,0.8713,glioma,False,False,glioma,True
archive_v2/Testing\glioma\glioma_TT_1447.jpg,glioma,glioma,0.7902,glioma,False,False,glioma,True
archive_v2/Testing\glioma\glioma_TT_3621.jpg,glioma,meningioma,0.5422,notumor,True,True,meningioma,False
archive_v2/Testing\meningioma\meningioma_TT_2398.jpg,meningioma,meningioma,0.5986,meningioma,False,False,meningioma,True
archive_v2/Testing\pituitary\Te-pi_186.jpg,pituitary,pituitary,0.9986,pituitary,False,False,pituitary,True
archive_v2/Testing\meningioma\Te-me_297.jpg,meningioma,meningioma,0.9948,meningioma,False,False,meningioma,True
archive_v2/Testing\pituitary\pituitary_TT_1469.jpg,pituitary,pituitary,0.3215,pituitary,False,False,pituitary,True
archive_v2/Testing\glioma\glioma_TT_2152.jpg,glioma,glioma,0.9978,glioma,False,False,glioma,True
archive_v2/Testing\glioma\glioma_TT_1661.jpg,glioma,glioma,0.9409,glioma,False,False,glioma,True
archive_v2/Testing\notumor\Te-no_350.jpg,notumor,notumor,0.9999,notumor,False,False,notumor,True
archive_v2/Testing\pituitary\pituitary_TT_1807.jpg,pituitary,pituitary,0.8214,pituitary,False,False,pituitary,True
archive_v2/Testing\meningioma\Te-aug-me_35.jpg,meningioma,pituitary,0.7955,pituitary,False,False,pituitary,False
archive_v2/Testing\glioma\Te-gl_71.jpg,glioma,glioma,0.8479,glioma,False,False,glioma,True
archive_v2/Testing\glioma\glioma_TT_0719.jpg,glioma,glioma,0.9877,glioma,False,False,glioma,True
archive_v2/Testing\pituitary\pituitary_TT_2518.jpg,pituitary,pituitary,0.8807,pituitary,False,False,pituitary,True
archive_v2/Testing\glioma\Te-gl_221.jpg,glioma,glioma,0.9318,notumor,False,False,glioma,True
archive_v2/Testing\meningioma\meningioma_TT_1119.jpg,meningioma,pituitary,0.5808,notumor,True,True,pituitary,False
archive_v2/Testing\meningioma\Te-aug-me_87.jpg,meningioma,meningioma,0.9857,meningioma,False,False,meningioma,True
archive_v2/Testing\glioma\Te-gl_244.jpg,glioma,glioma,0.9797,glioma,False,False,glioma,True
archive_v2/Testing\pituitary\pituitary_TT_1431.jpg,pituitary,pituitary,0.5264,notumor,True,True,pituitary,True
archive_v2/Testing\glioma\glioma_TT_0803.jpg,glioma,glioma,0.9544,glioma,False,False,glioma,True
archive_v2/Testing\glioma\glioma_TT_3199.jpg,glioma,glioma,0.8342,glioma,False,False,glioma,True
archive_v2/Testing\pituitary\pituitary_TT_0102.jpg,pituitary,pituitary,0.783,pituitary,False,False,pituitary,True
archive_v2/Testing\glioma\glioma_TT_2527.jpg,glioma,glioma,0.9992,glioma,False,False,glioma,True
archive_v2/Testing\meningioma\Te-me_247.jpg,meningioma,meningioma,0.9638,meningioma,False,False,meningioma,True
archive_v2/Testing\pituitary\pituitary_TT_1583.jpg,pituitary,pituitary,0.6251,notumor,True,True,pituitary,True
archive_v2/Testing\glioma\glioma_TT_3870.jpg,glioma,glioma,0.6278,glioma,False,False,glioma,True
archive_v2/Testing\meningioma\meningioma_TT_2303.jpg,meningioma,pituitary,0.8044,pituitary,False,False,pituitary,False
archive_v2/Testing\glioma\Te-gl_28.jpg,glioma,glioma,0.8627,glioma,False,False,glioma,True
archive_v2/Testing\glioma\Te-gl_129.jpg,glioma,meningioma,0.5523,notumor,True,True,meningioma,False
archive_v2/Testing\pituitary\Te-pi_369.jpg,pituitary,pituitary,0.9979,pituitary,False,False,pituitary,True
archive_v2/Testing\pituitary\pituitary_TT_0901.jpg,pituitary,glioma,0.5672,notumor,True,True,glioma,False
archive_v2/Testing\glioma\Te-gl_18.jpg,glioma,glioma,0.8565,glioma,False,False,glioma,True
archive_v2/Testing\meningioma\Te-aug-me_36.jpg,meningioma,meningioma,0.9939,meningioma,False,False,meningioma,True
archive_v2/Testing\pituitary\pituitary_TT_2478.jpg,pituitary,pituitary,0.5316,notumor,True,True,pituitary,True
archive_v2/Testing\pituitary\pituitary_TT_2640.jpg,pituitary,pituitary,0.9209,pituitary,False,False,pituitary,True
archive_v2/Testing\meningioma\Te-me_87.jpg,meningioma,meningioma,0.9516,meningioma,False,False,meningioma,True
archive_v2/Testing\glioma\glioma_TT_2930.jpg,glioma,glioma,0.9901,glioma,False,False,glioma,True
archive_v2/Testing\pituitary\Te-pi_40.jpg,pituitary,pituitary,0.9878,pituitary,False,False,pituitary,True
archive_v2/Testing\meningioma\meningioma_TT_2036.jpg,meningioma,meningioma,0.9365,meningioma,False,False,meningioma,True
archive_v2/Testing\meningioma\Te-me_99.jpg,meningioma,meningioma,0.9965,meningioma,False,False,meningioma,True
archive_v2/Testing\pituitary\pituitary_TT_0563.jpg,pituitary,pituitary,0.8553,pituitary,False,False,pituitary,True
archive_v2/Testing\meningioma\Te-aug-me_61.jpg,meningioma,meningioma,0.9701,meningioma,False,False,meningioma,True
archive_v2/Testing\notumor\Te-no_303.jpg,notumor,notumor,0.9806,notumor,False,False,notumor,True
archive_v2/Testing\glioma\glioma_TT_3191.jpg,glioma,glioma,0.4499,meningioma,True,True,glioma,True
archive_v2/Testing\meningioma\meningioma_TT_0783.jpg,meningioma,meningioma,0.6181,meningioma,False,False,meningioma,True
archive_v2/Testing\meningioma\Te-aug-me_50.jpg,meningioma,meningioma,0.7058,pituitary,True,True,pituitary,False
archive_v2/Testing\pituitary\pituitary_TT_0149.jpg,pituitary,pituitary,0.9375,pituitary,False,False,pituitary,True
archive_v2/Testing\pituitary\Te-pi_76.jpg,pituitary,pituitary,0.9994,pituitary,False,False,pituitary,True
archive_v2/Testing\glioma\Te-gl_371.jpg,glioma,glioma,0.5497,glioma,False,False,glioma,True
archive_v2/Testing\pituitary\pituitary_TT_2046.jpg,pituitary,pituitary,0.9258,pituitary,False,False,pituitary,True
archive_v2/Testing\notumor\Te-no_245.jpg,notumor,notumor,0.9977,notumor,False,False,notumor,True
archive_v2/Testing\meningioma\Te-aug-me_100.jpg,meningioma,meningioma,0.8604,meningioma,False,False,meningioma,True
archive_v2/Testing\meningioma\meningioma_TT_1648.jpg,meningioma,pituitary,0.8874,pituitary,False,False,pituitary,False
archive_v2/Testing\pituitary\pituitary_TT_0869.jpg,pituitary,pituitary,0.8835,pituitary,False,False,pituitary,True
archive_v2/Testing\glioma\glioma_TT_3260.jpg,glioma,glioma,0.8381,glioma,False,False,glioma,True
archive_v2/Testing\meningioma\meningioma_TT_1522.jpg,meningioma,meningioma,0.9021,meningioma,False,False,meningioma,True
archive_v2/Testing\glioma\glioma_TT_3248.jpg,glioma,meningioma,0.5689,notumor,True,True,meningioma,False
archive_v2/Testing\meningioma\meningioma_TT_1545.jpg,meningioma,meningioma,0.5627,meningioma,False,False,meningioma,True
archive_v2/Testing\glioma\glioma_TT_2835.jpg,glioma,glioma,0.9884,glioma,False,False,glioma,True
archive_v2/Testing\glioma\glioma_TT_0935.jpg,glioma,glioma,0.9335,glioma,False,False,glioma,True
archive_v2/Testing\meningioma\meningioma_TT_2316.jpg,meningioma,meningioma,0.5886,meningioma,False,False,meningioma,True
archive_v2/Testing\pituitary\pituitary_TT_1847.jpg,pituitary,pituitary,0.7385,pituitary,False,False,pituitary,True
archive_v2/Testing\pituitary\pituitary_TT_0354.jpg,pituitary,pituitary,0.5085,meningioma,True,True,pituitary,True
archive_v2/Testing\glioma\Te-gl_390.jpg,glioma,glioma,0.9998,glioma,False,False,glioma,True
archive_v2/Testing\pituitary\Te-pi_317.jpg,pituitary,pituitary,0.9973,pituitary,False,False,pituitary,True
archive_v2/Testing\glioma\glioma_TT_1560.jpg,glioma,glioma,0.8547,glioma,False,False,glioma,True
archive_v2/Testing\glioma\glioma_TT_1736.jpg,glioma,glioma,0.7058,glioma,False,False,glioma,True
archive_v2/Testing\meningioma\meningioma_TT_0520.jpg,meningioma,meningioma,0.892,meningioma,False,False,meningioma,True
archive_v2/Testing\pituitary\Te-pi_388.jpg,pituitary,pituitary,0.9972,notumor,False,False,pituitary,True
archive_v2/Testing\pituitary\pituitary_TT_0818.jpg,pituitary,pituitary,0.9875,pituitary,False,False,pituitary,True
archive_v2/Testing\glioma\glioma_TT_1008.jpg,glioma,glioma,0.9842,glioma,False,False,glioma,True
archive_v2/Testing\meningioma\meningioma_TT_0900.jpg,meningioma,meningioma,0.8798,meningioma,False,False,meningioma,True
archive_v2/Testing\meningioma\Te-me_62.jpg,meningioma,meningioma,0.5296,meningioma,False,False,meningioma,True
archive_v2/Testing\meningioma\Te-me_27.jpg,meningioma,meningioma,0.998,meningioma,False,False,meningioma,True
archive_v2/Testing\meningioma\Te-aug-me_29.jpg,meningioma,meningioma,0.9408,meningioma,False,False,meningioma,True
archive_v2/Testing\pituitary\pituitary_TT_2382.jpg,pituitary,meningioma,0.7231,pituitary,True,True,meningioma,False
archive_v2/Testing\pituitary\pituitary_TT_2393.jpg,pituitary,pituitary,0.6197,notumor,True,True,pituitary,True
archive_v2/Testing\glioma\Te-gl_269.jpg,glioma,glioma,0.8742,glioma,False,False,glioma,True
archive_v2/Testing\notumor\Te-no_367.jpg,notumor,notumor,1.0,notumor,False,False,notumor,True
archive_v2/Testing\pituitary\pituitary_TT_0778.jpg,pituitary,pituitary,0.984,pituitary,False,False,pituitary,True
archive_v2/Testing\pituitary\pituitary_TT_1244.jpg,pituitary,pituitary,0.9768,pituitary,False,False,pituitary,True
archive_v2/Testing\meningioma\meningioma_TT_1183.jpg,meningioma,meningioma,0.8866,meningioma,False,False,meningioma,True
archive_v2/Testing\notumor\Te-no_307.jpg,notumor,notumor,0.9993,notumor,False,False,notumor,True
archive_v2/Testing\pituitary\pituitary_TT_1382.jpg,pituitary,pituitary,0.6245,notumor,True,True,pituitary,True
archive_v2/Testing\meningioma\meningioma_TT_0959.jpg,meningioma,meningioma,0.7672,meningioma,False,False,meningioma,True
archive_v2/Testing\glioma\Te-gl_72.jpg,glioma,glioma,0.8504,notumor,False,False,glioma,True
archive_v2/Testing\pituitary\pituitary_TT_1824.jpg,pituitary,pituitary,0.717,pituitary,False,False,pituitary,True
archive_v2/Testing\meningioma\Te-aug-me_10.jpg,meningioma,meningioma,0.7517,meningioma,False,False,meningioma,True
archive_v2/Testing\glioma\glioma_TT_2874.jpg,glioma,glioma,0.7933,glioma,False,False,glioma,True
archive_v2/Testing\pituitary\pituitary_TT_1020.jpg,pituitary,pituitary,0.8448,pituitary,False,False,pituitary,True
archive_v2/Testing\pituitary\pituitary_TT_0553.jpg,pituitary,pituitary,0.5254,pituitary,False,False,pituitary,True
archive_v2/Testing\notumor\Te-no_225.jpg,notumor,notumor,0.9986,notumor,False,False,notumor,True
archive_v2/Testing\meningioma\meningioma_TT_2127.jpg,meningioma,meningioma,0.8936,meningioma,False,False,meningioma,True
archive_v2/Testing\meningioma\Te-me_115.jpg,meningioma,pituitary,0.8917,pituitary,False,False,pituitary,False
archive_v2/Testing\pituitary\pituitary_TT_2535.jpg,pituitary,pituitary,0.9294,pituitary,False,False,pituitary,True
archive_v2/Testing\notumor\Te-no_198.jpg,notumor,notumor,0.9999,notumor,False,False,notumor,True
archive_v2/Testing\meningioma\Te-me_159.jpg,meningioma,meningioma,0.7113,meningioma,False,False,meningioma,True
archive_v2/Testing\pituitary\pituitary_TT_1031.jpg,pituitary,pituitary,0.9977,notumor,False,False,pituitary,True
archive_v2/Testing\meningioma\meningioma_TT_0273.jpg,meningioma,meningioma,0.5258,notumor,True,True,meningioma,True
archive_v2/Testing\meningioma\Te-me_196.jpg,meningioma,meningioma,0.9982,meningioma,False,False,meningioma,True
archive_v2/Testing\pituitary\pituitary_TT_1782.jpg,pituitary,meningioma,0.5403,meningioma,False,False,meningioma,False
archive_v2/Testing\meningioma\meningioma_TT_1760.jpg,meningioma,meningioma,0.999,meningioma,False,False,meningioma,True
archive_v2/Testing\glioma\Te-gl_375.jpg,glioma,glioma,0.9953,glioma,False,False,glioma,True
archive_v2/Testing\glioma\glioma_TT_1215.jpg,glioma,glioma,0.7837,glioma,False,False,glioma,True
archive_v2/Testing\meningioma\meningioma_TT_0486.jpg,meningioma,meningioma,0.8947,meningioma,False,False,meningioma,True
archive_v2/Testing\glioma\glioma_TT_0976.jpg,glioma,glioma,0.9859,glioma,False,False,glioma,True
archive_v2/Testing\glioma\Te-gl_155.jpg,glioma,glioma,0.9999,glioma,False,False,glioma,True
archive_v2/Testing\meningioma\meningioma_TT_1487.jpg,meningioma,meningioma,0.8492,meningioma,False,False,meningioma,True
archive_v2/Testing\notumor\Te-no_17.jpg,notumor,notumor,0.9942,notumor,False,False,notumor,True
archive_v2/Testing\glioma\glioma_TT_0037.jpg,glioma,glioma,0.8188,glioma,False,False,glioma,True
archive_v2/Testing\meningioma\meningioma_TT_1117.jpg,meningioma,meningioma,0.8093,notumor,False,False,meningioma,True
archive_v2/Testing\pituitary\Te-pi_163.jpg,pituitary,pituitary,0.9868,pituitary,False,False,pituitary,True
archive_v2/Testing\meningioma\Te-me_171.jpg,meningioma,meningioma,0.9206,meningioma,False,False,meningioma,True
archive_v2/Testing\meningioma\meningioma_TT_2401.jpg,meningioma,meningioma,0.4102,meningioma,False,False,meningioma,True
archive_v2/Testing\pituitary\Te-pi_15.jpg,pituitary,pituitary,0.9997,pituitary,False,False,pituitary,True
archive_v2/Testing\glioma\Te-gl_235.jpg,glioma,glioma,0.9759,glioma,False,False,glioma,True
archive_v2/Testing\meningioma\meningioma_TT_2286.jpg,meningioma,meningioma,0.9619,meningioma,False,False,meningioma,True
archive_v2/Testing\glioma\glioma_TT_1166.jpg,glioma,glioma,0.7077,glioma,False,False,glioma,True
archive_v2/Testing\meningioma\meningioma_TT_0025.jpg,meningioma,meningioma,0.9119,meningioma,False,False,meningioma,True
archive_v2/Testing\meningioma\Te-me_86.jpg,meningioma,glioma,0.4651,meningioma,True,True,meningioma,True
archive_v2/Testing\pituitary\pituitary_TT_1450.jpg,pituitary,pituitary,0.7442,pituitary,False,False,pituitary,True
archive_v2/Testing\meningioma\Te-me_120.jpg,meningioma,meningioma,0.9579,meningioma,False,False,meningioma,True
archive_v2/Testing\glioma\Te-gl_26.jpg,glioma,glioma,0.8319,glioma,False,False,glioma,True
archive_v2/Testing\meningioma\meningioma_TT_0504.jpg,meningioma,meningioma,0.9238,meningioma,False,False,meningioma,True
archive_v2/Testing\notumor\Te-no_90.jpg,notumor,notumor,0.9998,notumor,False,False,notumor,True
archive_v2/Testing\pituitary\Te-pi_357.jpg,pituitary,pituitary,0.9996,pituitary,False,False,pituitary,True
archive_v2/Testing\glioma\glioma_TT_2960.jpg,glioma,glioma,0.98,glioma,False,False,glioma,True
archive_v2/Testing\glioma\glioma_TT_1911.jpg,glioma,glioma,0.9917,glioma,False,False,glioma,True
archive_v2/Testing\meningioma\Te-me_134.jpg,meningioma,meningioma,0.8995,meningioma,False,False,meningioma,True
archive_v2/Testing\pituitary\Te-pi_50.jpg,pituitary,pituitary,0.921,pituitary,False,False,pituitary,True
archive_v2/Testing\meningioma\Te-me_71.jpg,meningioma,meningioma,0.8982,meningioma,False,False,meningioma,True
archive_v2/Testing\pituitary\pituitary_TT_0798.jpg,pituitary,pituitary,0.9776,pituitary,False,False,pituitary,True
archive_v2/Testing\pituitary\Te-pi_41.jpg,pituitary,pituitary,0.9998,pituitary,False,False,pituitary,True
archive_v2/Testing\meningioma\Te-me_173.jpg,meningioma,meningioma,0.9445,meningioma,False,False,meningioma,True
archive_v2/Testing\meningioma\Te-me_22.jpg,meningioma,meningioma,0.9862,meningioma,False,False,meningioma,True
archive_v2/Testing\pituitary\Te-pi_169.jpg,pituitary,pituitary,0.9868,pituitary,False,False,pituitary,True
archive_v2/Testing\notumor\Te-no_216.jpg,notumor,notumor,0.9999,notumor,False,False,notumor,True
archive_v2/Testing\meningioma\meningioma_TT_1243.jpg,meningioma,meningioma,0.6222,meningioma,False,False,meningioma,True
archive_v2/Testing\glioma\glioma_TT_1076.jpg,glioma,meningioma,0.5435,glioma,True,True,meningioma,False
archive_v2/Testing\meningioma\meningioma_TT_2164.jpg,meningioma,meningioma,0.9297,meningioma,False,False,meningioma,True
archive_v2/Testing\pituitary\pituitary_TT_1968.jpg,pituitary,pituitary,0.5198,glioma,True,True,pituitary,True
archive_v2/Testing\notumor\Te-no_93.jpg,notumor,notumor,0.9942,notumor,False,False,notumor,True
archive_v2/Testing\pituitary\Te-pi_100.jpg,pituitary,pituitary,0.9969,pituitary,False,False,pituitary,True
archive_v2/Testing\glioma\glioma_TT_3535.jpg,glioma,pituitary,0.7114,pituitary,False,False,pituitary,False
archive_v2/Testing\pituitary\pituitary_TT_1962.jpg,pituitary,glioma,0.4806,pituitary,True,True,glioma,False
archive_v2/Testing\meningioma\Te-me_200.jpg,meningioma,pituitary,0.5374,meningioma,True,True,meningioma,True
archive_v2/Testing\pituitary\pituitary_TT_1386.jpg,pituitary,pituitary,0.8673,notumor,False,False,pituitary,True
archive_v2/Testing\pituitary\pituitary_TT_0719.jpg,pituitary,pituitary,0.9895,pituitary,False,False,pituitary,True
archive_v2/Testing\glioma\Te-gl_356.jpg,glioma,glioma,0.842,glioma,False,False,glioma,True
archive_v2/Testing\glioma\glioma_TT_0802.jpg,glioma,glioma,0.9874,glioma,False,False,glioma,True
archive_v2/Testing\notumor\Te-no_103.jpg,notumor,notumor,0.9992,notumor,False,False,notumor,True
archive_v2/Testing\glioma\glioma_TT_1960.jpg,glioma,glioma,0.9806,glioma,False,False,glioma,True
archive_v2/Testing\meningioma\Te-me_95.jpg,meningioma,meningioma,0.8416,meningioma,False,False,meningioma,True
archive_v2/Testing\glioma\glioma_TT_0991.jpg,glioma,glioma,0.9884,glioma,False,False,glioma,True
archive_v2/Testing\notumor\Te-no_262.jpg,notumor,notumor,0.9997,notumor,False,False,notumor,True
archive_v2/Testing\meningioma\meningioma_TT_1485.jpg,meningioma,meningioma,0.8704,meningioma,False,False,meningioma,True
archive_v2/Testing\pituitary\Te-pi_223.jpg,pituitary,pituitary,0.9998,pituitary,False,False,pituitary,True
archive_v2/Testing\meningioma\meningioma_TT_1824.jpg,meningioma,meningioma,0.9912,meningioma,False,False,meningioma,True
archive_v2/Testing\meningioma\meningioma_TT_2029.jpg,meningioma,meningioma,0.8899,meningioma,False,False,meningioma,True
archive_v2/Testing\meningioma\meningioma_TT_0591.jpg,meningioma,meningioma,0.9534,meningioma,False,False,meningioma,True
archive_v2/Testing\glioma\glioma_TT_3638.jpg,glioma,pituitary,0.4569,notumor,True,True,pituitary,False
archive_v2/Testing\notumor\Te-no_106.jpg,notumor,notumor,1.0,notumor,False,False,notumor,True
archive_v2/Testing\meningioma\Te-aug-me_23.jpg,meningioma,meningioma,0.977,meningioma,False,False,meningioma,True
archive_v2/Testing\notumor\Te-no_377.jpg,notumor,notumor,0.9999,notumor,False,False,notumor,True
archive_v2/Testing\glioma\glioma_TT_1207.jpg,glioma,meningioma,0.3811,notumor,True,True,meningioma,False
archive_v2/Testing\glioma\glioma_TT_0401.jpg,glioma,glioma,0.9982,glioma,False,False,glioma,True
archive_v2/Testing\meningioma\meningioma_TT_1548.jpg,meningioma,meningioma,0.5859,meningioma,False,False,meningioma,True
archive_v2/Testing\glioma\glioma_TT_0345.jpg,glioma,glioma,0.9965,glioma,False,False,glioma,True
archive_v2/Testing\pituitary\Te-pi_256.jpg,pituitary,pituitary,0.9998,pituitary,False,False,pituitary,True
archive_v2/Testing\pituitary\Te-pi_195.jpg,pituitary,pituitary,0.999,pituitary,False,False,pituitary,True
archive_v2/Testing\meningioma\meningioma_TT_0473.jpg,meningioma,meningioma,0.9131,meningioma,False,False,meningioma,True
archive_v2/Testing\notumor\Te-no_267.jpg,notumor,notumor,1.0,notumor,False,False,notumor,True
archive_v2/Testing\glioma\Te-gl_15.jpg,glioma,meningioma,0.8168,meningioma,False,False,meningioma,False
archive_v2/Testing\notumor\Te-no_261.jpg,notumor,notumor,0.9987,notumor,False,False,notumor,True
archive_v2/Testing\meningioma\Te-aug-me_93.jpg,meningioma,meningioma,0.735,meningioma,False,False,meningioma,True
archive_v2/Testing\glioma\glioma_TT_1297.jpg,glioma,glioma,0.8558,glioma,False,False,glioma,True
archive_v2/Testing\pituitary\pituitary_TT_1853.jpg,pituitary,meningioma,0.6725,meningioma,False,False,meningioma,False
archive_v2/Testing\pituitary\Te-pi_327.jpg,pituitary,pituitary,0.9999,pituitary,False,False,pituitary,True
archive_v2/Testing\pituitary\Te-pi_392.jpg,pituitary,pituitary,0.9159,pituitary,False,False,pituitary,True
archive_v2/Testing\meningioma\meningioma_TT_2063.jpg,meningioma,meningioma,0.9026,meningioma,False,False,meningioma,True
archive_v2/Testing\pituitary\pituitary_TT_0801.jpg,pituitary,pituitary,0.9741,pituitary,False,False,pituitary,True
archive_v2/Testing\meningioma\Te-aug-me_101.jpg,meningioma,meningioma,0.9365,meningioma,False,False,meningioma,True
archive_v2/Testing\pituitary\pituitary_TT_2245.jpg,pituitary,pituitary,0.8681,notumor,False,False,pituitary,True
archive_v2/Testing\notumor\Te-no_255.jpg,notumor,notumor,1.0,notumor,False,False,notumor,True
archive_v2/Testing\pituitary\pituitary_TT_2484.jpg,pituitary,glioma,0.4086,notumor,True,True,glioma,False
archive_v2/Testing\pituitary\pituitary_TT_0724.jpg,pituitary,pituitary,0.9644,pituitary,False,False,pituitary,True
archive_v2/Testing\glioma\Te-gl_29.jpg,glioma,glioma,0.8487,glioma,False,False,glioma,True
archive_v2/Testing\meningioma\meningioma_TT_1159.jpg,meningioma,meningioma,0.5692,meningioma,False,False,meningioma,True
archive_v2/Testing\meningioma\meningioma_TT_2331.jpg,meningioma,meningioma,0.6291,meningioma,False,False,meningioma,True
archive_v2/Testing\pituitary\pituitary_TT_2587.jpg,pituitary,pituitary,0.94,pituitary,False,False,pituitary,True
archive_v2/Testing\notumor\Te-no_141.jpg,notumor,notumor,0.9999,notumor,False,False,notumor,True
archive_v2/Testing\glioma\glioma_TT_1881.jpg,glioma,meningioma,0.504,glioma,True,True,pituitary,False
archive_v2/Testing\glioma\Te-gl_3.jpg,glioma,glioma,0.9997,glioma,False,False,glioma,True
archive_v2/Testing\meningioma\meningioma_TT_0548.jpg,meningioma,meningioma,0.9165,meningioma,False,False,meningioma,True
archive_v2/Testing\meningioma\meningioma_TT_1554.jpg,meningioma,pituitary,0.7102,meningioma,True,True,pituitary,False
archive_v2/Testing\pituitary\Te-pi_60.jpg,pituitary,pituitary,0.9985,pituitary,False,False,pituitary,True
archive_v2/Testing\glioma\Te-gl_102.jpg,glioma,glioma,0.8268,glioma,False,False,glioma,True
archive_v2/Testing\notumor\Te-no_127.jpg,notumor,notumor,0.9998,notumor,False,False,notumor,True
archive_v2/Testing\meningioma\meningioma_TT_0390.jpg,meningioma,meningioma,0.8446,meningioma,False,False,meningioma,True
archive_v2/Testing\glioma\glioma_TT_0372.jpg,glioma,glioma,0.9992,glioma,False,False,glioma,True
archive_v2/Testing\meningioma\Te-me_14.jpg,meningioma,meningioma,0.9379,meningioma,False,False,meningioma,True
archive_v2/Testing\pituitary\Te-pi_299.jpg,pituitary,pituitary,0.9992,pituitary,False,False,pituitary,True
archive_v2/Testing\pituitary\pituitary_TT_2307.jpg,pituitary,meningioma,0.7225,meningioma,False,False,meningioma,False
archive_v2/Testing\glioma\Te-gl_63.jpg,glioma,glioma,0.9998,glioma,False,False,glioma,True
archive_v2/Testing\pituitary\pituitary_TT_0917.jpg,pituitary,meningioma,0.4739,pituitary,True,True,meningioma,False
archive_v2/Testing\glioma\Te-gl_234.jpg,glioma,glioma,0.9999,glioma,False,False,glioma,True
archive_v2/Testing\notumor\Te-no_259.jpg,notumor,notumor,0.9956,notumor,False,False,notumor,True
archive_v2/Testing\meningioma\meningioma_TT_0312.jpg,meningioma,pituitary,0.5643,meningioma,True,True,pituitary,False
archive_v2/Testing\pituitary\Te-pi_333.jpg,pituitary,pituitary,0.9946,pituitary,False,False,pituitary,True
archive_v2/Testing\meningioma\meningioma_TT_2289.jpg,meningioma,meningioma,0.7121,meningioma,False,False,meningioma,True
archive_v2/Testing\pituitary\pituitary_TT_0376.jpg,pituitary,pituitary,0.4932,pituitary,False,False,pituitary,True
archive_v2/Testing\meningioma\Te-me_163.jpg,meningioma,meningioma,0.9494,meningioma,False,False,meningioma,True
archive_v2/Testing\glioma\glioma_TT_1352.jpg,glioma,glioma,0.8666,glioma,False,False,glioma,True
archive_v2/Testing\glioma\glioma_TT_0140.jpg,glioma,glioma,0.9014,glioma,False,False,glioma,True
archive_v2/Testing\meningioma\Te-me_131.jpg,meningioma,meningioma,0.9993,meningioma,False,False,meningioma,True
archive_v2/Testing\meningioma\Te-me_177.jpg,meningioma,meningioma,0.9862,meningioma,False,False,meningioma,True
archive_v2/Testing\pituitary\pituitary_TT_0006.jpg,pituitary,pituitary,0.8954,notumor,False,False,pituitary,True
archive_v2/Testing\meningioma\Te-me_230.jpg,meningioma,meningioma,0.8981,meningioma,False,False,meningioma,True
archive_v2/Testing\meningioma\meningioma_TT_1773.jpg,meningioma,meningioma,0.9994,meningioma,False,False,meningioma,True
archive_v2/Testing\glioma\Te-gl_75.jpg,glioma,glioma,0.6272,glioma,False,False,glioma,True
archive_v2/Testing\pituitary\Te-pi_134.jpg,pituitary,meningioma,0.6414,notumor,True,True,meningioma,False
archive_v2/Testing\pituitary\pituitary_TT_0016.jpg,pituitary,pituitary,0.9455,pituitary,False,False,pituitary,True
archive_v2/Testing\notumor\Te-no_389.jpg,notumor,notumor,0.4921,notumor,False,False,notumor,True
archive_v2/Testing\glioma\glioma_TT_1777.jpg,glioma,glioma,0.6215,glioma,False,False,glioma,True
archive_v2/Testing\pituitary\pituitary_TT_1422.jpg,pituitary,pituitary,0.7297,pituitary,False,False,pituitary,True
archive_v2/Testing\pituitary\Te-pi_75.jpg,pituitary,pituitary,0.9999,pituitary,False,False,pituitary,True
archive_v2/Testing\notumor\Te-no_143.jpg,notumor,notumor,0.9561,notumor,False,False,notumor,True
archive_v2/Testing\pituitary\pituitary_TT_1144.jpg,pituitary,pituitary,0.7028,meningioma,True,True,pituitary,True
archive_v2/Testing\glioma\glioma_TT_1658.jpg,glioma,glioma,0.8275,glioma,False,False,glioma,True
archive_v2/Testing\pituitary\Te-pi_289.jpg,pituitary,pituitary,0.9412,pituitary,False,False,pituitary,True
archive_v2/Testing\pituitary\pituitary_TT_1460.jpg,pituitary,pituitary,0.9198,notumor,False,False,pituitary,True
archive_v2/Testing\glioma\glioma_TT_3568.jpg,glioma,glioma,0.8495,glioma,False,False,glioma,True
archive_v2/Testing\glioma\Te-gl_175.jpg,glioma,meningioma,0.5755,glioma,True,True,meningioma,False
archive_v2/Testing\notumor\Te-no_395.jpg,notumor,notumor,0.9998,notumor,False,False,notumor,True
archive_v2/Testing\notumor\Te-no_351.jpg,notumor,notumor,0.9998,notumor,False,False,notumor,True
archive_v2/Testing\pituitary\pituitary_TT_1533.jpg,pituitary,pituitary,0.6486,meningioma,True,True,pituitary,True
archive_v2/Testing\glioma\Te-gl_76.jpg,glioma,glioma,0.6817,meningioma,True,True,glioma,True
archive_v2/Testing\pituitary\Te-pi_291.jpg,pituitary,pituitary,0.9523,pituitary,False,False,pituitary,True
archive_v2/Testing\glioma\glioma_TT_3198.jpg,glioma,glioma,0.5456,glioma,False,False,glioma,True
archive_v2/Testing\pituitary\pituitary_TT_2925.jpg,pituitary,meningioma,0.578,notumor,True,True,meningioma,False
archive_v2/Testing\meningioma\meningioma_TT_0922.jpg,meningioma,meningioma,0.8513,meningioma,False,False,meningioma,True
archive_v2/Testing\pituitary\pituitary_TT_0492.jpg,pituitary,pituitary,0.9167,notumor,False,False,pituitary,True
archive_v2/Testing\glioma\Te-gl_396.jpg,glioma,glioma,0.9999,glioma,False,False,glioma,True
archive_v2/Testing\meningioma\meningioma_TT_1051.jpg,meningioma,meningioma,0.5415,notumor,True,True,meningioma,True
archive_v2/Testing\meningioma\meningioma_TT_2247.jpg,meningioma,meningioma,0.8604,meningioma,False,False,meningioma,True
archive_v2/Testing\notumor\Te-no_220.jpg,notumor,notumor,0.9835,notumor,False,False,notumor,True
archive_v2/Testing\meningioma\meningioma_TT_2359.jpg,meningioma,meningioma,0.6416,meningioma,False,False,meningioma,True
archive_v2/Testing\pituitary\pituitary_TT_2877.jpg,pituitary,pituitary,0.7019,pituitary,False,False,pituitary,True
archive_v2/Testing\pituitary\pituitary_TT_0001.jpg,pituitary,pituitary,0.92,notumor,False,False,pituitary,True
archive_v2/Testing\meningioma\Te-aug-me_69.jpg,meningioma,meningioma,0.9368,meningioma,False,False,meningioma,True
archive_v2/Testing\meningioma\meningioma_TT_1737.jpg,meningioma,glioma,0.4431,meningioma,True,True,glioma,False
archive_v2/Testing\glioma\glioma_TT_0554.jpg,glioma,glioma,0.9977,glioma,False,False,glioma,True
archive_v2/Testing\meningioma\meningioma_TT_1081.jpg,meningioma,meningioma,0.5728,meningioma,False,False,meningioma,True
archive_v2/Testing\meningioma\Te-aug-me_11.jpg,meningioma,meningioma,0.9698,meningioma,False,False,meningioma,True
archive_v2/Testing\pituitary\Te-pi_89.jpg,pituitary,pituitary,0.9939,pituitary,False,False,pituitary,True
archive_v2/Testing\pituitary\pituitary_TT_1250.jpg,pituitary,pituitary,0.9652,pituitary,False,False,pituitary,True
archive_v2/Testing\pituitary\pituitary_TT_1855.jpg,pituitary,meningioma,0.5568,notumor,True,True,glioma,False
archive_v2/Testing\glioma\glioma_TT_1475.jpg,glioma,glioma,0.7949,glioma,False,False,glioma,True
archive_v2/Testing\glioma\Te-gl_319.jpg,glioma,glioma,0.8834,glioma,False,False,glioma,True
archive_v2/Testing\pituitary\pituitary_TT_2470.jpg,pituitary,pituitary,0.6286,meningioma,True,True,pituitary,True
archive_v2/Testing\glioma\glioma_TT_0911.jpg,glioma,glioma,0.9826,glioma,False,False,glioma,True
archive_v2/Testing\glioma\glioma_TT_3500.jpg,glioma,glioma,0.4407,meningioma,True,True,glioma,True
archive_v2/Testing\pituitary\pituitary_TT_1371.jpg,pituitary,pituitary,0.6108,meningioma,True,True,pituitary,True
archive_v2/Testing\pituitary\Te-pi_59.jpg,pituitary,pituitary,0.9989,pituitary,False,False,pituitary,True
archive_v2/Testing\notumor\Te-no_238.jpg,notumor,notumor,0.9996,notumor,False,False,notumor,True
archive_v2/Testing\glioma\glioma_TT_0362.jpg,glioma,glioma,0.9967,glioma,False,False,glioma,True
archive_v2/Testing\pituitary\Te-pi_4.jpg,pituitary,pituitary,0.9994,pituitary,False,False,pituitary,True
archive_v2/Testing\glioma\glioma_TT_2113.jpg,glioma,glioma,0.9981,glioma,False,False,glioma,True
archive_v2/Testing\notumor\Te-no_44.jpg,notumor,notumor,0.9996,notumor,False,False,notumor,True
archive_v2/Testing\pituitary\Te-pi_108.jpg,pituitary,pituitary,0.9994,pituitary,False,False,pituitary,True
archive_v2/Testing\glioma\glioma_TT_2852.jpg,glioma,glioma,0.8256,glioma,False,False,glioma,True
archive_v2/Testing\glioma\Te-gl_361.jpg,glioma,glioma,0.9991,glioma,False,False,glioma,True
archive_v2/Testing\meningioma\meningioma_TT_1428.jpg,meningioma,meningioma,0.944,meningioma,False,False,meningioma,True
archive_v2/Testing\glioma\glioma_TT_3816.jpg,glioma,glioma,0.9811,glioma,False,False,glioma,True
archive_v2/Testing\meningioma\Te-aug-me_102.jpg,meningioma,meningioma,0.8359,meningioma,False,False,meningioma,True
archive_v2/Testing\glioma\glioma_TT_2813.jpg,glioma,glioma,0.9741,glioma,False,False,glioma,True
archive_v2/Testing\glioma\Te-gl_219.jpg,glioma,glioma,0.9439,glioma,False,False,glioma,True
archive_v2/Testing\meningioma\Te-aug-me_20.jpg,meningioma,glioma,0.4543,meningioma,True,True,meningioma,True
archive_v2/Testing\meningioma\meningioma_TT_1764.jpg,meningioma,meningioma,0.9994,meningioma,False,False,meningioma,True
archive_v2/Testing\notumor\Te-no_6.jpg,notumor,notumor,0.998,notumor,False,False,notumor,True
archive_v2/Testing\pituitary\Te-pi_118.jpg,pituitary,pituitary,0.9998,pituitary,False,False,pituitary,True
archive_v2/Testing\meningioma\meningioma_TT_0477.jpg,meningioma,meningioma,0.9494,meningioma,False,False,meningioma,True
archive_v2/Testing\glioma\Te-gl_108.jpg,glioma,glioma,0.9911,glioma,False,False,glioma,True
archive_v2/Testing\glioma\glioma_TT_1249.jpg,glioma,glioma,0.8273,glioma,False,False,glioma,True
archive_v2/Testing\glioma\Te-gl_376.jpg,glioma,glioma,0.9977,notumor,False,False,glioma,True
archive_v2/Testing\notumor\Te-no_265.jpg,notumor,notumor,0.9851,notumor,False,False,notumor,True
archive_v2/Testing\glioma\glioma_TT_1624.jpg,glioma,glioma,0.9765,glioma,False,False,glioma,True
archive_v2/Testing\glioma\glioma_TT_2980.jpg,glioma,glioma,0.9841,glioma,False,False,glioma,True
archive_v2/Testing\glioma\glioma_TT_1262.jpg,glioma,glioma,0.8627,glioma,False,False,glioma,True
archive_v2/Testing\glioma\Te-gl_399.jpg,glioma,glioma,0.7222,glioma,False,False,glioma,True
archive_v2/Testing\pituitary\pituitary_TT_0762.jpg,pituitary,pituitary,0.9872,pituitary,False,False,pituitary,True
archive_v2/Testing\pituitary\pituitary_TT_2315.jpg,pituitary,pituitary,0.653,pituitary,False,False,pituitary,True
archive_v2/Testing\glioma\glioma_TT_2295.jpg,glioma,glioma,0.9916,glioma,False,False,glioma,True
archive_v2/Testing\glioma\glioma_TT_0031.jpg,glioma,glioma,0.5691,glioma,False,False,glioma,True
archive_v2/Testing\glioma\Te-gl_320.jpg,glioma,glioma,0.9532,glioma,False,False,glioma,True
archive_v2/Testing\notumor\Te-no_327.jpg,notumor,notumor,0.9996,notumor,False,False,notumor,True
archive_v2/Testing\pituitary\pituitary_TT_0308.jpg,pituitary,meningioma,0.5225,pituitary,True,True,meningioma,False
archive_v2/Testing\meningioma\meningioma_TT_0876.jpg,meningioma,meningioma,0.7122,meningioma,False,False,meningioma,True
archive_v2/Testing\pituitary\pituitary_TT_1579.jpg,pituitary,pituitary,0.8219,pituitary,False,False,pituitary,True
archive_v2/Testing\meningioma\Te-aug-me_43.jpg,meningioma,meningioma,0.9667,meningioma,False,False,meningioma,True
archive_v2/Testing\meningioma\meningioma_TT_1171.jpg,meningioma,meningioma,0.6482,meningioma,False,False,meningioma,True
archive_v2/Testing\meningioma\meningioma_TT_1369.jpg,meningioma,meningioma,0.9447,notumor,False,False,meningioma,True
archive_v2/Testing\pituitary\pituitary_TT_2485.jpg,pituitary,glioma,0.5123,notumor,True,True,glioma,False
archive_v2/Testing\notumor\Te-no_157.jpg,notumor,notumor,0.9951,notumor,False,False,notumor,True
archive_v2/Testing\glioma\glioma_TT_2657.jpg,glioma,glioma,0.9998,glioma,False,False,glioma,True
archive_v2/Testing\pituitary\pituitary_TT_0678.jpg,pituitary,pituitary,0.973,pituitary,False,False,pituitary,True
archive_v2/Testing\pituitary\pituitary_TT_0137.jpg,pituitary,glioma,0.6307,pituitary,True,True,glioma,False
archive_v2/Testing\meningioma\meningioma_TT_0628.jpg,meningioma,meningioma,0.5634,meningioma,False,False,meningioma,True
archive_v2/Testing\notumor\Te-no_288.jpg,notumor,notumor,0.9871,notumor,False,False,notumor,True
archive_v2/Testing\glioma\glioma_TT_0427.jpg,glioma,glioma,0.9989,glioma,False,False,glioma,True
archive_v2/Testing\pituitary\pituitary_TT_0373.jpg,pituitary,glioma,0.6427,pituitary,True,True,pituitary,True
archive_v2/Testing\glioma\Te-gl_52.jpg,glioma,glioma,0.9998,glioma,False,False,glioma,True
archive_v2/Testing\pituitary\pituitary_TT_2697.jpg,pituitary,pituitary,0.6631,pituitary,False,False,pituitary,True
archive_v2/Testing\notumor\Te-no_305.jpg,notumor,notumor,0.9997,notumor,False,False,notumor,True
archive_v2/Testing\glioma\glioma_TT_1103.jpg,glioma,glioma,0.6506,glioma,False,False,glioma,True
archive_v2/Testing\glioma\glioma_TT_1154.jpg,glioma,meningioma,0.7773,notumor,True,True,meningioma,False
archive_v2/Testing\glioma\Te-gl_297.jpg,glioma,glioma,0.974,glioma,False,False,glioma,True
archive_v2/Testing\notumor\Te-no_358.jpg,notumor,notumor,0.9907,notumor,False,False,notumor,True
archive_v2/Testing\glioma\Te-gl_372.jpg,glioma,notumor,0.8999,glioma,True,True,glioma,True
archive_v2/Testing\meningioma\meningioma_TT_2206.jpg,meningioma,meningioma,0.5952,meningioma,False,False,meningioma,True
archive_v2/Testing\meningioma\meningioma_TT_0316.jpg,meningioma,meningioma,0.4566,meningioma,False,False,meningioma,True
archive_v2/Testing\glioma\Te-gl_34.jpg,glioma,glioma,0.9917,notumor,False,False,glioma,True
archive_v2/Testing\glioma\glioma_TT_0353.jpg,glioma,glioma,0.9711,glioma,False,False,glioma,True
archive_v2/Testing\meningioma\meningioma_TT_1946.jpg,meningioma,meningioma,0.8589,meningioma,False,False,meningioma,True
archive_v2/Testing\glioma\glioma_TT_3238.jpg,glioma,glioma,0.8406,glioma,False,False,glioma,True
archive_v2/Testing\glioma\Te-gl_289.jpg,glioma,glioma,0.9995,glioma,False,False,glioma,True
archive_v2/Testing\glioma\glioma_TT_1828.jpg,glioma,glioma,0.8326,glioma,False,False,glioma,True
archive_v2/Testing\meningioma\Te-me_203.jpg,meningioma,meningioma,0.9924,meningioma,False,False,meningioma,True
archive_v2/Testing\meningioma\meningioma_TT_1118.jpg,meningioma,meningioma,0.6906,meningioma,False,False,meningioma,True
archive_v2/Testing\meningioma\meningioma_TT_1969.jpg,meningioma,meningioma,0.7418,meningioma,False,False,meningioma,True
archive_v2/Testing\meningioma\meningioma_TT_1759.jpg,meningioma,meningioma,0.9989,meningioma,False,False,meningioma,True
archive_v2/Testing\glioma\glioma_TT_3844.jpg,glioma,glioma,0.925,glioma,False,False,glioma,True
archive_v2/Testing\notumor\Te-no_347.jpg,notumor,notumor,0.9976,notumor,False,False,notumor,True
archive_v2/Testing\glioma\Te-gl_144.jpg,glioma,glioma,0.9293,glioma,False,False,glioma,True
archive_v2/Testing\glioma\glioma_TT_0089.jpg,glioma,glioma,0.9851,glioma,False,False,glioma,True
archive_v2/Testing\pituitary\Te-pi_198.jpg,pituitary,pituitary,0.9992,pituitary,False,False,pituitary,True
archive_v2/Testing\pituitary\pituitary_TT_0791.jpg,pituitary,pituitary,0.9713,pituitary,False,False,pituitary,True
archive_v2/Testing\meningioma\Te-aug-me_24.jpg,meningioma,meningioma,0.5866,meningioma,False,False,meningioma,True
archive_v2/Testing\pituitary\pituitary_TT_0754.jpg,pituitary,pituitary,0.9737,pituitary,False,False,pituitary,True
archive_v2/Testing\glioma\Te-gl_30.jpg,glioma,meningioma,0.5225,glioma,True,True,glioma,True
archive_v2/Testing\glioma\Te-gl_267.jpg,glioma,glioma,0.9999,glioma,False,False,glioma,True
archive_v2/Testing\glioma\glioma_TT_3653.jpg,glioma,glioma,0.7609,glioma,False,False,glioma,True
archive_v2/Testing\glioma\glioma_TT_0596.jpg,glioma,glioma,0.9995,glioma,False,False,glioma,True
archive_v2/Testing\pituitary\Te-pi_32.jpg,pituitary,pituitary,0.9146,pituitary,False,False,pituitary,True
archive_v2/Testing\glioma\Te-gl_150.jpg,glioma,glioma,0.9748,glioma,False,False,glioma,True
archive_v2/Testing\meningioma\Te-aug-me_62.jpg,meningioma,meningioma,0.9974,meningioma,False,False,meningioma,True
archive_v2/Testing\pituitary\pituitary_TT_0390.jpg,pituitary,pituitary,0.8918,pituitary,False,False,pituitary,True
archive_v2/Testing\meningioma\Te-me_279.jpg,meningioma,meningioma,0.8707,meningioma,False,False,meningioma,True
archive_v2/Testing\glioma\glioma_TT_2684.jpg,glioma,glioma,0.9892,glioma,False,False,glioma,True
archive_v2/Testing\meningioma\Te-aug-me_4.jpg,meningioma,meningioma,0.9529,meningioma,False,False,meningioma,True
archive_v2/Testing\glioma\glioma_TT_2032.jpg,glioma,glioma,0.9692,glioma,False,False,glioma,True
archive_v2/Testing\glioma\glioma_TT_0046.jpg,glioma,glioma,0.7341,meningioma,True,True,glioma,True
archive_v2/Testing\glioma\glioma_TT_3817.jpg,glioma,glioma,0.9833,glioma,False,False,glioma,True
archive_v2/Testing\notumor\Te-no_70.jpg,notumor,notumor,0.9966,notumor,False,False,notumor,True
archive_v2/Testing\notumor\Te-no_164.jpg,notumor,notumor,0.9713,notumor,False,False,notumor,True
archive_v2/Testing\notumor\Te-no_43.jpg,notumor,notumor,0.9999,notumor,False,False,notumor,True
archive_v2/Testing\glioma\glioma_TT_3703.jpg,glioma,glioma,0.8032,glioma,False,False,glioma,True
archive_v2/Testing\meningioma\meningioma_TT_2049.jpg,meningioma,meningioma,0.9242,meningioma,False,False,meningioma,True
archive_v2/Testing\glioma\glioma_TT_2452.jpg,glioma,glioma,0.9848,glioma,False,False,glioma,True
archive_v2/Testing\pituitary\pituitary_TT_1351.jpg,pituitary,notumor,0.4545,pituitary,True,True,notumor,False
archive_v2/Testing\glioma\glioma_TT_1833.jpg,glioma,meningioma,0.4857,notumor,True,True,meningioma,False
archive_v2/Testing\notumor\Te-no_205.jpg,notumor,notumor,0.9919,notumor,False,False,notumor,True
archive_v2/Testing\glioma\glioma_TT_0438.jpg,glioma,glioma,0.9993,glioma,False,False,glioma,True
archive_v2/Testing\pituitary\pituitary_TT_2351.jpg,pituitary,pituitary,0.5448,pituitary,False,False,pituitary,True
archive_v2/Testing\glioma\glioma_TT_1983.jpg,glioma,glioma,0.9532,glioma,False,False,glioma,True
archive_v2/Testing\glioma\glioma_TT_0458.jpg,glioma,glioma,0.9967,glioma,False,False,glioma,True
archive_v2/Testing\glioma\glioma_TT_2797.jpg,glioma,glioma,0.9726,glioma,False,False,glioma,True
archive_v2/Testing\pituitary\pituitary_TT_2117.jpg,pituitary,pituitary,0.9366,pituitary,False,False,pituitary,True
archive_v2/Testing\meningioma\Te-aug-me_78.jpg,meningioma,meningioma,0.9746,meningioma,False,False,meningioma,True
archive_v2/Testing\glioma\glioma_TT_3589.jpg,glioma,meningioma,0.6212,glioma,True,True,glioma,True
archive_v2/Testing\pituitary\pituitary_TT_2032.jpg,pituitary,meningioma,0.4426,pituitary,True,True,meningioma,False
archive_v2/Testing\meningioma\Te-me_245.jpg,meningioma,meningioma,0.8105,meningioma,False,False,meningioma,True
archive_v2/Testing\meningioma\Te-me_167.jpg,meningioma,meningioma,0.9035,meningioma,False,False,meningioma,True
archive_v2/Testing\pituitary\pituitary_TT_1281.jpg,pituitary,pituitary,0.9689,pituitary,False,False,pituitary,True
archive_v2/Testing\meningioma\meningioma_TT_0802.jpg,meningioma,meningioma,0.6322,meningioma,False,False,meningioma,True
archive_v2/Testing\pituitary\pituitary_TT_2639.jpg,pituitary,pituitary,0.932,pituitary,False,False,pituitary,True
archive_v2/Testing\notumor\Te-no_188.jpg,notumor,notumor,1.0,notumor,False,False,notumor,True
archive_v2/Testing\notumor\Te-no_271.jpg,notumor,notumor,0.9557,notumor,False,False,notumor,True
archive_v2/Testing\pituitary\Te-pi_71.jpg,pituitary,pituitary,0.9777,pituitary,False,False,pituitary,True
archive_v2/Testing\meningioma\Te-me_40.jpg,meningioma,meningioma,0.9579,meningioma,False,False,meningioma,True
archive_v2/Testing\notumor\Te-no_375.jpg,notumor,notumor,0.9999,notumor,False,False,notumor,True
archive_v2/Testing\meningioma\Te-aug-me_77.jpg,meningioma,meningioma,0.9582,meningioma,False,False,meningioma,True
archive_v2/Testing\glioma\glioma_TT_3053.jpg,glioma,glioma,0.4786,glioma,False,False,glioma,True
archive_v2/Testing\pituitary\Te-pi_324.jpg,pituitary,pituitary,0.9993,pituitary,False,False,pituitary,True
archive_v2/Testing\glioma\glioma_TT_2577.jpg,glioma,glioma,0.9993,glioma,False,False,glioma,True
archive_v2/Testing\meningioma\Te-aug-me_32.jpg,meningioma,meningioma,0.9969,meningioma,False,False,meningioma,True
archive_v2/Testing\glioma\Te-gl_82.jpg,glioma,glioma,0.6506,notumor,True,True,glioma,True
archive_v2/Testing\glioma\Te-gl_162.jpg,glioma,glioma,0.9993,glioma,False,False,glioma,True
archive_v2/Testing\meningioma\meningioma_TT_1290.jpg,meningioma,meningioma,0.9975,meningioma,False,False,meningioma,True
archive_v2/Testing\meningioma\meningioma_TT_2191.jpg,meningioma,meningioma,0.9055,meningioma,False,False,meningioma,True
archive_v2/Testing\meningioma\meningioma_TT_1922.jpg,meningioma,meningioma,0.9562,meningioma,False,False,meningioma,True
archive_v2/Testing\glioma\glioma_TT_2988.jpg,glioma,glioma,0.8531,notumor,True,True,glioma,True
archive_v2/Testing\notumor\Te-no_278.jpg,notumor,notumor,0.9977,notumor,False,False,notumor,True
archive_v2/Testing\pituitary\pituitary_TT_0691.jpg,pituitary,pituitary,0.9686,pituitary,False,False,pituitary,True
archive_v2/Testing\pituitary\pituitary_TT_0439.jpg,pituitary,pituitary,0.6044,meningioma,True,True,pituitary,True
archive_v2/Testing\glioma\glioma_TT_3022.jpg,glioma,meningioma,0.7167,glioma,True,True,meningioma,False
archive_v2/Testing\pituitary\pituitary_TT_1837.jpg,pituitary,meningioma,0.6312,notumor,True,True,meningioma,False
archive_v2/Testing\glioma\glioma_TT_1967.jpg,glioma,glioma,0.9927,glioma,False,False,glioma,True
archive_v2/Testing\notumor\Te-no_135.jpg,notumor,notumor,0.981,notumor,False,False,notumor,True
archive_v2/Testing\glioma\Te-gl_136.jpg,glioma,glioma,0.947,glioma,False,False,glioma,True
archive_v2/Testing\pituitary\pituitary_TT_1156.jpg,pituitary,pituitary,0.5169,pituitary,False,False,pituitary,True
archive_v2/Testing\glioma\glioma_TT_3701.jpg,glioma,pituitary,0.7147,glioma,True,True,pituitary,False
archive_v2/Testing\notumor\Te-no_68.jpg,notumor,notumor,0.9996,notumor,False,False,notumor,True
archive_v2/Testing\glioma\glioma_TT_3754.jpg,glioma,glioma,0.8266,glioma,False,False,glioma,True
archive_v2/Testing\meningioma\Te-me_202.jpg,meningioma,meningioma,0.6981,meningioma,False,False,meningioma,True
archive_v2/Testing\glioma\glioma_TT_3351.jpg,glioma,glioma,0.876,glioma,False,False,glioma,True
archive_v2/Testing\meningioma\Te-me_256.jpg,meningioma,meningioma,0.9504,meningioma,False,False,meningioma,True
archive_v2/Testing\glioma\glioma_TT_2340.jpg,glioma,glioma,0.9982,glioma,False,False,glioma,True
archive_v2/Testing\meningioma\meningioma_TT_2123.jpg,meningioma,meningioma,0.9414,meningioma,False,False,meningioma,True
archive_v2/Testing\pituitary\Te-pi_309.jpg,pituitary,pituitary,0.9996,pituitary,False,False,pituitary,True
archive_v2/Testing\meningioma\Te-me_146.jpg,meningioma,meningioma,0.8441,meningioma,False,False,meningioma,True
archive_v2/Testing\pituitary\Te-pi_45.jpg,pituitary,pituitary,0.99,pituitary,False,False,pituitary,True
archive_v2/Testing\glioma\Te-gl_204.jpg,glioma,notumor,0.9164,meningioma,True,True,glioma,True
archive_v2/Testing\meningioma\Te-me_188.jpg,meningioma,meningioma,0.9855,meningioma,False,False,meningioma,True
archive_v2/Testing\pituitary\Te-pi_300.jpg,pituitary,pituitary,0.9992,pituitary,False,False,pituitary,True
archive_v2/Testing\pituitary\Te-pi_12.jpg,pituitary,pituitary,0.9986,pituitary,False,False,pituitary,True
archive_v2/Testing\notumor\Te-no_331.jpg,notumor,notumor,0.9973,notumor,False,False,notumor,True
archive_v2/Testing\pituitary\Te-pi_39.jpg,pituitary,pituitary,0.996,pituitary,False,False,pituitary,True
archive_v2/Testing\glioma\glioma_TT_3072.jpg,glioma,glioma,0.8469,glioma,False,False,glioma,True
archive_v2/Testing\meningioma\meningioma_TT_1370.jpg,meningioma,meningioma,0.8744,notumor,False,False,meningioma,True
archive_v2/Testing\glioma\glioma_TT_3747.jpg,glioma,glioma,0.8165,glioma,False,False,glioma,True
archive_v2/Testing\glioma\Te-gl_58.jpg,glioma,glioma,0.7791,meningioma,True,True,glioma,True
archive_v2/Testing\glioma\glioma_TT_3104.jpg,glioma,pituitary,0.5816,glioma,True,True,pituitary,False
archive_v2/Testing\meningioma\Te-me_136.jpg,meningioma,meningioma,0.8895,meningioma,False,False,meningioma,True
archive_v2/Testing\glioma\glioma_TT_3553.jpg,glioma,glioma,0.6202,glioma,False,False,glioma,True
archive_v2/Testing\notumor\Te-no_54.jpg,notumor,notumor,1.0,notumor,False,False,notumor,True
archive_v2/Testing\meningioma\meningioma_TT_1015.jpg,meningioma,meningioma,0.7296,meningioma,False,False,meningioma,True
archive_v2/Testing\pituitary\Te-pi_277.jpg,pituitary,pituitary,0.9995,pituitary,False,False,pituitary,True
archive_v2/Testing\meningioma\meningioma_TT_2040.jpg,meningioma,meningioma,0.7835,meningioma,False,False,meningioma,True
archive_v2/Testing\pituitary\Te-pi_335.jpg,pituitary,pituitary,0.9945,pituitary,False,False,pituitary,True
archive_v2/Testing\pituitary\Te-pi_140.jpg,pituitary,pituitary,0.991,notumor,False,False,pituitary,True
archive_v2/Testing\glioma\glioma_TT_3576.jpg,glioma,glioma,0.5913,glioma,False,False,glioma,True
archive_v2/Testing\notumor\Te-no_154.jpg,notumor,notumor,0.9874,notumor,False,False,notumor,True
archive_v2/Testing\glioma\glioma_TT_1666.jpg,glioma,glioma,0.9367,glioma,False,False,glioma,True
archive_v2/Testing\meningioma\meningioma_TT_1011.jpg,meningioma,meningioma,0.8076,meningioma,False,False,meningioma,True
archive_v2/Testing\pituitary\pituitary_TT_1939.jpg,pituitary,pituitary,0.4052,meningioma,True,True,pituitary,True
archive_v2/Testing\meningioma\meningioma_TT_1523.jpg,meningioma,meningioma,0.9075,meningioma,False,False,meningioma,True
archive_v2/Testing\pituitary\pituitary_TT_2524.jpg,pituitary,pituitary,0.9701,pituitary,False,False,pituitary,True
archive_v2/Testing\meningioma\Te-me_283.jpg,meningioma,meningioma,0.9896,meningioma,False,False,meningioma,True
archive_v2/Testing\meningioma\meningioma_TT_0952.jpg,meningioma,meningioma,0.9025,meningioma,False,False,meningioma,True
archive_v2/Testing\glioma\glioma_TT_0147.jpg,glioma,glioma,0.9354,glioma,False,False,glioma,True
archive_v2/Testing\meningioma\meningioma_TT_2176.jpg,meningioma,meningioma,0.9758,meningioma,False,False,meningioma,True
archive_v2/Testing\pituitary\Te-pi_346.jpg,pituitary,pituitary,0.9991,pituitary,False,False,pituitary,True
archive_v2/Testing\glioma\Te-gl_145.jpg,glioma,glioma,0.9993,notumor,False,False,glioma,True
archive_v2/Testing\meningioma\Te-me_205.jpg,meningioma,glioma,0.4145,meningioma,True,True,meningioma,True
archive_v2/Testing\pituitary\pituitary_TT_0841.jpg,pituitary,pituitary,0.7451,pituitary,False,False,pituitary,True
archive_v2/Testing\glioma\Te-gl_353.jpg,glioma,glioma,0.9131,glioma,False,False,glioma,True
archive_v2/Testing\meningioma\Te-me_46.jpg,meningioma,meningioma,0.9976,meningioma,False,False,meningioma,True
archive_v2/Testing\pituitary\pituitary_TT_2233.jpg,pituitary,pituitary,0.5843,pituitary,False,False,pituitary,True
archive_v2/Testing\notumor\Te-no_195.jpg,notumor,notumor,0.9979,notumor,False,False,notumor,True
archive_v2/Testing\meningioma\Te-me_228.jpg,meningioma,meningioma,0.7895,meningioma,False,False,meningioma,True
archive_v2/Testing\glioma\Te-gl_250.jpg,glioma,glioma,0.9715,glioma,False,False,glioma,True
archive_v2/Testing\notumor\Te-no_317.jpg,notumor,notumor,0.9993,notumor,False,False,notumor,True
archive_v2/Testing\pituitary\pituitary_TT_1625.jpg,pituitary,pituitary,0.8178,pituitary,False,False,pituitary,True
archive_v2/Testing\notumor\Te-no_84.jpg,notumor,notumor,0.9999,notumor,False,False,notumor,True
archive_v2/Testing\meningioma\Te-aug-me_6.jpg,meningioma,meningioma,0.7522,meningioma,False,False,meningioma,True
archive_v2/Testing\glioma\glioma_TT_0074.jpg,glioma,glioma,0.8203,glioma,False,False,glioma,True
archive_v2/Testing\glioma\glioma_TT_3050.jpg,glioma,glioma,0.8445,glioma,False,False,glioma,True
archive_v2/Testing\pituitary\Te-pi_183.jpg,pituitary,pituitary,0.9987,pituitary,False,False,pituitary,True
archive_v2/Testing\notumor\Te-no_53.jpg,notumor,notumor,1.0,notumor,False,False,notumor,True
archive_v2/Testing\glioma\Te-gl_38.jpg,glioma,glioma,0.995,glioma,False,False,glioma,True
archive_v2/Testing\glioma\glioma_TT_2119.jpg,glioma,glioma,0.9912,glioma,False,False,glioma,True
archive_v2/Testing\meningioma\meningioma_TT_0251.jpg,meningioma,glioma,0.8026,meningioma,True,True,glioma,False
archive_v2/Testing\meningioma\Te-me_64.jpg,meningioma,meningioma,0.9315,meningioma,False,False,meningioma,True
archive_v2/Testing\pituitary\pituitary_TT_0062.jpg,pituitary,pituitary,0.9919,pituitary,False,False,pituitary,True
archive_v2/Testing\meningioma\Te-aug-me_98.jpg,meningioma,meningioma,0.9789,meningioma,False,False,meningioma,True
archive_v2/Testing\glioma\Te-gl_194.jpg,glioma,glioma,0.813,glioma,False,False,glioma,True
archive_v2/Testing\notumor\Te-no_364.jpg,notumor,notumor,0.9999,notumor,False,False,notumor,True
archive_v2/Testing\pituitary\pituitary_TT_0357.jpg,pituitary,meningioma,0.7578,notumor,True,True,meningioma,False
archive_v2/Testing\meningioma\Te-aug-me_95.jpg,meningioma,meningioma,0.9299,meningioma,False,False,meningioma,True
archive_v2/Testing\glioma\glioma_TT_1440.jpg,glioma,glioma,0.8105,notumor,True,True,glioma,True
archive_v2/Testing\pituitary\pituitary_TT_2090.jpg,pituitary,pituitary,0.9628,pituitary,False,False,pituitary,True
archive_v2/Testing\pituitary\Te-pi_109.jpg,pituitary,pituitary,0.9995,pituitary,False,False,pituitary,True
archive_v2/Testing\pituitary\Te-pi_103.jpg,pituitary,pituitary,0.9957,pituitary,False,False,pituitary,True
archive_v2/Testing\glioma\glioma_TT_1519.jpg,glioma,glioma,0.992,glioma,False,False,glioma,True
archive_v2/Testing\meningioma\Te-me_4.jpg,meningioma,meningioma,0.7313,meningioma,False,False,meningioma,True
archive_v2/Testing\glioma\glioma_TT_3281.jpg,glioma,meningioma,0.4663,glioma,True,True,pituitary,False
archive_v2/Testing\pituitary\Te-pi_77.jpg,pituitary,pituitary,0.9997,pituitary,False,False,pituitary,True
archive_v2/Testing\glioma\glioma_TT_2470.jpg,glioma,glioma,0.9968,glioma,False,False,glioma,True
archive_v2/Testing\notumor\Te-no_31.jpg,notumor,notumor,0.9991,notumor,False,False,notumor,True
archive_v2/Testing\glioma\glioma_TT_0356.jpg,glioma,glioma,0.9938,glioma,False,False,glioma,True
archive_v2/Testing\meningioma\meningioma_TT_1863.jpg,meningioma,meningioma,0.9606,meningioma,False,False,meningioma,True
archive_v2/Testing\glioma\glioma_TT_0576.jpg,glioma,glioma,0.9535,glioma,False,False,glioma,True
archive_v2/Testing\pituitary\pituitary_TT_0913.jpg,pituitary,pituitary,0.6025,pituitary,False,False,pituitary,True
archive_v2/Testing\glioma\glioma_TT_1170.jpg,glioma,meningioma,0.5319,glioma,True,True,pituitary,False
archive_v2/Testing\pituitary\pituitary_TT_0857.jpg,pituitary,pituitary,0.8058,notumor,False,False,pituitary,True
archive_v2/Testing\glioma\Te-gl_174.jpg,glioma,glioma,0.9645,glioma,False,False,glioma,True
archive_v2/Testing\glioma\glioma_TT_2134.jpg,glioma,glioma,0.9957,glioma,False,False,glioma,True
archive_v2/Testing\pituitary\Te-pi_375.jpg,pituitary,pituitary,0.9961,pituitary,False,False,pituitary,True
archive_v2/Testing\glioma\Te-gl_213.jpg,glioma,pituitary,0.9224,glioma,False,False,pituitary,False
archive_v2/Testing\glioma\Te-gl_247.jpg,glioma,glioma,0.7836,glioma,False,False,glioma,True
archive_v2/Testing\pituitary\Te-pi_273.jpg,pituitary,pituitary,0.9978,pituitary,False,False,pituitary,True
archive_v2/Testing\pituitary\pituitary_TT_0826.jpg,pituitary,pituitary,0.8054,meningioma,False,False,pituitary,True
archive_v2/Testing\pituitary\Te-pi_267.jpg,pituitary,pituitary,0.9983,pituitary,False,False,pituitary,True
archive_v2/Testing\glioma\glioma_TT_2638.jpg,glioma,glioma,0.9999,glioma,False,False,glioma,True
archive_v2/Testing\meningioma\Te-me_238.jpg,meningioma,meningioma,0.9641,meningioma,False,False,meningioma,True
archive_v2/Testing\glioma\Te-gl_291.jpg,glioma,glioma,0.9976,notumor,False,False,glioma,True
archive_v2/Testing\pituitary\pituitary_TT_1912.jpg,pituitary,meningioma,0.6507,meningioma,False,False,meningioma,False
archive_v2/Testing\pituitary\pituitary_TT_1866.jpg,pituitary,meningioma,0.5172,glioma,True,True,meningioma,False
archive_v2/Testing\meningioma\meningioma_TT_1774.jpg,meningioma,meningioma,0.9993,meningioma,False,False,meningioma,True
archive_v2/Testing\pituitary\pituitary_TT_0955.jpg,pituitary,pituitary,0.913,notumor,False,False,pituitary,True
archive_v2/Testing\glioma\glioma_TT_3236.jpg,glioma,glioma,0.753,glioma,False,False,glioma,True
archive_v2/Testing\meningioma\meningioma_TT_0731.jpg,meningioma,meningioma,0.7134,meningioma,False,False,meningioma,True
archive_v2/Testing\pituitary\pituitary_TT_2719.jpg,pituitary,meningioma,0.5628,pituitary,True,True,meningioma,False
archive_v2/Testing\pituitary\Te-pi_306.jpg,pituitary,pituitary,0.9371,pituitary,False,False,pituitary,True
archive_v2/Testing\meningioma\Te-me_192.jpg,meningioma,meningioma,0.9976,meningioma,False,False,meningioma,True
archive_v2/Testing\meningioma\Te-me_152.jpg,meningioma,meningioma,0.9852,meningioma,False,False,meningioma,True
archive_v2/Testing\meningioma\meningioma_TT_1433.jpg,meningioma,meningioma,0.8668,meningioma,False,False,meningioma,True
archive_v2/Testing\glioma\glioma_TT_2337.jpg,glioma,glioma,0.9983,glioma,False,False,glioma,True
archive_v2/Testing\meningioma\Te-me_154.jpg,meningioma,meningioma,0.9562,meningioma,False,False,meningioma,True
archive_v2/Testing\pituitary\Te-pi_92.jpg,pituitary,pituitary,0.9961,pituitary,False,False,pituitary,True
archive_v2/Testing\glioma\glioma_TT_3370.jpg,glioma,glioma,0.8784,glioma,False,False,glioma,True
archive_v2/Testing\pituitary\pituitary_TT_2400.jpg,pituitary,meningioma,0.4293,pituitary,True,True,pituitary,True
archive_v2/Testing\glioma\glioma_TT_1783.jpg,glioma,glioma,0.5777,glioma,False,False,glioma,True
archive_v2/Testing\meningioma\meningioma_TT_1549.jpg,meningioma,meningioma,0.5769,meningioma,False,False,meningioma,True
archive_v2/Testing\glioma\glioma_TT_0794.jpg,glioma,glioma,0.9322,glioma,False,False,glioma,True
archive_v2/Testing\meningioma\meningioma_TT_0875.jpg,meningioma,meningioma,0.8724,meningioma,False,False,meningioma,True
archive_v2/Testing\pituitary\Te-pi_24.jpg,pituitary,pituitary,0.999,pituitary,False,False,pituitary,True
archive_v2/Testing\glioma\Te-gl_48.jpg,glioma,glioma,0.9886,notumor,False,False,glioma,True
archive_v2/Testing\glioma\Te-gl_2.jpg,glioma,glioma,0.8928,glioma,False,False,glioma,True
archive_v2/Testing\pituitary\Te-pi_314.jpg,pituitary,pituitary,0.9945,pituitary,False,False,pituitary,True
archive_v2/Testing\notumor\Te-no_310.jpg,notumor,notumor,0.9998,notumor,False,False,notumor,True
archive_v2/Testing\notumor\Te-no_52.jpg,notumor,notumor,0.9868,notumor,False,False,notumor,True
archive_v2/Testing\meningioma\meningioma_TT_0167.jpg,meningioma,meningioma,0.9159,meningioma,False,False,meningioma,True
archive_v2/Testing\glioma\Te-gl_199.jpg,glioma,pituitary,0.8658,notumor,True,True,pituitary,False
archive_v2/Testing\pituitary\pituitary_TT_2459.jpg,pituitary,meningioma,0.588,pituitary,True,True,meningioma,False
archive_v2/Testing\pituitary\Te-pi_164.jpg,pituitary,pituitary,0.9972,pituitary,False,False,pituitary,True
archive_v2/Testing\pituitary\pituitary_TT_0509.jpg,pituitary,pituitary,0.9247,pituitary,False,False,pituitary,True
archive_v2/Testing\meningioma\meningioma_TT_1704.jpg,meningioma,meningioma,0.5716,pituitary,True,True,meningioma,True
archive_v2/Testing\pituitary\pituitary_TT_1789.jpg,pituitary,pituitary,0.896,notumor,False,False,pituitary,True
archive_v2/Testing\meningioma\meningioma_TT_0396.jpg,meningioma,meningioma,0.8076,notumor,False,False,meningioma,True
archive_v2/Testing\meningioma\Te-me_187.jpg,meningioma,meningioma,0.9303,meningioma,False,False,meningioma,True
archive_v2/Testing\meningioma\meningioma_TT_0055.jpg,meningioma,meningioma,0.8936,meningioma,False,False,meningioma,True
archive_v2/Testing\glioma\Te-gl_205.jpg,glioma,meningioma,0.6498,glioma,True,True,glioma,True
archive_v2/Testing\pituitary\pituitary_TT_1226.jpg,pituitary,pituitary,0.9727,pituitary,False,False,pituitary,True
archive_v2/Testing\meningioma\meningioma_TT_1018.jpg,meningioma,meningioma,0.7912,meningioma,False,False,meningioma,True
archive_v2/Testing\glioma\glioma_TT_3629.jpg,glioma,glioma,0.6555,glioma,False,False,glioma,True
archive_v2/Testing\pituitary\pituitary_TT_2211.jpg,pituitary,pituitary,0.8315,pituitary,False,False,pituitary,True
archive_v2/Testing\meningioma\meningioma_TT_2134.jpg,meningioma,meningioma,0.9001,meningioma,False,False,meningioma,True
archive_v2/Testing\glioma\glioma_TT_2552.jpg,glioma,glioma,0.9988,glioma,False,False,glioma,True
archive_v2/Testing\notumor\Te-no_94.jpg,notumor,notumor,0.8998,notumor,False,False,notumor,True
archive_v2/Testing\notumor\Te-no_243.jpg,notumor,notumor,0.9998,notumor,False,False,notumor,True
archive_v2/Testing\notumor\Te-no_214.jpg,notumor,notumor,0.984,notumor,False,False,notumor,True
archive_v2/Testing\meningioma\meningioma_TT_0690.jpg,meningioma,meningioma,0.6379,meningioma,False,False,meningioma,True
archive_v2/Testing\meningioma\meningioma_TT_0085.jpg,meningioma,meningioma,0.9315,meningioma,False,False,meningioma,True
archive_v2/Testing\meningioma\Te-aug-me_49.jpg,meningioma,meningioma,0.9626,meningioma,False,False,meningioma,True
archive_v2/Testing\meningioma\Te-me_244.jpg,meningioma,meningioma,0.9049,meningioma,False,False,meningioma,True
archive_v2/Testing\glioma\Te-gl_120.jpg,glioma,glioma,0.9993,glioma,False,False,glioma,True
archive_v2/Testing\meningioma\meningioma_TT_1931.jpg,meningioma,meningioma,0.8685,meningioma,False,False,meningioma,True
archive_v2/Testing\meningioma\Te-me_83.jpg,meningioma,meningioma,0.8526,meningioma,False,False,meningioma,True
archive_v2/Testing\notumor\Te-no_353.jpg,notumor,notumor,0.9899,notumor,False,False,notumor,True
archive_v2/Testing\glioma\Te-gl_171.jpg,glioma,meningioma,0.8237,meningioma,False,False,meningioma,False
archive_v2/Testing\pituitary\pituitary_TT_1083.jpg,pituitary,pituitary,0.9998,pituitary,False,False,pituitary,True
archive_v2/Testing\meningioma\meningioma_TT_0069.jpg,meningioma,meningioma,0.8307,meningioma,False,False,meningioma,True
archive_v2/Testing\meningioma\meningioma_TT_0704.jpg,meningioma,meningioma,0.6839,notumor,True,True,meningioma,True
archive_v2/Testing\glioma\glioma_TT_2278.jpg,glioma,glioma,0.9947,glioma,False,False,glioma,True
archive_v2/Testing\glioma\Te-gl_329.jpg,glioma,glioma,0.9713,glioma,False,False,glioma,True
archive_v2/Testing\meningioma\meningioma_TT_0599.jpg,meningioma,meningioma,0.8501,meningioma,False,False,meningioma,True
archive_v2/Testing\meningioma\meningioma_TT_1670.jpg,meningioma,pituitary,0.7875,notumor,True,True,notumor,False
archive_v2/Testing\notumor\Te-no_230.jpg,notumor,notumor,0.9977,notumor,False,False,notumor,True
archive_v2/Testing\meningioma\Te-me_168.jpg,meningioma,meningioma,0.9453,meningioma,False,False,meningioma,True
archive_v2/Testing\meningioma\meningioma_TT_0463.jpg,meningioma,meningioma,0.6838,meningioma,False,False,meningioma,True
archive_v2/Testing\meningioma\meningioma_TT_0582.jpg,meningioma,meningioma,0.975,meningioma,False,False,meningioma,True
archive_v2/Testing\glioma\Te-gl_336.jpg,glioma,glioma,0.9006,glioma,False,False,glioma,True
archive_v2/Testing\glioma\glioma_TT_2382.jpg,glioma,glioma,0.9999,glioma,False,False,glioma,True
archive_v2/Testing\glioma\glioma_TT_1187.jpg,glioma,pituitary,0.6771,glioma,True,True,pituitary,False
archive_v2/Testing\meningioma\Te-me_92.jpg,meningioma,meningioma,0.8265,meningioma,False,False,meningioma,True
archive_v2/Testing\glioma\glioma_TT_2810.jpg,glioma,glioma,0.9867,glioma,False,False,glioma,True
archive_v2/Testing\glioma\glioma_TT_1138.jpg,glioma,glioma,0.5275,meningioma,True,True,glioma,True
archive_v2/Testing\pituitary\pituitary_TT_2208.jpg,pituitary,pituitary,0.9676,pituitary,False,False,pituitary,True
archive_v2/Testing\glioma\Te-gl_397.jpg,glioma,glioma,0.9999,glioma,False,False,glioma,True
archive_v2/Testing\notumor\Te-no_221.jpg,notumor,notumor,0.9927,notumor,False,False,notumor,True
archive_v2/Testing\meningioma\Te-me_126.jpg,meningioma,meningioma,0.9747,meningioma,False,False,meningioma,True
archive_v2/Testing\meningioma\Te-me_186.jpg,meningioma,pituitary,0.6264,meningioma,True,True,meningioma,True
archive_v2/Testing\glioma\glioma_TT_3604.jpg,glioma,meningioma,0.7027,glioma,True,True,glioma,True
archive_v2/Testing\glioma\glioma_TT_2863.jpg,glioma,glioma,0.9385,glioma,False,False,glioma,True
archive_v2/Testing\glioma\glioma_TT_3861.jpg,glioma,glioma,0.8472,glioma,False,False,glioma,True
archive_v2/Testing\glioma\Te-gl_385.jpg,glioma,glioma,0.9999,glioma,False,False,glioma,True
archive_v2/Testing\meningioma\meningioma_TT_1110.jpg,meningioma,meningioma,0.9028,meningioma,False,False,meningioma,True
archive_v2/Testing\glioma\glioma_TT_3665.jpg,glioma,glioma,0.8223,glioma,False,False,glioma,True
archive_v2/Testing\glioma\glioma_TT_2961.jpg,glioma,glioma,0.9908,glioma,False,False,glioma,True
archive_v2/Testing\pituitary\Te-pi_181.jpg,pituitary,pituitary,0.9992,pituitary,False,False,pituitary,True
archive_v2/Testing\meningioma\meningioma_TT_2053.jpg,meningioma,meningioma,0.9062,meningioma,False,False,meningioma,True
archive_v2/Testing\notumor\Te-no_152.jpg,notumor,notumor,0.9996,notumor,False,False,notumor,True
archive_v2/Testing\glioma\glioma_TT_3712.jpg,glioma,glioma,0.8113,glioma,False,False,glioma,True
archive_v2/Testing\pituitary\Te-pi_220.jpg,pituitary,pituitary,0.9885,pituitary,False,False,pituitary,True
archive_v2/Testing\glioma\glioma_TT_3139.jpg,glioma,pituitary,0.6054,glioma,True,True,pituitary,False
archive_v2/Testing\glioma\glioma_TT_3360.jpg,glioma,glioma,0.8942,glioma,False,False,glioma,True
archive_v2/Testing\meningioma\meningioma_TT_1355.jpg,meningioma,meningioma,0.996,meningioma,False,False,meningioma,True
archive_v2/Testing\meningioma\meningioma_TT_1874.jpg,meningioma,meningioma,0.9827,meningioma,False,False,meningioma,True
archive_v2/Testing\glioma\glioma_TT_1308.jpg,glioma,glioma,0.8408,glioma,False,False,glioma,True
archive_v2/Testing\meningioma\meningioma_TT_1218.jpg,meningioma,glioma,0.5808,meningioma,True,True,glioma,False
archive_v2/Testing\pituitary\Te-pi_86.jpg,pituitary,pituitary,0.998,pituitary,False,False,pituitary,True
archive_v2/Testing\meningioma\meningioma_TT_0844.jpg,meningioma,pituitary,0.8725,meningioma,False,False,pituitary,False
archive_v2/Testing\meningioma\meningioma_TT_2452.jpg,meningioma,meningioma,0.7165,meningioma,False,False,meningioma,True
archive_v2/Testing\pituitary\Te-pi_129.jpg,pituitary,pituitary,0.9984,pituitary,False,False,pituitary,True
archive_v2/Testing\meningioma\meningioma_TT_1163.jpg,meningioma,pituitary,0.5973,meningioma,True,True,pituitary,False
archive_v2/Testing\meningioma\Te-me_117.jpg,meningioma,meningioma,0.8077,meningioma,False,False,meningioma,True
archive_v2/Testing\notumor\Te-no_65.jpg,notumor,notumor,0.9968,notumor,False,False,notumor,True
archive_v2/Testing\notumor\Te-no_291.jpg,notumor,notumor,0.993,notumor,False,False,notumor,True
archive_v2/Testing\pituitary\pituitary_TT_1722.jpg,pituitary,pituitary,0.9682,pituitary,False,False,pituitary,True
archive_v2/Testing\pituitary\Te-pi_331.jpg,pituitary,pituitary,0.9958,pituitary,False,False,pituitary,True
archive_v2/Testing\meningioma\meningioma_TT_1642.jpg,meningioma,pituitary,0.8075,meningioma,False,False,pituitary,False
archive_v2/Testing\glioma\glioma_TT_0736.jpg,glioma,glioma,0.9984,glioma,False,False,glioma,True
archive_v2/Testing\meningioma\meningioma_TT_1477.jpg,meningioma,meningioma,0.8296,meningioma,False,False,meningioma,True
archive_v2/Testing\glioma\glioma_TT_0499.jpg,glioma,glioma,0.9518,glioma,False,False,glioma,True
archive_v2/Testing\glioma\glioma_TT_3170.jpg,glioma,pituitary,0.4189,glioma,True,True,glioma,True
archive_v2/Testing\notumor\Te-no_286.jpg,notumor,notumor,0.9914,notumor,False,False,notumor,True
archive_v2/Testing\pituitary\pituitary_TT_1088.jpg,pituitary,pituitary,0.9056,pituitary,False,False,pituitary,True
archive_v2/Testing\meningioma\meningioma_TT_1638.jpg,meningioma,meningioma,0.4722,notumor,True,True,meningioma,True
archive_v2/Testing\notumor\Te-no_14.jpg,notumor,notumor,0.9988,notumor,False,False,notumor,True
archive_v2/Testing\glioma\glioma_TT_1663.jpg,glioma,glioma,0.831,glioma,False,False,glioma,True
archive_v2/Testing\glioma\glioma_TT_2526.jpg,glioma,glioma,0.9865,glioma,False,False,glioma,True
archive_v2/Testing\meningioma\meningioma_TT_0793.jpg,meningioma,meningioma,0.4442,meningioma,False,False,meningioma,True
archive_v2/Testing\glioma\glioma_TT_0171.jpg,glioma,glioma,0.9744,glioma,False,False,glioma,True
archive_v2/Testing\glioma\Te-gl_119.jpg,glioma,glioma,0.9204,glioma,False,False,glioma,True
archive_v2/Testing\pituitary\Te-pi_29.jpg,pituitary,pituitary,0.9973,pituitary,False,False,pituitary,True
archive_v2/Testing\glioma\glioma_TT_1065.jpg,glioma,glioma,0.8304,glioma,False,False,glioma,True
archive_v2/Testing\glioma\glioma_TT_3073.jpg,glioma,glioma,0.8183,glioma,False,False,glioma,True
archive_v2/Testing\meningioma\meningioma_TT_0301.jpg,meningioma,meningioma,0.9082,pituitary,False,False,meningioma,True
archive_v2/Testing\meningioma\meningioma_TT_2255.jpg,meningioma,meningioma,0.8585,meningioma,False,False,meningioma,True
archive_v2/Testing\meningioma\Te-me_96.jpg,meningioma,meningioma,0.9765,meningioma,False,False,meningioma,True
archive_v2/Testing\glioma\glioma_TT_2036.jpg,glioma,glioma,0.9926,glioma,False,False,glioma,True
archive_v2/Testing\notumor\Te-no_352.jpg,notumor,notumor,0.8288,notumor,False,False,notumor,True
archive_v2/Testing\pituitary\Te-pi_192.jpg,pituitary,pituitary,0.9449,pituitary,False,False,pituitary,True
archive_v2/Testing\meningioma\meningioma_TT_0574.jpg,meningioma,meningioma,0.9772,meningioma,False,False,meningioma,True
archive_v2/Testing\meningioma\meningioma_TT_1446.jpg,meningioma,meningioma,0.9099,meningioma,False,False,meningioma,True
archive_v2/Testing\glioma\Te-gl_368.jpg,glioma,glioma,0.9904,glioma,False,False,glioma,True
archive_v2/Testing\pituitary\Te-pi_123.jpg,pituitary,pituitary,0.9999,pituitary,False,False,pituitary,True
archive_v2/Testing\pituitary\pituitary_TT_1806.jpg,pituitary,pituitary,0.7824,pituitary,False,False,pituitary,True
archive_v2/Testing\pituitary\pituitary_TT_2455.jpg,pituitary,pituitary,0.6551,pituitary,False,False,pituitary,True
archive_v2/Testing\glioma\Te-gl_27.jpg,glioma,glioma,0.7628,meningioma,True,True,meningioma,False
archive_v2/Testing\glioma\Te-gl_19.jpg,glioma,glioma,0.8674,notumor,True,True,glioma,True
archive_v2/Testing\glioma\glioma_TT_1054.jpg,glioma,glioma,0.8586,glioma,False,False,glioma,True
archive_v2/Testing\glioma\glioma_TT_2131.jpg,glioma,glioma,0.9972,glioma,False,False,glioma,True
archive_v2/Testing\pituitary\pituitary_TT_1619.jpg,pituitary,pituitary,0.9287,pituitary,False,False,pituitary,True
archive_v2/Testing\meningioma\Te-aug-me_92.jpg,meningioma,meningioma,0.7018,meningioma,False,False,meningioma,True
archive_v2/Testing\pituitary\Te-pi_350.jpg,pituitary,pituitary,0.999,pituitary,False,False,pituitary,True
archive_v2/Testing\glioma\glioma_TT_2884.jpg,glioma,glioma,0.8549,glioma,False,False,glioma,True
archive_v2/Testing\pituitary\pituitary_TT_1254.jpg,pituitary,pituitary,0.9835,pituitary,False,False,pituitary,True
archive_v2/Testing\meningioma\Te-me_183.jpg,meningioma,meningioma,0.8859,meningioma,False,False,meningioma,True
archive_v2/Testing\pituitary\pituitary_TT_2085.jpg,pituitary,pituitary,0.9141,pituitary,False,False,pituitary,True
archive_v2/Testing\pituitary\Te-pi_203.jpg,pituitary,pituitary,0.9997,pituitary,False,False,pituitary,True
archive_v2/Testing\pituitary\Te-pi_318.jpg,pituitary,pituitary,0.9986,pituitary,False,False,pituitary,True
archive_v2/Testing\notumor\Te-no_130.jpg,notumor,notumor,0.9997,notumor,False,False,notumor,True
archive_v2/Testing\glioma\glioma_TT_3833.jpg,glioma,glioma,0.9948,glioma,False,False,glioma,True
archive_v2/Testing\glioma\Te-gl_51.jpg,glioma,meningioma,0.5744,glioma,True,True,glioma,True
archive_v2/Testing\pituitary\Te-pi_3.jpg,pituitary,pituitary,0.9992,pituitary,False,False,pituitary,True
archive_v2/Testing\glioma\glioma_TT_1556.jpg,glioma,glioma,0.8798,glioma,False,False,glioma,True
archive_v2/Testing\meningioma\meningioma_TT_1861.jpg,meningioma,meningioma,0.9551,meningioma,False,False,meningioma,True
archive_v2/Testing\notumor\Te-no_114.jpg,notumor,notumor,0.9999,notumor,False,False,notumor,True
archive_v2/Testing\pituitary\pituitary_TT_1216.jpg,pituitary,pituitary,0.9627,pituitary,False,False,pituitary,True
archive_v2/Testing\pituitary\Te-pi_361.jpg,pituitary,pituitary,0.9978,pituitary,False,False,pituitary,True
archive_v2/Testing\meningioma\meningioma_TT_1162.jpg,meningioma,meningioma,0.5277,meningioma,False,False,meningioma,True
archive_v2/Testing\pituitary\pituitary_TT_0605.jpg,pituitary,pituitary,0.9435,pituitary,False,False,pituitary,True
archive_v2/Testing\meningioma\meningioma_TT_1647.jpg,meningioma,meningioma,0.6563,pituitary,True,True,meningioma,True
archive_v2/Testing\meningioma\Te-me_135.jpg,meningioma,meningioma,0.9557,meningioma,False,False,meningioma,True
archive_v2/Testing\pituitary\Te-pi_284.jpg,pituitary,pituitary,0.9993,pituitary,False,False,pituitary,True
archive_v2/Testing\pituitary\pituitary_TT_1772.jpg,pituitary,meningioma,0.5703,pituitary,True,True,meningioma,False
archive_v2/Testing\notumor\Te-no_369.jpg,notumor,notumor,0.9989,notumor,False,False,notumor,True
archive_v2/Testing\pituitary\pituitary_TT_0516.jpg,pituitary,pituitary,0.897,pituitary,False,False,pituitary,True
archive_v2/Testing\pituitary\pituitary_TT_0471.jpg,pituitary,pituitary,0.9469,pituitary,False,False,pituitary,True
archive_v2/Testing\glioma\glioma_TT_3873.jpg,glioma,glioma,0.7852,notumor,True,True,glioma,True
archive_v2/Testing\meningioma\Te-aug-me_68.jpg,meningioma,meningioma,0.9804,meningioma,False,False,meningioma,True
archive_v2/Testing\glioma\Te-gl_10.jpg,glioma,glioma,0.9995,glioma,False,False,glioma,True
archive_v2/Testing\notumor\Te-no_250.jpg,notumor,notumor,0.9781,notumor,False,False,notumor,True
archive_v2/Testing\meningioma\meningioma_TT_0438.jpg,meningioma,pituitary,0.4969,meningioma,True,True,pituitary,False
archive_v2/Testing\meningioma\Te-aug-me_57.jpg,meningioma,meningioma,0.9956,meningioma,False,False,meningioma,True
archive_v2/Testing\notumor\Te-no_329.jpg,notumor,notumor,0.9996,notumor,False,False,notumor,True
archive_v2/Testing\pituitary\Te-pi_14.jpg,pituitary,pituitary,0.9993,pituitary,False,False,pituitary,True
archive_v2/Testing\glioma\glioma_TT_1639.jpg,glioma,glioma,0.9604,glioma,False,False,glioma,True
archive_v2/Testing\pituitary\Te-pi_368.jpg,pituitary,pituitary,0.9994,pituitary,False,False,pituitary,True
archive_v2/Testing\pituitary\pituitary_TT_1206.jpg,pituitary,pituitary,0.9242,pituitary,False,False,pituitary,True
archive_v2/Testing\pituitary\Te-pi_321.jpg,pituitary,pituitary,0.9993,pituitary,False,False,pituitary,True
archive_v2/Testing\meningioma\meningioma_TT_0711.jpg,meningioma,meningioma,0.6538,meningioma,False,False,meningioma,True
archive_v2/Testing\glioma\glioma_TT_1970.jpg,glioma,glioma,0.9842,glioma,False,False,glioma,True
archive_v2/Testing\glioma\glioma_TT_0630.jpg,glioma,glioma,0.9984,glioma,False,False,glioma,True
archive_v2/Testing\notumor\Te-no_274.jpg,notumor,notumor,0.9999,notumor,False,False,notumor,True
archive_v2/Testing\meningioma\Te-aug-me_38.jpg,meningioma,meningioma,0.4625,meningioma,False,False,meningioma,True
archive_v2/Testing\pituitary\Te-pi_80.jpg,pituitary,pituitary,0.8731,pituitary,False,False,pituitary,True
archive_v2/Testing\meningioma\meningioma_TT_0341.jpg,meningioma,meningioma,0.6106,meningioma,False,False,meningioma,True
archive_v2/Testing\meningioma\Te-me_150.jpg,meningioma,meningioma,0.9873,meningioma,False,False,meningioma,True
archive_v2/Testing\meningioma\meningioma_TT_0475.jpg,meningioma,meningioma,0.8216,meningioma,False,False,meningioma,True
archive_v2/Testing\pituitary\pituitary_TT_0448.jpg,pituitary,pituitary,0.7221,meningioma,True,True,pituitary,True
archive_v2/Testing\meningioma\Te-aug-me_88.jpg,meningioma,meningioma,0.964,meningioma,False,False,meningioma,True
archive_v2/Testing\notumor\Te-no_10.jpg,notumor,notumor,0.9996,notumor,False,False,notumor,True
archive_v2/Testing\meningioma\Te-aug-me_55.jpg,meningioma,meningioma,0.8171,meningioma,False,False,meningioma,True
archive_v2/Testing\glioma\glioma_TT_0555.jpg,glioma,glioma,0.9992,glioma,False,False,glioma,True
archive_v2/Testing\pituitary\pituitary_TT_0777.jpg,pituitary,pituitary,0.9771,pituitary,False,False,pituitary,True
archive_v2/Testing\meningioma\Te-me_104.jpg,meningioma,meningioma,0.9626,meningioma,False,False,meningioma,True
archive_v2/Testing\pituitary\Te-pi_168.jpg,pituitary,pituitary,0.9984,pituitary,False,False,pituitary,True
archive_v2/Testing\meningioma\Te-me_165.jpg,meningioma,meningioma,0.9555,meningioma,False,False,meningioma,True
archive_v2/Testing\pituitary\Te-pi_319.jpg,pituitary,pituitary,0.9995,pituitary,False,False,pituitary,True
archive_v2/Testing\glioma\Te-gl_357.jpg,glioma,glioma,0.997,glioma,False,False,glioma,True
archive_v2/Testing\meningioma\meningioma_TT_0907.jpg,meningioma,meningioma,0.7943,meningioma,False,False,meningioma,True
archive_v2/Testing\meningioma\Te-me_290.jpg,meningioma,meningioma,0.9117,meningioma,False,False,meningioma,True
archive_v2/Testing\glioma\glioma_TT_2105.jpg,glioma,glioma,0.9983,glioma,False,False,glioma,True
archive_v2/Testing\pituitary\Te-pi_342.jpg,pituitary,pituitary,0.9995,pituitary,False,False,pituitary,True
archive_v2/Testing\pituitary\Te-pi_42.jpg,pituitary,pituitary,0.9886,pituitary,False,False,pituitary,True
archive_v2/Testing\notumor\Te-no_215.jpg,notumor,notumor,0.942,notumor,False,False,notumor,True
archive_v2/Testing\notumor\Te-no_147.jpg,notumor,notumor,0.9994,notumor,False,False,notumor,True
archive_v2/Testing\glioma\Te-gl_104.jpg,glioma,meningioma,0.5345,glioma,True,True,glioma,True
archive_v2/Testing\meningioma\meningioma_TT_1027.jpg,meningioma,meningioma,0.5441,pituitary,True,True,glioma,False
archive_v2/Testing\glioma\Te-gl_262.jpg,glioma,glioma,0.9999,glioma,False,False,glioma,True
archive_v2/Testing\glioma\glioma_TT_3255.jpg,glioma,glioma,0.827,glioma,False,False,glioma,True
archive_v2/Testing\glioma\glioma_TT_1955.jpg,glioma,glioma,0.973,glioma,False,False,glioma,True
archive_v2/Testing\notumor\Te-no_356.jpg,notumor,notumor,0.9998,notumor,False,False,notumor,True
archive_v2/Testing\meningioma\meningioma_TT_0014.jpg,meningioma,meningioma,0.9523,meningioma,False,False,meningioma,True
archive_v2/Testing\glioma\glioma_TT_0367.jpg,glioma,glioma,0.9989,glioma,False,False,glioma,True
archive_v2/Testing\notumor\Te-no_115.jpg,notumor,notumor,0.9998,notumor,False,False,notumor,True
archive_v2/Testing\pituitary\Te-pi_105.jpg,pituitary,pituitary,0.8738,pituitary,False,False,pituitary,True
archive_v2/Testing\meningioma\meningioma_TT_1029.jpg,meningioma,pituitary,0.78,pituitary,False,False,pituitary,False
archive_v2/Testing\pituitary\pituitary_TT_1097.jpg,pituitary,pituitary,0.7705,pituitary,False,False,pituitary,True
archive_v2/Testing\meningioma\Te-me_221.jpg,meningioma,meningioma,0.9628,meningioma,False,False,meningioma,True
archive_v2/Testing\meningioma\meningioma_TT_0963.jpg,meningioma,meningioma,0.8586,meningioma,False,False,meningioma,True
archive_v2/Testing\notumor\Te-no_7.jpg,notumor,notumor,0.9999,notumor,False,False,notumor,True
archive_v2/Testing\glioma\glioma_TT_0205.jpg,glioma,glioma,0.9754,glioma,False,False,glioma,True
archive_v2/Testing\glioma\Te-gl_24.jpg,glioma,glioma,0.9905,glioma,False,False,glioma,True
archive_v2/Testing\pituitary\pituitary_TT_0909.jpg,pituitary,pituitary,0.572,pituitary,False,False,pituitary,True
archive_v2/Testing\notumor\Te-no_371.jpg,notumor,notumor,0.9991,notumor,False,False,notumor,True
archive_v2/Testing\pituitary\pituitary_TT_1992.jpg,pituitary,pituitary,0.6732,notumor,True,True,pituitary,True
archive_v2/Testing\glioma\glioma_TT_3406.jpg,glioma,glioma,0.9402,glioma,False,False,glioma,True
archive_v2/Testing\pituitary\pituitary_TT_0760.jpg,pituitary,pituitary,0.9905,pituitary,False,False,pituitary,True
archive_v2/Testing\glioma\Te-gl_200.jpg,glioma,glioma,0.9449,glioma,False,False,glioma,True
archive_v2/Testing\meningioma\Te-me_169.jpg,meningioma,pituitary,0.987,meningioma,False,False,pituitary,False
archive_v2/Testing\pituitary\pituitary_TT_1333.jpg,pituitary,pituitary,0.6615,notumor,True,True,pituitary,True
archive_v2/Testing\pituitary\Te-pi_376.jpg,pituitary,pituitary,0.9998,pituitary,False,False,pituitary,True
archive_v2/Testing\meningioma\meningioma_TT_0303.jpg,meningioma,glioma,0.6279,pituitary,True,True,meningioma,True
archive_v2/Testing\notumor\Te-no_108.jpg,notumor,notumor,0.9985,notumor,False,False,notumor,True
archive_v2/Testing\pituitary\Te-pi_235.jpg,pituitary,pituitary,0.9996,pituitary,False,False,pituitary,True
archive_v2/Testing\meningioma\Te-me_242.jpg,meningioma,pituitary,0.6724,meningioma,True,True,pituitary,False
archive_v2/Testing\glioma\glioma_TT_3749.jpg,glioma,glioma,0.8349,glioma,False,False,glioma,True
archive_v2/Testing\pituitary\pituitary_TT_2558.jpg,pituitary,pituitary,0.935,pituitary,False,False,pituitary,True
archive_v2/Testing\glioma\glioma_TT_3740.jpg,glioma,glioma,0.8554,glioma,False,False,glioma,True
archive_v2/Testing\meningioma\Te-me_158.jpg,meningioma,meningioma,0.765,meningioma,False,False,meningioma,True
archive_v2/Testing\meningioma\meningioma_TT_0286.jpg,meningioma,meningioma,0.6875,meningioma,False,False,meningioma,True
archive_v2/Testing\glioma\glioma_TT_2019.jpg,glioma,glioma,0.9817,glioma,False,False,glioma,True
archive_v2/Testing\pituitary\Te-pi_303.jpg,pituitary,pituitary,0.8762,pituitary,False,False,pituitary,True
archive_v2/Testing\glioma\Te-gl_186.jpg,glioma,glioma,0.9991,glioma,False,False,glioma,True
archive_v2/Testing\glioma\glioma_TT_2607.jpg,glioma,glioma,0.9794,glioma,False,False,glioma,True
archive_v2/Testing\glioma\glioma_TT_2687.jpg,glioma,glioma,0.9666,glioma,False,False,glioma,True
archive_v2/Testing\meningioma\Te-aug-me_73.jpg,meningioma,meningioma,0.9687,meningioma,False,False,meningioma,True
archive_v2/Testing\meningioma\Te-me_237.jpg,meningioma,meningioma,0.9777,meningioma,False,False,meningioma,True
archive_v2/Testing\meningioma\meningioma_TT_1533.jpg,meningioma,pituitary,0.6464,pituitary,False,False,pituitary,False
archive_v2/Testing\glioma\glioma_TT_2135.jpg,glioma,glioma,0.9905,glioma,False,False,glioma,True
archive_v2/Testing\glioma\glioma_TT_2602.jpg,glioma,glioma,0.8667,glioma,False,False,glioma,True
archive_v2/Testing\meningioma\meningioma_TT_1788.jpg,meningioma,meningioma,0.9984,meningioma,False,False,meningioma,True
archive_v2/Testing\glioma\Te-gl_241.jpg,glioma,glioma,0.9999,glioma,False,False,glioma,True
archive_v2/Testing\meningioma\Te-me_90.jpg,meningioma,meningioma,0.9368,meningioma,False,False,meningioma,True
archive_v2/Testing\glioma\glioma_TT_0200.jpg,glioma,glioma,0.989,glioma,False,False,glioma,True
archive_v2/Testing\pituitary\pituitary_TT_2749.jpg,pituitary,pituitary,0.8515,pituitary,False,False,pituitary,True
archive_v2/Testing\glioma\glioma_TT_1323.jpg,glioma,glioma,0.8199,glioma,False,False,glioma,True
archive_v2/Testing\pituitary\pituitary_TT_2079.jpg,pituitary,pituitary,0.963,pituitary,False,False,pituitary,True
archive_v2/Testing\glioma\glioma_TT_3161.jpg,glioma,glioma,0.539,notumor,True,True,glioma,True
archive_v2/Testing\pituitary\pituitary_TT_0918.jpg,pituitary,pituitary,0.5682,pituitary,False,False,pituitary,True
archive_v2/Testing\meningioma\meningioma_TT_0513.jpg,meningioma,meningioma,0.8383,meningioma,False,False,meningioma,True
archive_v2/Testing\meningioma\Te-me_172.jpg,meningioma,meningioma,0.9723,meningioma,False,False,meningioma,True
archive_v2/Testing\glioma\glioma_TT_1724.jpg,glioma,glioma,0.8713,notumor,False,False,glioma,True
archive_v2/Testing\glioma\Te-gl_190.jpg,glioma,glioma,0.8703,glioma,False,False,glioma,True
archive_v2/Testing\meningioma\meningioma_TT_0537.jpg,meningioma,meningioma,0.8692,meningioma,False,False,meningioma,True
archive_v2/Testing\glioma\glioma_TT_1681.jpg,glioma,glioma,0.8406,glioma,False,False,glioma,True
archive_v2/Testing\glioma\glioma_TT_1415.jpg,glioma,glioma,0.6695,notumor,True,True,notumor,False
archive_v2/Testing\glioma\glioma_TT_2920.jpg,glioma,glioma,0.986,glioma,False,False,glioma,True
archive_v2/Testing\glioma\glioma_TT_1217.jpg,glioma,pituitary,0.5594,glioma,True,True,pituitary,False
archive_v2/Testing\pituitary\Te-pi_159.jpg,pituitary,pituitary,0.9994,pituitary,False,False,pituitary,True
archive_v2/Testing\pituitary\pituitary_TT_1235.jpg,pituitary,pituitary,0.9461,pituitary,False,False,pituitary,True
archive_v2/Testing\notumor\Te-no_295.jpg,notumor,notumor,0.9979,notumor,False,False,notumor,True
archive_v2/Testing\meningioma\Te-me_251.jpg,meningioma,meningioma,0.9234,meningioma,False,False,meningioma,True
archive_v2/Testing\glioma\glioma_TT_0092.jpg,glioma,glioma,0.9809,glioma,False,False,glioma,True
archive_v2/Testing\pituitary\Te-pi_329.jpg,pituitary,pituitary,0.999,pituitary,False,False,pituitary,True
archive_v2/Testing\glioma\glioma_TT_3182.jpg,glioma,glioma,0.6191,glioma,False,False,glioma,True
archive_v2/Testing\pituitary\Te-pi_385.jpg,pituitary,pituitary,0.9991,pituitary,False,False,pituitary,True
archive_v2/Testing\glioma\glioma_TT_2325.jpg,glioma,glioma,0.9922,glioma,False,False,glioma,True
archive_v2/Testing\meningioma\Te-me_267.jpg,meningioma,meningioma,0.9239,meningioma,False,False,meningioma,True
archive_v2/Testing\glioma\Te-gl_246.jpg,glioma,glioma,0.9203,glioma,False,False,glioma,True
archive_v2/Testing\meningioma\Te-me_292.jpg,meningioma,meningioma,0.92,meningioma,False,False,meningioma,True
archive_v2/Testing\meningioma\Te-aug-me_84.jpg,meningioma,meningioma,0.9676,meningioma,False,False,meningioma,True
archive_v2/Testing\glioma\Te-gl_253.jpg,glioma,glioma,0.9931,glioma,False,False,glioma,True
archive_v2/Testing\glioma\glioma_TT_0639.jpg,glioma,glioma,0.9867,glioma,False,False,glioma,True
archive_v2/Testing\meningioma\meningioma_TT_0888.jpg,meningioma,meningioma,0.8329,meningioma,False,False,meningioma,True
archive_v2/Testing\glioma\glioma_TT_1068.jpg,glioma,glioma,0.9017,glioma,False,False,glioma,True
archive_v2/Testing\notumor\Te-no_268.jpg,notumor,notumor,0.9742,notumor,False,False,notumor,True
archive_v2/Testing\notumor\Te-no_378.jpg,notumor,notumor,0.9965,notumor,False,False,notumor,True
archive_v2/Testing\meningioma\Te-me_41.jpg,meningioma,meningioma,0.7755,meningioma,False,False,meningioma,True
archive_v2/Testing\glioma\Te-gl_231.jpg,glioma,glioma,0.9777,glioma,False,False,glioma,True
archive_v2/Testing\notumor\Te-no_241.jpg,notumor,notumor,0.9859,notumor,False,False,notumor,True
archive_v2/Testing\glioma\glioma_TT_1102.jpg,glioma,glioma,0.8683,glioma,False,False,glioma,True
archive_v2/Testing\pituitary\Te-pi_58.jpg,pituitary,pituitary,0.9844,pituitary,False,False,pituitary,True
archive_v2/Testing\pituitary\pituitary_TT_1287.jpg,pituitary,pituitary,0.9563,pituitary,False,False,pituitary,True
archive_v2/Testing\pituitary\pituitary_TT_1865.jpg,pituitary,pituitary,0.7668,pituitary,False,False,pituitary,True
archive_v2/Testing\glioma\Te-gl_134.jpg,glioma,glioma,0.9909,glioma,False,False,glioma,True
archive_v2/Testing\notumor\Te-no_299.jpg,notumor,notumor,0.9957,notumor,False,False,notumor,True
archive_v2/Testing\meningioma\meningioma_TT_0865.jpg,meningioma,meningioma,0.8825,meningioma,False,False,meningioma,True
archive_v2/Testing\pituitary\pituitary_TT_0047.jpg,pituitary,pituitary,0.9567,pituitary,False,False,pituitary,True
archive_v2/Testing\notumor\Te-no_264.jpg,notumor,notumor,0.9998,notumor,False,False,notumor,True
archive_v2/Testing\meningioma\meningioma_TT_1157.jpg,meningioma,meningioma,0.5809,meningioma,False,False,meningioma,True
archive_v2/Testing\pituitary\pituitary_TT_1917.jpg,pituitary,pituitary,0.6047,pituitary,False,False,pituitary,True
archive_v2/Testing\glioma\glioma_TT_3427.jpg,glioma,glioma,0.8754,glioma,False,False,glioma,True
archive_v2/Testing\pituitary\Te-pi_219.jpg,pituitary,meningioma,0.5221,pituitary,True,True,meningioma,False
archive_v2/Testing\glioma\glioma_TT_0703.jpg,glioma,glioma,0.9997,glioma,False,False,glioma,True
archive_v2/Testing\meningioma\Te-me_178.jpg,meningioma,meningioma,0.9008,meningioma,False,False,meningioma,True
archive_v2/Testing\glioma\Te-gl_111.jpg,glioma,glioma,0.9997,glioma,False,False,glioma,True
archive_v2/Testing\glioma\Te-gl_261.jpg,glioma,glioma,0.9998,glioma,False,False,glioma,True
archive_v2/Testing\glioma\glioma_TT_3706.jpg,glioma,glioma,0.7345,glioma,False,False,glioma,True
archive_v2/Testing\pituitary\pituitary_TT_2546.jpg,pituitary,pituitary,0.9322,pituitary,False,False,pituitary,True
archive_v2/Testing\pituitary\Te-pi_209.jpg,pituitary,pituitary,0.8773,pituitary,False,False,pituitary,True
archive_v2/Testing\glioma\Te-gl_8.jpg,glioma,glioma,0.9992,glioma,False,False,glioma,True
archive_v2/Testing\glioma\Te-gl_287.jpg,glioma,glioma,0.8113,glioma,False,False,glioma,True
archive_v2/Testing\glioma\glioma_TT_3215.jpg,glioma,glioma,0.6895,notumor,True,True,glioma,True
archive_v2/Testing\pituitary\pituitary_TT_1871.jpg,pituitary,pituitary,0.6766,pituitary,False,False,pituitary,True
archive_v2/Testing\meningioma\meningioma_TT_2458.jpg,meningioma,meningioma,0.6714,meningioma,False,False,meningioma,True
archive_v2/Testing\glioma\glioma_TT_3466.jpg,glioma,pituitary,0.6574,meningioma,True,True,pituitary,False
archive_v2/Testing\pituitary\Te-pi_208.jpg,pituitary,pituitary,0.9999,pituitary,False,False,pituitary,True
archive_v2/Testing\pituitary\Te-pi_44.jpg,pituitary,pituitary,0.9999,pituitary,False,False,pituitary,True
archive_v2/Testing\glioma\glioma_TT_2201.jpg,glioma,glioma,0.9995,glioma,False,False,glioma,True
archive_v2/Testing\meningioma\Te-me_211.jpg,meningioma,meningioma,0.9711,meningioma,False,False,meningioma,True
archive_v2/Testing\pituitary\pituitary_TT_0320.jpg,pituitary,pituitary,0.6481,pituitary,False,False,pituitary,True
archive_v2/Testing\glioma\glioma_TT_2329.jpg,glioma,glioma,0.993,glioma,False,False,glioma,True
archive_v2/Testing\pituitary\Te-pi_10.jpg,pituitary,pituitary,0.9993,pituitary,False,False,pituitary,True
archive_v2/Testing\glioma\glioma_TT_3785.jpg,glioma,glioma,0.9404,glioma,False,False,glioma,True
archive_v2/Testing\glioma\glioma_TT_3620.jpg,glioma,meningioma,0.8289,glioma,False,False,meningioma,False
archive_v2/Testing\pituitary\pituitary_TT_2667.jpg,pituitary,pituitary,0.946,pituitary,False,False,pituitary,True
archive_v2/Testing\pituitary\pituitary_TT_2108.jpg,pituitary,pituitary,0.9546,pituitary,False,False,pituitary,True
archive_v2/Testing\glioma\glioma_TT_0183.jpg,glioma,glioma,0.9888,glioma,False,False,glioma,True
archive_v2/Testing\glioma\glioma_TT_0365.jpg,glioma,glioma,0.9979,glioma,False,False,glioma,True
archive_v2/Testing\pituitary\pituitary_TT_2636.jpg,pituitary,pituitary,0.9249,pituitary,False,False,pituitary,True
archive_v2/Testing\glioma\glioma_TT_0763.jpg,glioma,glioma,0.999,glioma,False,False,glioma,True
archive_v2/Testing\glioma\glioma_TT_0115.jpg,glioma,glioma,0.9808,glioma,False,False,glioma,True
archive_v2/Testing\pituitary\Te-pi_316.jpg,pituitary,pituitary,0.9982,pituitary,False,False,pituitary,True
archive_v2/Testing\meningioma\Te-aug-me_51.jpg,meningioma,meningioma,0.9941,meningioma,False,False,meningioma,True
archive_v2/Testing\notumor\Te-no_275.jpg,notumor,notumor,0.9997,notumor,False,False,notumor,True
archive_v2/Testing\pituitary\Te-pi_332.jpg,pituitary,pituitary,0.9996,pituitary,False,False,pituitary,True
archive_v2/Testing\glioma\Te-gl_128.jpg,glioma,glioma,0.869,glioma,False,False,glioma,True
archive_v2/Testing\notumor\Te-no_180.jpg,notumor,notumor,0.9998,notumor,False,False,notumor,True
archive_v2/Testing\pituitary\Te-pi_281.jpg,pituitary,pituitary,0.9997,pituitary,False,False,pituitary,True
archive_v2/Testing\pituitary\Te-pi_125.jpg,pituitary,pituitary,0.9981,pituitary,False,False,pituitary,True
archive_v2/Testing\meningioma\Te-aug-me_63.jpg,meningioma,meningioma,0.9625,meningioma,False,False,meningioma,True
archive_v2/Testing\pituitary\pituitary_TT_0025.jpg,pituitary,pituitary,0.9511,pituitary,False,False,pituitary,True
archive_v2/Testing\notumor\Te-no_233.jpg,notumor,notumor,0.9997,notumor,False,False,notumor,True
archive_v2/Testing\pituitary\pituitary_TT_1675.jpg,pituitary,pituitary,0.9702,pituitary,False,False,pituitary,True
archive_v2/Testing\glioma\glioma_TT_1274.jpg,glioma,glioma,0.8855,glioma,False,False,glioma,True
archive_v2/Testing\glioma\glioma_TT_3858.jpg,glioma,glioma,0.7724,glioma,False,False,glioma,True
archive_v2/Testing\meningioma\Te-me_42.jpg,meningioma,meningioma,0.9159,meningioma,False,False,meningioma,True
archive_v2/Testing\glioma\glioma_TT_3081.jpg,glioma,glioma,0.7971,glioma,False,False,glioma,True
archive_v2/Testing\glioma\Te-gl_352.jpg,glioma,glioma,0.9843,glioma,False,False,glioma,True
archive_v2/Testing\meningioma\Te-me_234.jpg,meningioma,meningioma,0.7823,meningioma,False,False,meningioma,True
archive_v2/Testing\glioma\glioma_TT_0729.jpg,glioma,glioma,0.9997,glioma,False,False,glioma,True
archive_v2/Testing\pituitary\pituitary_TT_1196.jpg,pituitary,pituitary,0.9263,pituitary,False,False,pituitary,True
archive_v2/Testing\meningioma\meningioma_TT_2486.jpg,meningioma,meningioma,0.8545,meningioma,False,False,meningioma,True
archive_v2/Testing\glioma\glioma_TT_2356.jpg,glioma,glioma,0.9994,glioma,False,False,glioma,True
archive_v2/Testing\notumor\Te-no_212.jpg,notumor,notumor,0.9796,notumor,False,False,notumor,True
archive_v2/Testing\glioma\Te-gl_37.jpg,glioma,glioma,0.9719,glioma,False,False,glioma,True
archive_v2/Testing\glioma\glioma_TT_0038.jpg,glioma,glioma,0.8491,glioma,False,False,glioma,True
archive_v2/Testing\notumor\Te-no_306.jpg,notumor,notumor,0.9894,notumor,False,False,notumor,True
archive_v2/Testing\pituitary\Te-pi_160.jpg,pituitary,pituitary,0.9995,pituitary,False,False,pituitary,True
archive_v2/Testing\meningioma\meningioma_TT_1501.jpg,meningioma,meningioma,0.8443,meningioma,False,False,meningioma,True
archive_v2/Testing\glioma\Te-gl_133.jpg,glioma,pituitary,0.8542,meningioma,False,False,pituitary,False
archive_v2/Testing\glioma\Te-gl_367.jpg,glioma,glioma,0.9992,glioma,False,False,glioma,True
archive_v2/Testing\pituitary\pituitary_TT_0932.jpg,pituitary,pituitary,0.8482,pituitary,False,False,pituitary,True
archive_v2/Testing\meningioma\meningioma_TT_1493.jpg,meningioma,meningioma,0.8968,meningioma,False,False,meningioma,True
archive_v2/Testing\meningioma\Te-aug-me_53.jpg,meningioma,meningioma,0.9761,meningioma,False,False,meningioma,True
archive_v2/Testing\pituitary\Te-pi_25.jpg,pituitary,pituitary,0.9982,pituitary,False,False,pituitary,True
archive_v2/Testing\pituitary\pituitary_TT_1682.jpg,pituitary,pituitary,0.9435,pituitary,False,False,pituitary,True
archive_v2/Testing\glioma\glioma_TT_0705.jpg,glioma,glioma,0.9983,glioma,False,False,glioma,True
archive_v2/Testing\meningioma\meningioma_TT_0214.jpg,meningioma,meningioma,0.7798,notumor,True,True,meningioma,True
archive_v2/Testing\glioma\glioma_TT_3495.jpg,glioma,pituitary,0.4629,glioma,True,True,pituitary,False
archive_v2/Testing\glioma\glioma_TT_2959.jpg,glioma,glioma,0.9773,glioma,False,False,glioma,True
archive_v2/Testing\meningioma\Te-me_105.jpg,meningioma,meningioma,0.8447,meningioma,False,False,meningioma,True
archive_v2/Testing\pituitary\pituitary_TT_0279.jpg,pituitary,pituitary,0.6172,pituitary,False,False,pituitary,True
archive_v2/Testing\pituitary\Te-pi_34.jpg,pituitary,pituitary,0.9998,pituitary,False,False,pituitary,True
archive_v2/Testing\glioma\glioma_TT_2220.jpg,glioma,glioma,0.9999,glioma,False,False,glioma,True
archive_v2/Testing\glioma\glioma_TT_3400.jpg,glioma,glioma,0.9254,glioma,False,False,glioma,True
archive_v2/Testing\meningioma\Te-me_113.jpg,meningioma,meningioma,0.7701,meningioma,False,False,meningioma,True
archive_v2/Testing\notumor\Te-no_158.jpg,notumor,notumor,0.9993,notumor,False,False,notumor,True
archive_v2/Testing\notumor\Te-no_314.jpg,notumor,notumor,0.9985,notumor,False,False,notumor,True
archive_v2/Testing\pituitary\pituitary_TT_2227.jpg,pituitary,pituitary,0.5894,pituitary,False,False,pituitary,True
archive_v2/Testing\pituitary\Te-pi_294.jpg,pituitary,pituitary,0.9963,pituitary,False,False,pituitary,True
archive_v2/Testing\meningioma\meningioma_TT_0691.jpg,meningioma,meningioma,0.7376,meningioma,False,False,meningioma,True
archive_v2/Testing\glioma\Te-gl_400.jpg,glioma,glioma,0.8234,glioma,False,False,glioma,True
archive_v2/Testing\pituitary\Te-pi_153.jpg,pituitary,pituitary,0.9994,pituitary,False,False,pituitary,True
archive_v2/Testing\glioma\Te-gl_245.jpg,glioma,glioma,0.829,glioma,False,False,glioma,True
archive_v2/Testing\notumor\Te-no_62.jpg,notumor,notumor,0.9999,notumor,False,False,notumor,True
archive_v2/Testing\notumor\Te-no_365.jpg,notumor,notumor,0.3773,notumor,False,False,notumor,True
archive_v2/Testing\glioma\glioma_TT_3129.jpg,glioma,glioma,0.5879,glioma,False,False,glioma,True
archive_v2/Testing\notumor\Te-no_330.jpg,notumor,notumor,0.9976,notumor,False,False,notumor,True
archive_v2/Testing\glioma\glioma_TT_0452.jpg,glioma,glioma,0.9946,glioma,False,False,glioma,True
archive_v2/Testing\meningioma\meningioma_TT_0378.jpg,meningioma,meningioma,0.8428,meningioma,False,False,meningioma,True
archive_v2/Testing\glioma\glioma_TT_2888.jpg,glioma,glioma,0.9087,glioma,False,False,glioma,True
archive_v2/Testing\pituitary\Te-pi_36.jpg,pituitary,pituitary,0.9949,pituitary,False,False,pituitary,True
archive_v2/Testing\glioma\Te-gl_35.jpg,glioma,glioma,0.9933,glioma,False,False,glioma,True
archive_v2/Testing\notumor\Te-no_64.jpg,notumor,notumor,0.9609,notumor,False,False,notumor,True
archive_v2/Testing\glioma\Te-gl_351.jpg,glioma,meningioma,0.973,notumor,False,False,meningioma,False
archive_v2/Testing\glioma\glioma_TT_1853.jpg,glioma,glioma,0.4748,glioma,False,False,glioma,True
archive_v2/Testing\glioma\Te-gl_395.jpg,glioma,glioma,0.9871,notumor,False,False,glioma,True
archive_v2/Testing\notumor\Te-no_102.jpg,notumor,notumor,0.9993,notumor,False,False,notumor,True
archive_v2/Testing\glioma\Te-gl_308.jpg,glioma,glioma,0.8252,glioma,False,False,glioma,True
archive_v2/Testing\glioma\glioma_TT_1265.jpg,glioma,glioma,0.5604,glioma,False,False,glioma,True
archive_v2/Testing\notumor\Te-no_189.jpg,notumor,notumor,0.9997,notumor,False,False,notumor,True
archive_v2/Testing\meningioma\meningioma_TT_2409.jpg,meningioma,meningioma,0.6145,meningioma,False,False,meningioma,True
archive_v2/Testing\meningioma\meningioma_TT_1927.jpg,meningioma,meningioma,0.9311,meningioma,False,False,meningioma,True
archive_v2/Testing\notumor\Te-no_384.jpg,notumor,notumor,0.9979,notumor,False,False,notumor,True
archive_v2/Testing\glioma\Te-gl_284.jpg,glioma,glioma,0.9849,glioma,False,False,glioma,True
archive_v2/Testing\glioma\Te-gl_31.jpg,glioma,glioma,0.9594,glioma,False,False,glioma,True
archive_v2/Testing\meningioma\Te-me_103.jpg,meningioma,meningioma,0.9715,meningioma,False,False,meningioma,True
archive_v2/Testing\pituitary\pituitary_TT_0916.jpg,pituitary,pituitary,0.7766,pituitary,False,False,pituitary,True
archive_v2/Testing\glioma\Te-gl_323.jpg,glioma,glioma,0.6473,glioma,False,False,glioma,True
archive_v2/Testing\notumor\Te-no_229.jpg,notumor,notumor,1.0,notumor,False,False,notumor,True
archive_v2/Testing\pituitary\pituitary_TT_0743.jpg,pituitary,pituitary,0.977,pituitary,False,False,pituitary,True
archive_v2/Testing\notumor\Te-no_366.jpg,notumor,notumor,1.0,notumor,False,False,notumor,True
archive_v2/Testing\glioma\Te-gl_314.jpg,glioma,meningioma,0.8439,glioma,False,False,meningioma,False
archive_v2/Testing\glioma\glioma_TT_2468.jpg,glioma,glioma,0.996,glioma,False,False,glioma,True
archive_v2/Testing\meningioma\Te-aug-me_41.jpg,meningioma,meningioma,0.9395,meningioma,False,False,meningioma,True
archive_v2/Testing\glioma\glioma_TT_1944.jpg,glioma,glioma,0.9521,glioma,False,False,glioma,True
archive_v2/Testing\glioma\glioma_TT_1219.jpg,glioma,pituitary,0.6757,glioma,True,True,pituitary,False
archive_v2/Testing\meningioma\meningioma_TT_2096.jpg,meningioma,meningioma,0.9282,meningioma,False,False,meningioma,True
archive_v2/Testing\pituitary\pituitary_TT_0327.jpg,pituitary,meningioma,0.5214,meningioma,False,False,meningioma,False
archive_v2/Testing\pituitary\Te-pi_310.jpg,pituitary,pituitary,0.9977,pituitary,False,False,pituitary,True
archive_v2/Testing\notumor\Te-no_28.jpg,notumor,notumor,0.9992,notumor,False,False,notumor,True
archive_v2/Testing\pituitary\pituitary_TT_0608.jpg,pituitary,pituitary,0.9406,pituitary,False,False,pituitary,True
archive_v2/Testing\pituitary\Te-pi_79.jpg,pituitary,pituitary,0.9994,pituitary,False,False,pituitary,True
archive_v2/Testing\meningioma\meningioma_TT_0759.jpg,meningioma,meningioma,0.6555,meningioma,False,False,meningioma,True
archive_v2/Testing\glioma\glioma_TT_3859.jpg,glioma,glioma,0.8309,glioma,False,False,glioma,True
archive_v2/Testing\meningioma\meningioma_TT_1434.jpg,meningioma,meningioma,0.9499,meningioma,False,False,meningioma,True
archive_v2/Testing\glioma\glioma_TT_3487.jpg,glioma,meningioma,0.4828,glioma,True,True,meningioma,False
archive_v2/Testing\meningioma\meningioma_TT_0092.jpg,meningioma,meningioma,0.9547,meningioma,False,False,meningioma,True
archive_v2/Testing\glioma\Te-gl_106.jpg,glioma,meningioma,0.9255,meningioma,False,False,meningioma,False
archive_v2/Testing\meningioma\Te-me_78.jpg,meningioma,meningioma,0.9829,meningioma,False,False,meningioma,True
archive_v2/Testing\glioma\glioma_TT_1448.jpg,glioma,glioma,0.8322,glioma,False,False,glioma,True
archive_v2/Testing\glioma\Te-gl_315.jpg,glioma,meningioma,0.8563,glioma,False,False,meningioma,False
archive_v2/Testing\meningioma\meningioma_TT_0317.jpg,meningioma,meningioma,0.6,meningioma,False,False,meningioma,True
archive_v2/Testing\glioma\glioma_TT_2377.jpg,glioma,glioma,0.9999,glioma,False,False,glioma,True
archive_v2/Testing\meningioma\meningioma_TT_1998.jpg,meningioma,meningioma,0.5722,notumor,True,True,meningioma,True
archive_v2/Testing\meningioma\meningioma_TT_2075.jpg,meningioma,meningioma,0.8566,meningioma,False,False,meningioma,True
archive_v2/Testing\meningioma\meningioma_TT_0441.jpg,meningioma,meningioma,0.6469,meningioma,False,False,meningioma,True
archive_v2/Testing\glioma\glioma_TT_1480.jpg,glioma,glioma,0.5315,notumor,True,True,glioma,True
archive_v2/Testing\glioma\glioma_TT_2917.jpg,glioma,glioma,0.98,glioma,False,False,glioma,True
archive_v2/Testing\pituitary\pituitary_TT_1017.jpg,pituitary,pituitary,0.5078,pituitary,False,False,pituitary,True
archive_v2/Testing\glioma\Te-gl_83.jpg,glioma,glioma,0.9989,glioma,False,False,glioma,True
archive_v2/Testing\glioma\Te-gl_153.jpg,glioma,glioma,0.8167,glioma,False,False,glioma,True
archive_v2/Testing\notumor\Te-no_223.jpg,notumor,notumor,0.9751,notumor,False,False,notumor,True
archive_v2/Testing\pituitary\Te-pi_275.jpg,pituitary,pituitary,0.9939,pituitary,False,False,pituitary,True
archive_v2/Testing\glioma\Te-gl_286.jpg,glioma,glioma,0.9985,notumor,False,False,glioma,True
archive_v2/Testing\glioma\glioma_TT_0006.jpg,glioma,glioma,0.5523,notumor,True,True,glioma,True
archive_v2/Testing\notumor\Te-no_26.jpg,notumor,notumor,0.9986,notumor,False,False,notumor,True
archive_v2/Testing\meningioma\meningioma_TT_1177.jpg,meningioma,meningioma,0.8888,notumor,False,False,meningioma,True
archive_v2/Testing\glioma\Te-gl_377.jpg,glioma,glioma,0.8484,glioma,False,False,glioma,True
archive_v2/Testing\glioma\glioma_TT_3186.jpg,glioma,glioma,0.838,glioma,False,False,glioma,True
archive_v2/Testing\meningioma\meningioma_TT_1574.jpg,meningioma,meningioma,0.8452,meningioma,False,False,meningioma,True
archive_v2/Testing\pituitary\pituitary_TT_1494.jpg,pituitary,pituitary,0.9996,pituitary,False,False,pituitary,True
archive_v2/Testing\glioma\glioma_TT_1819.jpg,glioma,glioma,0.6174,glioma,False,False,glioma,True
archive_v2/Testing\pituitary\pituitary_TT_2839.jpg,pituitary,pituitary,0.7914,pituitary,False,False,pituitary,True
archive_v2/Testing\glioma\glioma_TT_0862.jpg,glioma,glioma,0.9981,glioma,False,False,glioma,True
archive_v2/Testing\meningioma\meningioma_TT_1299.jpg,meningioma,meningioma,0.999,meningioma,False,False,meningioma,True
archive_v2/Testing\pituitary\pituitary_TT_2614.jpg,pituitary,pituitary,0.9588,pituitary,False,False,pituitary,True
archive_v2/Testing\pituitary\pituitary_TT_1444.jpg,pituitary,meningioma,0.5014,pituitary,True,True,pituitary,True
archive_v2/Testing\glioma\glioma_TT_1969.jpg,glioma,glioma,0.9862,glioma,False,False,glioma,True
archive_v2/Testing\glioma\glioma_TT_3164.jpg,glioma,glioma,0.7976,glioma,False,False,glioma,True
archive_v2/Testing\glioma\glioma_TT_0248.jpg,glioma,glioma,0.99,glioma,False,False,glioma,True
archive_v2/Testing\meningioma\Te-me_199.jpg,meningioma,meningioma,0.9985,meningioma,False,False,meningioma,True
archive_v2/Testing\pituitary\pituitary_TT_0556.jpg,pituitary,pituitary,0.8101,pituitary,False,False,pituitary,True
archive_v2/Testing\meningioma\meningioma_TT_0344.jpg,meningioma,meningioma,0.7473,meningioma,False,False,meningioma,True
archive_v2/Testing\glioma\Te-gl_322.jpg,glioma,glioma,0.9937,glioma,False,False,glioma,True
archive_v2/Testing\glioma\glioma_TT_0021.jpg,glioma,glioma,0.6739,glioma,False,False,glioma,True
archive_v2/Testing\pituitary\Te-pi_252.jpg,pituitary,pituitary,0.9998,pituitary,False,False,pituitary,True
archive_v2/Testing\pituitary\Te-pi_28.jpg,pituitary,pituitary,0.9994,pituitary,False,False,pituitary,True
archive_v2/Testing\pituitary\Te-pi_353.jpg,pituitary,pituitary,0.9992,pituitary,False,False,pituitary,True
archive_v2/Testing\glioma\Te-gl_299.jpg,glioma,glioma,0.9998,glioma,False,False,glioma,True
archive_v2/Testing\pituitary\pituitary_TT_2456.jpg,pituitary,meningioma,0.6077,pituitary,True,True,meningioma,False
archive_v2/Testing\meningioma\meningioma_TT_1686.jpg,meningioma,pituitary,0.5927,meningioma,True,True,pituitary,False
archive_v2/Testing\meningioma\meningioma_TT_0506.jpg,meningioma,meningioma,0.9677,meningioma,False,False,meningioma,True
archive_v2/Testing\meningioma\meningioma_TT_0774.jpg,meningioma,pituitary,0.5676,meningioma,True,True,pituitary,False
archive_v2/Testing\meningioma\Te-me_254.jpg,meningioma,meningioma,0.9616,meningioma,False,False,meningioma,True
archive_v2/Testing\meningioma\meningioma_TT_0901.jpg,meningioma,meningioma,0.8964,meningioma,False,False,meningioma,True
archive_v2/Testing\pituitary\Te-pi_30.jpg,pituitary,pituitary,0.7957,pituitary,False,False,pituitary,True
archive_v2/Testing\glioma\Te-gl_97.jpg,glioma,meningioma,0.46,notumor,True,True,glioma,True
archive_v2/Testing\glioma\Te-gl_87.jpg,glioma,meningioma,0.9907,meningioma,False,False,meningioma,False
archive_v2/Testing\glioma\glioma_TT_1959.jpg,glioma,glioma,0.9904,glioma,False,False,glioma,True
archive_v2/Testing\meningioma\meningioma_TT_0449.jpg,meningioma,meningioma,0.7055,meningioma,False,False,meningioma,True
archive_v2/Testing\meningioma\meningioma_TT_1856.jpg,meningioma,meningioma,0.9515,meningioma,False,False,meningioma,True
archive_v2/Testing\glioma\glioma_TT_3051.jpg,glioma,glioma,0.8399,glioma,False,False,glioma,True
archive_v2/Testing\meningioma\meningioma_TT_1854.jpg,meningioma,meningioma,0.93,meningioma,False,False,meningioma,True
archive_v2/Testing\notumor\Te-no_355.jpg,notumor,notumor,0.9974,notumor,False,False,notumor,True
archive_v2/Testing\notumor\Te-no_335.jpg,notumor,notumor,0.9956,notumor,False,False,notumor,True
archive_v2/Testing\pituitary\pituitary_TT_0444.jpg,pituitary,pituitary,0.3833,notumor,True,True,pituitary,True
archive_v2/Testing\glioma\glioma_TT_0728.jpg,glioma,glioma,0.9997,glioma,False,False,glioma,True
archive_v2/Testing\pituitary\pituitary_TT_1728.jpg,pituitary,pituitary,0.9594,pituitary,False,False,pituitary,True
archive_v2/Testing\glioma\glioma_TT_2387.jpg,glioma,glioma,0.9998,glioma,False,False,glioma,True
archive_v2/Testing\meningioma\meningioma_TT_2070.jpg,meningioma,meningioma,0.8843,meningioma,False,False,meningioma,True
archive_v2/Testing\pituitary\Te-pi_337.jpg,pituitary,pituitary,0.9978,pituitary,False,False,pituitary,True
archive_v2/Testing\glioma\glioma_TT_3738.jpg,glioma,glioma,0.8036,glioma,False,False,glioma,True
archive_v2/Testing\glioma\glioma_TT_2950.jpg,glioma,glioma,0.973,glioma,False,False,glioma,True
archive_v2/Testing\notumor\Te-no_125.jpg,notumor,notumor,0.9997,notumor,False,False,notumor,True
archive_v2/Testing\pituitary\pituitary_TT_1564.jpg,pituitary,pituitary,0.7303,notumor,True,True,pituitary,True
archive_v2/Testing\meningioma\Te-me_166.jpg,meningioma,meningioma,0.8093,meningioma,False,False,meningioma,True
archive_v2/Testing\glioma\Te-gl_214.jpg,glioma,glioma,0.9998,glioma,False,False,glioma,True
archive_v2/Testing\glioma\Te-gl_348.jpg,glioma,glioma,0.9999,glioma,False,False,glioma,True
archive_v2/Testing\glioma\glioma_TT_2742.jpg,glioma,glioma,0.9667,glioma,False,False,glioma,True
archive_v2/Testing\glioma\Te-gl_316.jpg,glioma,meningioma,0.8739,glioma,False,False,meningioma,False
archive_v2/Testing\pituitary\Te-pi_197.jpg,pituitary,pituitary,0.9969,pituitary,False,False,pituitary,True
archive_v2/Testing\pituitary\pituitary_TT_0089.jpg,pituitary,pituitary,0.9354,pituitary,False,False,pituitary,True
archive_v2/Testing\glioma\Te-gl_360.jpg,glioma,glioma,0.9989,glioma,False,False,glioma,True
archive_v2/Testing\glioma\Te-gl_125.jpg,glioma,meningioma,0.4866,notumor,True,True,meningioma,False
archive_v2/Testing\pituitary\pituitary_TT_2736.jpg,pituitary,meningioma,0.5443,meningioma,False,False,meningioma,False
archive_v2/Testing\notumor\Te-no_40.jpg,notumor,notumor,0.9995,notumor,False,False,notumor,True
archive_v2/Testing\glioma\glioma_TT_2777.jpg,glioma,glioma,0.9796,glioma,False,False,glioma,True
archive_v2/Testing\notumor\Te-no_272.jpg,notumor,notumor,0.9965,notumor,False,False,notumor,True
archive_v2/Testing\notumor\Te-no_4.jpg,notumor,notumor,0.9923,notumor,False,False,notumor,True
archive_v2/Testing\glioma\Te-gl_177.jpg,glioma,glioma,0.8186,notumor,False,False,glioma,True
archive_v2/Testing\meningioma\Te-me_194.jpg,meningioma,meningioma,0.9963,meningioma,False,False,meningioma,True
archive_v2/Testing\glioma\Te-gl_335.jpg,glioma,meningioma,0.5672,meningioma,False,False,meningioma,False
archive_v2/Testing\glioma\glioma_TT_2643.jpg,glioma,glioma,0.9999,glioma,False,False,glioma,True
archive_v2/Testing\glioma\glioma_TT_3160.jpg,glioma,glioma,0.5049,notumor,True,True,glioma,True
archive_v2/Testing\glioma\glioma_TT_0464.jpg,glioma,glioma,0.9981,glioma,False,False,glioma,True
archive_v2/Testing\meningioma\meningioma_TT_1378.jpg,meningioma,meningioma,0.8396,meningioma,False,False,meningioma,True
archive_v2/Testing\notumor\Te-no_138.jpg,notumor,notumor,0.9948,notumor,False,False,notumor,True
archive_v2/Testing\meningioma\meningioma_TT_1055.jpg,meningioma,pituitary,0.894,meningioma,False,False,pituitary,False
archive_v2/Testing\meningioma\Te-me_57.jpg,meningioma,meningioma,0.9717,meningioma,False,False,meningioma,True
archive_v2/Testing\pituitary\pituitary_TT_2757.jpg,pituitary,meningioma,0.5259,pituitary,True,True,meningioma,False
archive_v2/Testing\pituitary\Te-pi_347.jpg,pituitary,pituitary,0.9979,pituitary,False,False,pituitary,True
archive_v2/Testing\meningioma\meningioma_TT_0297.jpg,meningioma,pituitary,0.6289,notumor,True,True,pituitary,False
archive_v2/Testing\meningioma\Te-aug-me_97.jpg,meningioma,meningioma,0.9856,meningioma,False,False,meningioma,True
archive_v2/Testing\pituitary\pituitary_TT_0205.jpg,pituitary,pituitary,0.8939,notumor,False,False,pituitary,True
archive_v2/Testing\glioma\glioma_TT_2157.jpg,glioma,glioma,0.9863,glioma,False,False,glioma,True
archive_v2/Testing\pituitary\Te-pi_53.jpg,pituitary,pituitary,0.9976,pituitary,False,False,pituitary,True
archive_v2/Testing\pituitary\pituitary_TT_0587.jpg,pituitary,pituitary,0.9199,pituitary,False,False,pituitary,True
archive_v2/Testing\pituitary\pituitary_TT_1074.jpg,pituitary,pituitary,0.9992,pituitary,False,False,pituitary,True
archive_v2/Testing\notumor\Te-no_218.jpg,notumor,notumor,0.9995,notumor,False,False,notumor,True
archive_v2/Testing\glioma\glioma_TT_2338.jpg,glioma,glioma,0.9974,glioma,False,False,glioma,True
archive_v2/Testing\meningioma\meningioma_TT_0761.jpg,meningioma,meningioma,0.8698,meningioma,False,False,meningioma,True
archive_v2/Testing\pituitary\Te-pi_106.jpg,pituitary,pituitary,0.999,pituitary,False,False,pituitary,True
archive_v2/Testing\notumor\Te-no_176.jpg,notumor,notumor,0.9981,notumor,False,False,notumor,True
archive_v2/Testing\glioma\glioma_TT_3486.jpg,glioma,meningioma,0.6936,glioma,True,True,meningioma,False
archive_v2/Testing\glioma\glioma_TT_1462.jpg,glioma,glioma,0.782,notumor,True,True,glioma,True
archive_v2/Testing\notumor\Te-no_257.jpg,notumor,notumor,0.9995,notumor,False,False,notumor,True
archive_v2/Testing\meningioma\meningioma_TT_1892.jpg,meningioma,meningioma,0.9801,meningioma,False,False,meningioma,True
archive_v2/Testing\pituitary\Te-pi_302.jpg,pituitary,pituitary,0.9998,pituitary,False,False,pituitary,True
archive_v2/Testing\glioma\glioma_TT_0664.jpg,glioma,glioma,0.9957,glioma,False,False,glioma,True
archive_v2/Testing\glioma\glioma_TT_0570.jpg,glioma,glioma,0.9973,glioma,False,False,glioma,True
archive_v2/Testing\pituitary\pituitary_TT_1262.jpg,pituitary,pituitary,0.9684,pituitary,False,False,pituitary,True
archive_v2/Testing\notumor\Te-no_194.jpg,notumor,notumor,0.9873,notumor,False,False,notumor,True
archive_v2/Testing\pituitary\pituitary_TT_1169.jpg,pituitary,pituitary,0.6701,pituitary,False,False,pituitary,True
archive_v2/Testing\glioma\Te-gl_354.jpg,glioma,glioma,0.9378,glioma,False,False,glioma,True
archive_v2/Testing\meningioma\meningioma_TT_2079.jpg,meningioma,meningioma,0.6859,meningioma,False,False,meningioma,True
archive_v2/Testing\pituitary\pituitary_TT_0649.jpg,pituitary,pituitary,0.9059,pituitary,False,False,pituitary,True
archive_v2/Testing\glioma\Te-gl_54.jpg,glioma,glioma,0.9745,glioma,False,False,glioma,True
archive_v2/Testing\pituitary\pituitary_TT_2610.jpg,pituitary,pituitary,0.9103,pituitary,False,False,pituitary,True
archive_v2/Testing\pituitary\pituitary_TT_2312.jpg,pituitary,glioma,0.6495,meningioma,True,True,glioma,False
archive_v2/Testing\glioma\glioma_TT_3000.jpg,glioma,glioma,0.804,glioma,False,False,glioma,True
archive_v2/Testing\glioma\Te-gl_312.jpg,glioma,glioma,0.9989,glioma,False,False,glioma,True
archive_v2/Testing\glioma\glioma_TT_2962.jpg,glioma,glioma,0.9906,glioma,False,False,glioma,True
archive_v2/Testing\meningioma\Te-aug-me_81.jpg,meningioma,meningioma,0.9992,meningioma,False,False,meningioma,True
archive_v2/Testing\meningioma\Te-me_286.jpg,meningioma,meningioma,0.968,meningioma,False,False,meningioma,True
archive_v2/Testing\glioma\glioma_TT_0320.jpg,glioma,glioma,0.9675,glioma,False,False,glioma,True
archive_v2/Testing\glioma\Te-gl_170.jpg,glioma,glioma,0.81,glioma,False,False,glioma,True
archive_v2/Testing\meningioma\meningioma_TT_2148.jpg,meningioma,meningioma,0.9749,meningioma,False,False,meningioma,True
archive_v2/Testing\meningioma\Te-me_142.jpg,meningioma,meningioma,0.9896,meningioma,False,False,meningioma,True
archive_v2/Testing\notumor\Te-no_79.jpg,notumor,notumor,0.998,notumor,False,False,notumor,True
archive_v2/Testing\glioma\Te-gl_100.jpg,glioma,glioma,0.9996,glioma,False,False,glioma,True
archive_v2/Testing\notumor\Te-no_186.jpg,notumor,notumor,0.9999,notumor,False,False,notumor,True
archive_v2/Testing\pituitary\pituitary_TT_1519.jpg,pituitary,pituitary,0.7577,pituitary,False,False,pituitary,True
archive_v2/Testing\notumor\Te-no_219.jpg,notumor,notumor,0.9705,notumor,False,False,notumor,True
archive_v2/Testing\glioma\glioma_TT_1372.jpg,glioma,glioma,0.8691,glioma,False,False,glioma,True
archive_v2/Testing\pituitary\pituitary_TT_1209.jpg,pituitary,pituitary,0.9344,pituitary,False,False,pituitary,True
archive_v2/Testing\meningioma\Te-me_59.jpg,meningioma,meningioma,0.9032,meningioma,False,False,meningioma,True
archive_v2/Testing\pituitary\pituitary_TT_2168.jpg,pituitary,pituitary,0.866,pituitary,False,False,pituitary,True
archive_v2/Testing\pituitary\pituitary_TT_2767.jpg,pituitary,pituitary,0.8722,meningioma,False,False,pituitary,True
archive_v2/Testing\pituitary\Te-pi_115.jpg,pituitary,pituitary,0.9997,pituitary,False,False,pituitary,True
archive_v2/Testing\pituitary\pituitary_TT_1979.jpg,pituitary,meningioma,0.5952,pituitary,True,True,glioma,False
archive_v2/Testing\pituitary\Te-pi_226.jpg,pituitary,pituitary,0.9933,pituitary,False,False,pituitary,True
archive_v2/Testing\meningioma\Te-aug-me_48.jpg,meningioma,meningioma,0.6228,meningioma,False,False,meningioma,True
archive_v2/Testing\pituitary\Te-pi_176.jpg,pituitary,pituitary,0.9727,pituitary,False,False,pituitary,True
archive_v2/Testing\glioma\glioma_TT_0166.jpg,glioma,glioma,0.9009,glioma,False,False,glioma,True
archive_v2/Testing\notumor\Te-no_101.jpg,notumor,notumor,0.994,notumor,False,False,notumor,True
archive_v2/Testing\glioma\glioma_TT_1710.jpg,glioma,glioma,0.6437,glioma,False,False,glioma,True
archive_v2/Testing\pituitary\pituitary_TT_1198.jpg,pituitary,pituitary,0.8694,pituitary,False,False,pituitary,True
archive_v2/Testing\meningioma\meningioma_TT_2365.jpg,meningioma,pituitary,0.5593,meningioma,True,True,meningioma,True
archive_v2/Testing\glioma\glioma_TT_3452.jpg,glioma,glioma,0.9197,glioma,False,False,glioma,True
archive_v2/Testing\pituitary\pituitary_TT_0362.jpg,pituitary,pituitary,0.5579,pituitary,False,False,pituitary,True
archive_v2/Testing\pituitary\pituitary_TT_0423.jpg,pituitary,pituitary,0.7754,pituitary,False,False,pituitary,True
archive_v2/Testing\glioma\Te-gl_110.jpg,glioma,glioma,0.7197,glioma,False,False,glioma,True
archive_v2/Testing\meningioma\meningioma_TT_1427.jpg,meningioma,meningioma,0.9057,meningioma,False,False,meningioma,True
archive_v2/Testing\glioma\glioma_TT_1282.jpg,glioma,glioma,0.8938,glioma,False,False,glioma,True
archive_v2/Testing\meningioma\meningioma_TT_0981.jpg,meningioma,meningioma,0.8768,meningioma,False,False,meningioma,True
archive_v2/Testing\meningioma\Te-aug-me_3.jpg,meningioma,meningioma,0.9023,meningioma,False,False,meningioma,True
archive_v2/Testing\pituitary\pituitary_TT_2916.jpg,pituitary,pituitary,0.5208,pituitary,False,False,pituitary,True
archive_v2/Testing\pituitary\pituitary_TT_2684.jpg,pituitary,meningioma,0.508,pituitary,True,True,meningioma,False
archive_v2/Testing\pituitary\Te-pi_233.jpg,pituitary,pituitary,0.999,pituitary,False,False,pituitary,True
archive_v2/Testing\pituitary\pituitary_TT_1332.jpg,pituitary,pituitary,0.9361,notumor,False,False,pituitary,True
archive_v2/Testing\glioma\glioma_TT_3531.jpg,glioma,meningioma,0.6782,pituitary,True,True,meningioma,False
archive_v2/Testing\pituitary\pituitary_TT_0961.jpg,pituitary,pituitary,0.7218,pituitary,False,False,pituitary,True
archive_v2/Testing\notumor\Te-no_21.jpg,notumor,notumor,0.9933,notumor,False,False,notumor,True
archive_v2/Testing\pituitary\Te-pi_384.jpg,pituitary,pituitary,0.9996,pituitary,False,False,pituitary,True
archive_v2/Testing\glioma\glioma_TT_0358.jpg,glioma,glioma,0.9951,glioma,False,False,glioma,True
archive_v2/Testing\pituitary\pituitary_TT_0385.jpg,pituitary,glioma,0.469,meningioma,True,True,glioma,False
archive_v2/Testing\pituitary\Te-pi_379.jpg,pituitary,pituitary,0.9999,pituitary,False,False,pituitary,True
archive_v2/Testing\glioma\Te-gl_141.jpg,glioma,glioma,0.9998,glioma,False,False,glioma,True
archive_v2/Testing\notumor\Te-no_270.jpg,notumor,notumor,0.9996,notumor,False,False,notumor,True
archive_v2/Testing\glioma\glioma_TT_3217.jpg,glioma,glioma,0.8745,notumor,False,False,glioma,True
archive_v2/Testing\notumor\Te-no_181.jpg,notumor,notumor,0.9999,notumor,False,False,notumor,True
archive_v2/Testing\meningioma\meningioma_TT_1724.jpg,meningioma,meningioma,0.5075,meningioma,False,False,meningioma,True
archive_v2/Testing\notumor\Te-no_67.jpg,notumor,notumor,0.9998,notumor,False,False,notumor,True
archive_v2/Testing\meningioma\Te-me_88.jpg,meningioma,meningioma,0.7871,meningioma,False,False,meningioma,True
archive_v2/Testing\meningioma\meningioma_TT_0004.jpg,meningioma,meningioma,0.9212,meningioma,False,False,meningioma,True
archive_v2/Testing\glioma\Te-gl_333.jpg,glioma,glioma,0.9996,glioma,False,False,glioma,True
archive_v2/Testing\notumor\Te-no_69.jpg,notumor,notumor,0.9998,notumor,False,False,notumor,True
archive_v2/Testing\meningioma\meningioma_TT_0753.jpg,meningioma,glioma,0.8511,notumor,False,False,glioma,False
archive_v2/Testing\pituitary\Te-pi_38.jpg,pituitary,pituitary,0.9993,pituitary,False,False,pituitary,True
archive_v2/Testing\pituitary\pituitary_TT_1851.jpg,pituitary,meningioma,0.5761,meningioma,False,False,meningioma,False
archive_v2/Testing\glioma\glioma_TT_1338.jpg,glioma,glioma,0.8152,glioma,False,False,glioma,True
archive_v2/Testing\pituitary\Te-pi_184.jpg,pituitary,pituitary,0.9935,pituitary,False,False,pituitary,True
archive_v2/Testing\glioma\glioma_TT_1188.jpg,glioma,meningioma,0.7918,glioma,True,True,glioma,True
archive_v2/Testing\glioma\glioma_TT_0258.jpg,glioma,glioma,0.9683,glioma,False,False,glioma,True
archive_v2/Testing\glioma\Te-gl_272.jpg,glioma,glioma,0.7409,glioma,False,False,glioma,True
archive_v2/Testing\pituitary\pituitary_TT_1076.jpg,pituitary,pituitary,0.9981,pituitary,False,False,pituitary,True
archive_v2/Testing\glioma\Te-gl_74.jpg,glioma,notumor,0.9518,meningioma,True,True,glioma,True
archive_v2/Testing\meningioma\meningioma_TT_2243.jpg,meningioma,meningioma,0.8285,meningioma,False,False,meningioma,True
archive_v2/Testing\notumor\Te-no_109.jpg,notumor,notumor,0.9957,notumor,False,False,notumor,True
archive_v2/Testing\glioma\glioma_TT_0829.jpg,glioma,glioma,0.9991,glioma,False,False,glioma,True
archive_v2/Testing\glioma\glioma_TT_2532.jpg,glioma,glioma,0.9521,glioma,False,False,glioma,True
archive_v2/Testing\meningioma\Te-me_282.jpg,meningioma,meningioma,0.9828,meningioma,False,False,meningioma,True
archive_v2/Testing\meningioma\meningioma_TT_0299.jpg,meningioma,meningioma,0.4731,notumor,True,True,meningioma,True
archive_v2/Testing\notumor\Te-no_382.jpg,notumor,notumor,0.9995,notumor,False,False,notumor,True
archive_v2/Testing\meningioma\meningioma_TT_0874.jpg,meningioma,pituitary,0.8257,meningioma,False,False,pituitary,False
archive_v2/Testing\notumor\Te-no_386.jpg,notumor,notumor,0.9355,notumor,False,False,notumor,True
archive_v2/Testing\pituitary\pituitary_TT_0892.jpg,pituitary,pituitary,0.6707,pituitary,False,False,pituitary,True
archive_v2/Testing\glioma\glioma_TT_3439.jpg,glioma,glioma,0.9281,glioma,False,False,glioma,True
archive_v2/Testing\notumor\Te-no_217.jpg,notumor,notumor,0.949,notumor,False,False,notumor,True
archive_v2/Testing\notumor\Te-no_30.jpg,notumor,notumor,0.902,notumor,False,False,notumor,True
archive_v2/Testing\pituitary\pituitary_TT_0867.jpg,pituitary,pituitary,0.8755,pituitary,False,False,pituitary,True
archive_v2/Testing\glioma\glioma_TT_3133.jpg,glioma,meningioma,0.7202,notumor,True,True,meningioma,False
archive_v2/Testing\pituitary\pituitary_TT_2888.jpg,pituitary,meningioma,0.4896,meningioma,False,False,meningioma,False
archive_v2/Testing\glioma\glioma_TT_3483.jpg,glioma,glioma,0.6285,meningioma,True,True,meningioma,False
archive_v2/Testing\glioma\glioma_TT_0930.jpg,glioma,glioma,0.9083,glioma,False,False,glioma,True
archive_v2/Testing\meningioma\meningioma_TT_1507.jpg,meningioma,meningioma,0.9087,meningioma,False,False,meningioma,True
archive_v2/Testing\pituitary\Te-pi_240.jpg,pituitary,pituitary,0.9969,pituitary,False,False,pituitary,True
archive_v2/Testing\meningioma\meningioma_TT_0203.jpg,meningioma,meningioma,0.7692,meningioma,False,False,meningioma,True
archive_v2/Testing\meningioma\meningioma_TT_2337.jpg,meningioma,pituitary,0.8083,meningioma,False,False,pituitary,False
archive_v2/Testing\pituitary\Te-pi_287.jpg,pituitary,pituitary,0.9999,pituitary,False,False,pituitary,True
archive_v2/Testing\glioma\glioma_TT_2348.jpg,glioma,glioma,0.9984,glioma,False,False,glioma,True
archive_v2/Testing\meningioma\Te-me_107.jpg,meningioma,meningioma,0.9862,meningioma,False,False,meningioma,True
archive_v2/Testing\pituitary\pituitary_TT_0323.jpg,pituitary,pituitary,0.5346,pituitary,False,False,pituitary,True
archive_v2/Testing\notumor\Te-no_321.jpg,notumor,notumor,1.0,notumor,False,False,notumor,True
archive_v2/Testing\glioma\glioma_TT_2333.jpg,glioma,glioma,0.9961,glioma,False,False,glioma,True
archive_v2/Testing\glioma\Te-gl_343.jpg,glioma,glioma,0.9818,glioma,False,False,glioma,True
archive_v2/Testing\glioma\glioma_TT_3543.jpg,glioma,glioma,0.8865,glioma,False,False,glioma,True
archive_v2/Testing\meningioma\meningioma_TT_0320.jpg,meningioma,meningioma,0.5487,meningioma,False,False,meningioma,True
archive_v2/Testing\meningioma\Te-me_110.jpg,meningioma,meningioma,0.9719,meningioma,False,False,meningioma,True
archive_v2/Testing\pituitary\pituitary_TT_2124.jpg,pituitary,pituitary,0.937,pituitary,False,False,pituitary,True
archive_v2/Testing\glioma\Te-gl_217.jpg,glioma,glioma,0.9972,glioma,False,False,glioma,True
archive_v2/Testing\glioma\glioma_TT_2753.jpg,glioma,glioma,0.9907,glioma,False,False,glioma,True
archive_v2/Testing\glioma\Te-gl_305.jpg,glioma,glioma,0.81,glioma,False,False,glioma,True
archive_v2/Testing\pituitary\pituitary_TT_1466.jpg,pituitary,pituitary,0.6651,meningioma,True,True,pituitary,True
archive_v2/Testing\pituitary\pituitary_TT_1320.jpg,pituitary,pituitary,0.6734,pituitary,False,False,pituitary,True
archive_v2/Testing\meningioma\Te-me_143.jpg,meningioma,meningioma,0.8707,meningioma,False,False,meningioma,True
archive_v2/Testing\pituitary\Te-pi_395.jpg,pituitary,pituitary,0.9855,pituitary,False,False,pituitary,True
archive_v2/Testing\glioma\glioma_TT_2533.jpg,glioma,glioma,0.9327,glioma,False,False,glioma,True
archive_v2/Testing\notumor\Te-no_284.jpg,notumor,notumor,0.991,notumor,False,False,notumor,True
archive_v2/Testing\pituitary\Te-pi_47.jpg,pituitary,pituitary,0.9993,pituitary,False,False,pituitary,True
archive_v2/Testing\pituitary\Te-pi_23.jpg,pituitary,pituitary,1.0,pituitary,False,False,pituitary,True
archive_v2/Testing\glioma\glioma_TT_3572.jpg,glioma,glioma,0.802,glioma,False,False,glioma,True
archive_v2/Testing\meningioma\Te-me_8.jpg,meningioma,meningioma,0.9515,meningioma,False,False,meningioma,True
archive_v2/Testing\meningioma\meningioma_TT_1570.jpg,meningioma,meningioma,0.8467,meningioma,False,False,meningioma,True
archive_v2/Testing\glioma\glioma_TT_1437.jpg,glioma,glioma,0.8161,notumor,False,False,glioma,True
archive_v2/Testing\glioma\glioma_TT_3090.jpg,glioma,glioma,0.7155,glioma,False,False,glioma,True
archive_v2/Testing\pituitary\pituitary_TT_0574.jpg,pituitary,pituitary,0.8662,pituitary,False,False,pituitary,True
archive_v2/Testing\notumor\Te-no_2.jpg,notumor,notumor,0.9993,notumor,False,False,notumor,True
archive_v2/Testing\glioma\glioma_TT_1586.jpg,glioma,glioma,0.9705,glioma,False,False,glioma,True
archive_v2/Testing\pituitary\Te-pi_210.jpg,pituitary,pituitary,0.9995,pituitary,False,False,pituitary,True
archive_v2/Testing\pituitary\Te-pi_116.jpg,pituitary,pituitary,0.9841,pituitary,False,False,pituitary,True
archive_v2/Testing\glioma\Te-gl_362.jpg,glioma,glioma,0.9982,glioma,False,False,glioma,True
archive_v2/Testing\pituitary\Te-pi_26.jpg,pituitary,pituitary,0.89,pituitary,False,False,pituitary,True
archive_v2/Testing\pituitary\Te-pi_390.jpg,pituitary,pituitary,0.9845,pituitary,False,False,pituitary,True
archive_v2/Testing\pituitary\Te-pi_98.jpg,pituitary,pituitary,0.9998,pituitary,False,False,pituitary,True
archive_v2/Testing\glioma\glioma_TT_3534.jpg,glioma,pituitary,0.6013,glioma,True,True,glioma,True
archive_v2/Testing\pituitary\Te-pi_341.jpg,pituitary,pituitary,0.982,pituitary,False,False,pituitary,True
archive_v2/Testing\glioma\glioma_TT_2320.jpg,glioma,glioma,0.9902,glioma,False,False,glioma,True
archive_v2/Testing\meningioma\Te-me_258.jpg,meningioma,meningioma,0.9867,meningioma,False,False,meningioma,True
archive_v2/Testing\meningioma\Te-me_45.jpg,meningioma,meningioma,0.5727,meningioma,False,False,meningioma,True
archive_v2/Testing\glioma\glioma_TT_1421.jpg,glioma,glioma,0.8276,notumor,False,False,glioma,True
archive_v2/Testing\meningioma\Te-me_293.jpg,meningioma,meningioma,0.907,meningioma,False,False,meningioma,True
archive_v2/Testing\pituitary\Te-pi_213.jpg,pituitary,pituitary,0.9988,pituitary,False,False,pituitary,True
archive_v2/Testing\meningioma\meningioma_TT_1422.jpg,meningioma,meningioma,0.8334,meningioma,False,False,meningioma,True
archive_v2/Testing\pituitary\pituitary_TT_2675.jpg,pituitary,meningioma,0.7916,pituitary,True,True,meningioma,False
archive_v2/Testing\pituitary\pituitary_TT_2647.jpg,pituitary,pituitary,0.9749,pituitary,False,False,pituitary,True
archive_v2/Testing\glioma\glioma_TT_0056.jpg,glioma,meningioma,0.526,glioma,True,True,meningioma,False
archive_v2/Testing\glioma\glioma_TT_2839.jpg,glioma,glioma,0.975,glioma,False,False,glioma,True
archive_v2/Testing\glioma\Te-gl_393.jpg,glioma,glioma,0.9998,glioma,False,False,glioma,True
archive_v2/Testing\meningioma\Te-aug-me_14.jpg,meningioma,pituitary,0.8541,meningioma,False,False,pituitary,False
archive_v2/Testing\pituitary\pituitary_TT_1410.jpg,pituitary,pituitary,0.6937,notumor,True,True,pituitary,True
archive_v2/Testing\glioma\glioma_TT_2690.jpg,glioma,glioma,0.9814,glioma,False,False,glioma,True
archive_v2/Testing\pituitary\Te-pi_308.jpg,pituitary,pituitary,0.9994,pituitary,False,False,pituitary,True
archive_v2/Testing\glioma\Te-gl_268.jpg,glioma,glioma,0.9993,glioma,False,False,glioma,True
archive_v2/Testing\glioma\Te-gl_355.jpg,glioma,glioma,0.9652,glioma,False,False,glioma,True
archive_v2/Testing\pituitary\pituitary_TT_0034.jpg,pituitary,pituitary,0.9402,pituitary,False,False,pituitary,True
archive_v2/Testing\glioma\glioma_TT_1982.jpg,glioma,glioma,0.9697,glioma,False,False,glioma,True
archive_v2/Testing\notumor\Te-no_359.jpg,notumor,notumor,1.0,notumor,False,False,notumor,True
archive_v2/Testing\meningioma\Te-me_281.jpg,meningioma,meningioma,0.964,meningioma,False,False,meningioma,True
archive_v2/Testing\pituitary\Te-pi_150.jpg,pituitary,pituitary,0.9946,pituitary,False,False,pituitary,True
archive_v2/Testing\pituitary\Te-pi_188.jpg,pituitary,pituitary,0.9992,pituitary,False,False,pituitary,True
archive_v2/Testing\meningioma\Te-aug-me_28.jpg,meningioma,meningioma,0.9753,meningioma,False,False,meningioma,True
archive_v2/Testing\notumor\Te-no_266.jpg,notumor,notumor,1.0,notumor,False,False,notumor,True
archive_v2/Testing\glioma\Te-gl_39.jpg,glioma,glioma,0.5875,notumor,True,True,glioma,True
archive_v2/Testing\meningioma\Te-me_76.jpg,meningioma,meningioma,0.8469,meningioma,False,False,meningioma,True
archive_v2/Testing\glioma\glioma_TT_0558.jpg,glioma,glioma,0.9973,glioma,False,False,glioma,True
archive_v2/Testing\notumor\Te-no_207.jpg,notumor,notumor,0.9998,notumor,False,False,notumor,True
archive_v2/Testing\meningioma\meningioma_TT_1517.jpg,meningioma,meningioma,0.8863,meningioma,False,False,meningioma,True
archive_v2/Testing\pituitary\pituitary_TT_0580.jpg,pituitary,pituitary,0.8826,pituitary,False,False,pituitary,True
archive_v2/Testing\glioma\Te-gl_259.jpg,glioma,notumor,0.9164,meningioma,True,True,glioma,True
archive_v2/Testing\pituitary\pituitary_TT_2165.jpg,pituitary,pituitary,0.8403,pituitary,False,False,pituitary,True
archive_v2/Testing\glioma\glioma_TT_3479.jpg,glioma,pituitary,0.5882,glioma,True,True,pituitary,False
archive_v2/Testing\notumor\Te-no_96.jpg,notumor,notumor,0.994,notumor,False,False,notumor,True
archive_v2/Testing\meningioma\Te-me_215.jpg,meningioma,meningioma,0.9624,meningioma,False,False,meningioma,True
archive_v2/Testing\meningioma\Te-me_271.jpg,meningioma,meningioma,0.9831,meningioma,False,False,meningioma,True
archive_v2/Testing\glioma\Te-gl_96.jpg,glioma,glioma,0.9734,glioma,False,False,glioma,True
archive_v2/Testing\meningioma\Te-me_81.jpg,meningioma,glioma,0.7605,meningioma,True,True,glioma,False
archive_v2/Testing\glioma\Te-gl_80.jpg,glioma,glioma,0.9997,glioma,False,False,glioma,True
archive_v2/Testing\glioma\glioma_TT_0078.jpg,glioma,glioma,0.993,glioma,False,False,glioma,True
archive_v2/Testing\meningioma\Te-me_189.jpg,meningioma,meningioma,0.9944,meningioma,False,False,meningioma,True
archive_v2/Testing\pituitary\pituitary_TT_1224.jpg,pituitary,pituitary,0.9784,pituitary,False,False,pituitary,True
archive_v2/Testing\glioma\glioma_TT_2409.jpg,glioma,glioma,0.9978,glioma,False,False,glioma,True
archive_v2/Testing\glioma\glioma_TT_1222.jpg,glioma,glioma,0.4743,glioma,False,False,glioma,True
archive_v2/Testing\glioma\glioma_TT_3722.jpg,glioma,glioma,0.8279,glioma,False,False,glioma,True
archive_v2/Testing\meningioma\Te-me_201.jpg,meningioma,pituitary,0.596,meningioma,True,True,pituitary,False
archive_v2/Testing\meningioma\meningioma_TT_0757.jpg,meningioma,meningioma,0.7356,meningioma,False,False,meningioma,True
archive_v2/Testing\pituitary\Te-pi_84.jpg,pituitary,pituitary,0.9967,pituitary,False,False,pituitary,True
archive_v2/Testing\glioma\glioma_TT_1326.jpg,glioma,glioma,0.8102,glioma,False,False,glioma,True
archive_v2/Testing\pituitary\pituitary_TT_2132.jpg,pituitary,pituitary,0.9719,pituitary,False,False,pituitary,True
archive_v2/Testing\pituitary\pituitary_TT_1130.jpg,pituitary,meningioma,0.5724,pituitary,True,True,meningioma,False
archive_v2/Testing\glioma\Te-gl_122.jpg,glioma,glioma,0.9472,glioma,False,False,glioma,True
archive_v2/Testing\pituitary\pituitary_TT_2216.jpg,pituitary,pituitary,0.5634,pituitary,False,False,pituitary,True
archive_v2/Testing\glioma\glioma_TT_3731.jpg,glioma,glioma,0.8157,glioma,False,False,glioma,True
archive_v2/Testing\notumor\Te-no_42.jpg,notumor,notumor,0.9998,notumor,False,False,notumor,True
archive_v2/Testing\meningioma\meningioma_TT_1321.jpg,meningioma,meningioma,0.9992,meningioma,False,False,meningioma,True
archive_v2/Testing\glioma\glioma_TT_2550.jpg,glioma,glioma,0.999,glioma,False,False,glioma,True
archive_v2/Testing\meningioma\meningioma_TT_0696.jpg,meningioma,pituitary,0.5025,meningioma,True,True,pituitary,False
archive_v2/Testing\notumor\Te-no_24.jpg,notumor,notumor,0.9886,notumor,False,False,notumor,True
archive_v2/Testing\pituitary\Te-pi_96.jpg,pituitary,pituitary,0.9958,pituitary,False,False,pituitary,True
archive_v2/Testing\pituitary\Te-pi_266.jpg,pituitary,pituitary,0.9982,pituitary,False,False,pituitary,True
archive_v2/Testing\pituitary\pituitary_TT_0278.jpg,pituitary,meningioma,0.7323,notumor,True,True,meningioma,False
archive_v2/Testing\glioma\glioma_TT_2129.jpg,glioma,glioma,0.9976,glioma,False,False,glioma,True
archive_v2/Testing\notumor\Te-no_3.jpg,notumor,notumor,1.0,notumor,False,False,notumor,True
archive_v2/Testing\glioma\Te-gl_197.jpg,glioma,glioma,0.8472,glioma,False,False,glioma,True
archive_v2/Testing\notumor\Te-no_9.jpg,notumor,glioma,0.6493,notumor,True,True,glioma,False
archive_v2/Testing\meningioma\meningioma_TT_2457.jpg,meningioma,meningioma,0.7811,notumor,True,True,meningioma,True
archive_v2/Testing\glioma\glioma_TT_2837.jpg,glioma,glioma,0.9792,glioma,False,False,glioma,True
archive_v2/Testing\glioma\glioma_TT_2514.jpg,glioma,glioma,0.9892,glioma,False,False,glioma,True
archive_v2/Testing\glioma\Te-gl_84.jpg,glioma,glioma,0.8749,glioma,False,False,glioma,True
archive_v2/Testing\glioma\Te-gl_209.jpg,glioma,glioma,0.9638,glioma,False,False,glioma,True
archive_v2/Testing\glioma\Te-gl_216.jpg,glioma,glioma,0.9998,glioma,False,False,glioma,True
archive_v2/Testing\meningioma\meningioma_TT_0749.jpg,meningioma,meningioma,0.8972,meningioma,False,False,meningioma,True
archive_v2/Testing\notumor\Te-no_47.jpg,notumor,notumor,0.9994,notumor,False,False,notumor,True
archive_v2/Testing\glioma\Te-gl_6.jpg,glioma,glioma,0.9787,glioma,False,False,glioma,True
archive_v2/Testing\notumor\Te-no_240.jpg,notumor,notumor,0.9975,notumor,False,False,notumor,True
archive_v2/Testing\pituitary\pituitary_TT_0797.jpg,pituitary,pituitary,0.9696,pituitary,False,False,pituitary,True
archive_v2/Testing\pituitary\Te-pi_365.jpg,pituitary,pituitary,0.9985,pituitary,False,False,pituitary,True
archive_v2/Testing\glioma\glioma_TT_0082.jpg,glioma,glioma,0.9973,glioma,False,False,glioma,True
archive_v2/Testing\pituitary\pituitary_TT_0750.jpg,pituitary,pituitary,0.9726,pituitary,False,False,pituitary,True
archive_v2/Testing\glioma\glioma_TT_0844.jpg,glioma,glioma,0.9943,glioma,False,False,glioma,True
archive_v2/Testing\glioma\glioma_TT_2616.jpg,glioma,glioma,0.9966,glioma,False,False,glioma,True
archive_v2/Testing\glioma\glioma_TT_3095.jpg,glioma,glioma,0.8395,glioma,False,False,glioma,True
archive_v2/Testing\glioma\glioma_TT_3674.jpg,glioma,glioma,0.5716,glioma,False,False,glioma,True
archive_v2/Testing\pituitary\pituitary_TT_0808.jpg,pituitary,pituitary,0.9743,pituitary,False,False,pituitary,True
archive_v2/Testing\glioma\Te-gl_191.jpg,glioma,glioma,0.9933,glioma,False,False,glioma,True
archive_v2/Testing\glioma\glioma_TT_0305.jpg,glioma,glioma,0.9975,glioma,False,False,glioma,True
archive_v2/Testing\pituitary\Te-pi_228.jpg,pituitary,pituitary,0.9994,pituitary,False,False,pituitary,True
