filepath,inferred_plane,gemini_blocked
archive_v2/Testing\glioma\glioma_TT_0001.jpg,unknown,True
archive_v2/Testing\glioma\glioma_TT_0006.jpg,unknown,True
archive_v2/Testing\glioma\glioma_TT_0020.jpg,unknown,True
archive_v2/Testing\glioma\glioma_TT_0021.jpg,unknown,True
archive_v2/Testing\glioma\glioma_TT_0022.jpg,unknown,True
archive_v2/Testing\glioma\glioma_TT_0028.jpg,unknown,True
archive_v2/Testing\glioma\glioma_TT_0031.jpg,unknown,True
archive_v2/Testing\glioma\glioma_TT_0036.jpg,unknown,True
archive_v2/Testing\glioma\glioma_TT_0037.jpg,unknown,True
archive_v2/Testing\glioma\glioma_TT_0038.jpg,unknown,True
archive_v2/Testing\glioma\glioma_TT_0043.jpg,unknown,True
archive_v2/Testing\glioma\glioma_TT_0046.jpg,unknown,True
archive_v2/Testing\glioma\glioma_TT_0049.jpg,unknown,True
archive_v2/Testing\glioma\glioma_TT_0056.jpg,unknown,True
archive_v2/Testing\glioma\glioma_TT_0060.jpg,unknown,True
archive_v2/Testing\glioma\glioma_TT_0068.jpg,unknown,True
archive_v2/Testing\glioma\glioma_TT_0073.jpg,unknown,True
archive_v2/Testing\glioma\glioma_TT_0074.jpg,unknown,True
archive_v2/Testing\glioma\glioma_TT_0078.jpg,unknown,True
archive_v2/Testing\glioma\glioma_TT_0082.jpg,unknown,True
archive_v2/Testing\glioma\glioma_TT_0089.jpg,unknown,True
archive_v2/Testing\glioma\glioma_TT_0092.jpg,unknown,True
archive_v2/Testing\glioma\glioma_TT_0095.jpg,unknown,True
archive_v2/Testing\glioma\glioma_TT_0113.jpg,unknown,True
archive_v2/Testing\glioma\glioma_TT_0115.jpg,unknown,True
archive_v2/Testing\glioma\glioma_TT_0117.jpg,unknown,True
archive_v2/Testing\glioma\glioma_TT_0120.jpg,unknown,True
archive_v2/Testing\glioma\glioma_TT_0136.jpg,unknown,True
archive_v2/Testing\glioma\glioma_TT_0140.jpg,unknown,True
archive_v2/Testing\glioma\glioma_TT_0143.jpg,unknown,True
archive_v2/Testing\glioma\glioma_TT_0145.jpg,unknown,True
archive_v2/Testing\glioma\glioma_TT_0146.jpg,unknown,True
archive_v2/Testing\glioma\glioma_TT_0147.jpg,unknown,True
archive_v2/Testing\glioma\glioma_TT_0149.jpg,unknown,True
archive_v2/Testing\glioma\glioma_TT_0156.jpg,unknown,True
archive_v2/Testing\glioma\glioma_TT_0166.jpg,unknown,True
archive_v2/Testing\glioma\glioma_TT_0171.jpg,unknown,True
archive_v2/Testing\glioma\glioma_TT_0175.jpg,unknown,True
archive_v2/Testing\glioma\glioma_TT_0183.jpg,unknown,True
archive_v2/Testing\glioma\glioma_TT_0191.jpg,unknown,True
archive_v2/Testing\glioma\glioma_TT_0194.jpg,unknown,True
archive_v2/Testing\glioma\glioma_TT_0198.jpg,unknown,True
archive_v2/Testing\glioma\glioma_TT_0200.jpg,unknown,True
archive_v2/Testing\glioma\glioma_TT_0202.jpg,unknown,True
archive_v2/Testing\glioma\glioma_TT_0205.jpg,unknown,True
archive_v2/Testing\glioma\glioma_TT_0219.jpg,unknown,True
archive_v2/Testing\glioma\glioma_TT_0229.jpg,unknown,True
archive_v2/Testing\glioma\glioma_TT_0248.jpg,unknown,True
archive_v2/Testing\glioma\glioma_TT_0253.jpg,unknown,True
archive_v2/Testing\glioma\glioma_TT_0258.jpg,unknown,True
archive_v2/Testing\glioma\glioma_TT_0260.jpg,unknown,True
archive_v2/Testing\glioma\glioma_TT_0262.jpg,unknown,True
archive_v2/Testing\glioma\glioma_TT_0267.jpg,unknown,True
archive_v2/Testing\glioma\glioma_TT_0269.jpg,unknown,True
archive_v2/Testing\glioma\glioma_TT_0276.jpg,unknown,True
archive_v2/Testing\glioma\glioma_TT_0297.jpg,unknown,True
archive_v2/Testing\glioma\glioma_TT_0305.jpg,unknown,True
archive_v2/Testing\glioma\glioma_TT_0310.jpg,unknown,True
archive_v2/Testing\glioma\glioma_TT_0320.jpg,unknown,True
archive_v2/Testing\glioma\glioma_TT_0322.jpg,unknown,True
archive_v2/Testing\glioma\glioma_TT_0325.jpg,unknown,True
archive_v2/Testing\glioma\glioma_TT_0326.jpg,unknown,True
archive_v2/Testing\glioma\glioma_TT_0339.jpg,unknown,True
archive_v2/Testing\glioma\glioma_TT_0343.jpg,unknown,True
archive_v2/Testing\glioma\glioma_TT_0345.jpg,unknown,True
archive_v2/Testing\glioma\glioma_TT_0347.jpg,unknown,True
archive_v2/Testing\glioma\glioma_TT_0352.jpg,unknown,True
archive_v2/Testing\glioma\glioma_TT_0353.jpg,unknown,True
archive_v2/Testing\glioma\glioma_TT_0356.jpg,unknown,True
archive_v2/Testing\glioma\glioma_TT_0358.jpg,unknown,True
archive_v2/Testing\glioma\glioma_TT_0362.jpg,unknown,True
archive_v2/Testing\glioma\glioma_TT_0364.jpg,unknown,True
archive_v2/Testing\glioma\glioma_TT_0365.jpg,unknown,True
archive_v2/Testing\glioma\glioma_TT_0367.jpg,unknown,True
archive_v2/Testing\glioma\glioma_TT_0372.jpg,unknown,True
archive_v2/Testing\glioma\glioma_TT_0378.jpg,unknown,True
archive_v2/Testing\glioma\glioma_TT_0381.jpg,unknown,True
archive_v2/Testing\glioma\glioma_TT_0385.jpg,unknown,True
archive_v2/Testing\glioma\glioma_TT_0386.jpg,unknown,True
archive_v2/Testing\glioma\glioma_TT_0393.jpg,unknown,True
archive_v2/Testing\glioma\glioma_TT_0400.jpg,unknown,True
archive_v2/Testing\glioma\glioma_TT_0401.jpg,unknown,True
archive_v2/Testing\glioma\glioma_TT_0405.jpg,unknown,True
archive_v2/Testing\glioma\glioma_TT_0411.jpg,unknown,True
archive_v2/Testing\glioma\glioma_TT_0426.jpg,unknown,True
archive_v2/Testing\glioma\glioma_TT_0427.jpg,unknown,True
archive_v2/Testing\glioma\glioma_TT_0430.jpg,unknown,True
archive_v2/Testing\glioma\glioma_TT_0431.jpg,unknown,True
archive_v2/Testing\glioma\glioma_TT_0435.jpg,unknown,True
archive_v2/Testing\glioma\glioma_TT_0438.jpg,unknown,True
archive_v2/Testing\glioma\glioma_TT_0446.jpg,unknown,True
archive_v2/Testing\glioma\glioma_TT_0452.jpg,unknown,True
archive_v2/Testing\glioma\glioma_TT_0454.jpg,unknown,True
archive_v2/Testing\glioma\glioma_TT_0456.jpg,unknown,True
archive_v2/Testing\glioma\glioma_TT_0458.jpg,unknown,True
archive_v2/Testing\glioma\glioma_TT_0464.jpg,unknown,True
archive_v2/Testing\glioma\glioma_TT_0479.jpg,unknown,True
archive_v2/Testing\glioma\glioma_TT_0499.jpg,unknown,True
archive_v2/Testing\glioma\glioma_TT_0504.jpg,unknown,True
archive_v2/Testing\glioma\glioma_TT_0506.jpg,unknown,True
archive_v2/Testing\glioma\glioma_TT_0521.jpg,unknown,True
archive_v2/Testing\glioma\glioma_TT_0528.jpg,unknown,True
archive_v2/Testing\glioma\glioma_TT_0531.jpg,unknown,True
archive_v2/Testing\glioma\glioma_TT_0532.jpg,unknown,True
archive_v2/Testing\glioma\glioma_TT_0538.jpg,unknown,True
archive_v2/Testing\glioma\glioma_TT_0546.jpg,unknown,True
archive_v2/Testing\glioma\glioma_TT_0550.jpg,unknown,True
archive_v2/Testing\glioma\glioma_TT_0552.jpg,unknown,True
archive_v2/Testing\glioma\glioma_TT_0553.jpg,unknown,True
archive_v2/Testing\glioma\glioma_TT_0554.jpg,unknown,True
archive_v2/Testing\glioma\glioma_TT_0555.jpg,unknown,True
archive_v2/Testing\glioma\glioma_TT_0558.jpg,unknown,True
archive_v2/Testing\glioma\glioma_TT_0562.jpg,unknown,True
archive_v2/Testing\glioma\glioma_TT_0568.jpg,unknown,True
archive_v2/Testing\glioma\glioma_TT_0569.jpg,unknown,True
archive_v2/Testing\glioma\glioma_TT_0570.jpg,unknown,True
archive_v2/Testing\glioma\glioma_TT_0574.jpg,unknown,True
archive_v2/Testing\glioma\glioma_TT_0576.jpg,unknown,True
archive_v2/Testing\glioma\glioma_TT_0596.jpg,unknown,True
archive_v2/Testing\glioma\glioma_TT_0598.jpg,unknown,True
archive_v2/Testing\glioma\glioma_TT_0603.jpg,unknown,True
archive_v2/Testing\glioma\glioma_TT_0630.jpg,unknown,True
archive_v2/Testing\glioma\glioma_TT_0639.jpg,unknown,True
archive_v2/Testing\glioma\glioma_TT_0640.jpg,unknown,True
archive_v2/Testing\glioma\glioma_TT_0660.jpg,unknown,True
archive_v2/Testing\glioma\glioma_TT_0664.jpg,unknown,True
archive_v2/Testing\glioma\glioma_TT_0668.jpg,unknown,True
archive_v2/Testing\glioma\glioma_TT_0669.jpg,unknown,True
archive_v2/Testing\glioma\glioma_TT_0673.jpg,unknown,True
archive_v2/Testing\glioma\glioma_TT_0684.jpg,unknown,True
archive_v2/Testing\glioma\glioma_TT_0686.jpg,unknown,True
archive_v2/Testing\glioma\glioma_TT_0693.jpg,unknown,True
archive_v2/Testing\glioma\glioma_TT_0698.jpg,unknown,True
archive_v2/Testing\glioma\glioma_TT_0699.jpg,unknown,True
archive_v2/Testing\glioma\glioma_TT_0700.jpg,unknown,True
archive_v2/Testing\glioma\glioma_TT_0703.jpg,unknown,True
archive_v2/Testing\glioma\glioma_TT_0705.jpg,unknown,True
archive_v2/Testing\glioma\glioma_TT_0717.jpg,unknown,True
archive_v2/Testing\glioma\glioma_TT_0719.jpg,unknown,True
archive_v2/Testing\glioma\glioma_TT_0724.jpg,unknown,True
archive_v2/Testing\glioma\glioma_TT_0727.jpg,unknown,True
archive_v2/Testing\glioma\glioma_TT_0728.jpg,unknown,True
archive_v2/Testing\glioma\glioma_TT_0729.jpg,unknown,True
archive_v2/Testing\glioma\glioma_TT_0731.jpg,unknown,True
archive_v2/Testing\glioma\glioma_TT_0733.jpg,unknown,True
archive_v2/Testing\glioma\glioma_TT_0734.jpg,unknown,True
archive_v2/Testing\glioma\glioma_TT_0736.jpg,unknown,True
archive_v2/Testing\glioma\glioma_TT_0746.jpg,unknown,True
archive_v2/Testing\glioma\glioma_TT_0748.jpg,unknown,True
archive_v2/Testing\glioma\glioma_TT_0757.jpg,unknown,True
archive_v2/Testing\glioma\glioma_TT_0763.jpg,unknown,True
archive_v2/Testing\glioma\glioma_TT_0764.jpg,unknown,True
archive_v2/Testing\glioma\glioma_TT_0775.jpg,unknown,True
archive_v2/Testing\glioma\glioma_TT_0776.jpg,unknown,True
archive_v2/Testing\glioma\glioma_TT_0790.jpg,unknown,True
archive_v2/Testing\glioma\glioma_TT_0794.jpg,unknown,True
archive_v2/Testing\glioma\glioma_TT_0798.jpg,unknown,True
archive_v2/Testing\glioma\glioma_TT_0799.jpg,unknown,True
archive_v2/Testing\glioma\glioma_TT_0801.jpg,unknown,True
archive_v2/Testing\glioma\glioma_TT_0802.jpg,unknown,True
archive_v2/Testing\glioma\glioma_TT_0803.jpg,unknown,True
archive_v2/Testing\glioma\glioma_TT_0810.jpg,unknown,True
archive_v2/Testing\glioma\glioma_TT_0819.jpg,unknown,True
archive_v2/Testing\glioma\glioma_TT_0822.jpg,unknown,True
archive_v2/Testing\glioma\glioma_TT_0825.jpg,unknown,True
archive_v2/Testing\glioma\glioma_TT_0827.jpg,unknown,True
archive_v2/Testing\glioma\glioma_TT_0829.jpg,unknown,True
archive_v2/Testing\glioma\glioma_TT_0830.jpg,unknown,True
archive_v2/Testing\glioma\glioma_TT_0836.jpg,unknown,True
archive_v2/Testing\glioma\glioma_TT_0840.jpg,unknown,True
archive_v2/Testing\glioma\glioma_TT_0843.jpg,unknown,True
archive_v2/Testing\glioma\glioma_TT_0844.jpg,unknown,True
archive_v2/Testing\glioma\glioma_TT_0845.jpg,unknown,True
archive_v2/Testing\glioma\glioma_TT_0855.jpg,unknown,True
archive_v2/Testing\glioma\glioma_TT_0862.jpg,unknown,True
archive_v2/Testing\glioma\glioma_TT_0864.jpg,unknown,True
archive_v2/Testing\glioma\glioma_TT_0879.jpg,unknown,True
archive_v2/Testing\glioma\glioma_TT_0886.jpg,unknown,True
archive_v2/Testing\glioma\glioma_TT_0888.jpg,unknown,True
archive_v2/Testing\glioma\glioma_TT_0889.jpg,unknown,True
archive_v2/Testing\glioma\glioma_TT_0894.jpg,unknown,True
archive_v2/Testing\glioma\glioma_TT_0909.jpg,unknown,True
archive_v2/Testing\glioma\glioma_TT_0911.jpg,unknown,True
archive_v2/Testing\glioma\glioma_TT_0917.jpg,unknown,True
archive_v2/Testing\glioma\glioma_TT_0918.jpg,unknown,True
archive_v2/Testing\glioma\glioma_TT_0930.jpg,unknown,True
archive_v2/Testing\glioma\glioma_TT_0935.jpg,unknown,True
archive_v2/Testing\glioma\glioma_TT_0941.jpg,unknown,True
archive_v2/Testing\glioma\glioma_TT_0950.jpg,unknown,True
archive_v2/Testing\glioma\glioma_TT_0951.jpg,unknown,True
archive_v2/Testing\glioma\glioma_TT_0976.jpg,unknown,True
archive_v2/Testing\glioma\glioma_TT_0977.jpg,unknown,True
archive_v2/Testing\glioma\glioma_TT_0991.jpg,unknown,True
archive_v2/Testing\glioma\glioma_TT_0994.jpg,unknown,True
archive_v2/Testing\glioma\glioma_TT_1005.jpg,unknown,True
archive_v2/Testing\glioma\glioma_TT_1007.jpg,unknown,True
archive_v2/Testing\glioma\glioma_TT_1008.jpg,unknown,True
archive_v2/Testing\glioma\glioma_TT_1010.jpg,unknown,True
archive_v2/Testing\glioma\glioma_TT_1018.jpg,unknown,True
archive_v2/Testing\glioma\glioma_TT_1031.jpg,unknown,True
archive_v2/Testing\glioma\glioma_TT_1037.jpg,unknown,True
archive_v2/Testing\glioma\glioma_TT_1038.jpg,unknown,True
archive_v2/Testing\glioma\glioma_TT_1048.jpg,unknown,True
archive_v2/Testing\glioma\glioma_TT_1054.jpg,unknown,True
archive_v2/Testing\glioma\glioma_TT_1065.jpg,unknown,True
archive_v2/Testing\glioma\glioma_TT_1067.jpg,unknown,True
archive_v2/Testing\glioma\glioma_TT_1068.jpg,unknown,True
archive_v2/Testing\glioma\glioma_TT_1071.jpg,unknown,True
archive_v2/Testing\glioma\glioma_TT_1076.jpg,unknown,True
archive_v2/Testing\glioma\glioma_TT_1080.jpg,unknown,True
archive_v2/Testing\glioma\glioma_TT_1102.jpg,unknown,True
archive_v2/Testing\glioma\glioma_TT_1103.jpg,unknown,True
archive_v2/Testing\glioma\glioma_TT_1108.jpg,unknown,True
archive_v2/Testing\glioma\glioma_TT_1112.jpg,unknown,True
archive_v2/Testing\glioma\glioma_TT_1114.jpg,unknown,True
archive_v2/Testing\glioma\glioma_TT_1123.jpg,unknown,True
archive_v2/Testing\glioma\glioma_TT_1137.jpg,unknown,True
archive_v2/Testing\glioma\glioma_TT_1138.jpg,unknown,True
archive_v2/Testing\glioma\glioma_TT_1145.jpg,unknown,True
archive_v2/Testing\glioma\glioma_TT_1147.jpg,unknown,True
archive_v2/Testing\glioma\glioma_TT_1150.jpg,unknown,True
archive_v2/Testing\glioma\glioma_TT_1154.jpg,unknown,True
archive_v2/Testing\glioma\glioma_TT_1157.jpg,unknown,True
archive_v2/Testing\glioma\glioma_TT_1166.jpg,unknown,True
archive_v2/Testing\glioma\glioma_TT_1170.jpg,unknown,True
archive_v2/Testing\glioma\glioma_TT_1187.jpg,unknown,True
archive_v2/Testing\glioma\glioma_TT_1188.jpg,unknown,True
archive_v2/Testing\glioma\glioma_TT_1189.jpg,unknown,True
archive_v2/Testing\glioma\glioma_TT_1198.jpg,unknown,True
archive_v2/Testing\glioma\glioma_TT_1199.jpg,unknown,True
archive_v2/Testing\glioma\glioma_TT_1207.jpg,unknown,True
archive_v2/Testing\glioma\glioma_TT_1211.jpg,unknown,True
archive_v2/Testing\glioma\glioma_TT_1215.jpg,unknown,True
archive_v2/Testing\glioma\glioma_TT_1217.jpg,unknown,True
archive_v2/Testing\glioma\glioma_TT_1219.jpg,unknown,True
archive_v2/Testing\glioma\glioma_TT_1220.jpg,unknown,True
archive_v2/Testing\glioma\glioma_TT_1222.jpg,unknown,True
archive_v2/Testing\glioma\glioma_TT_1228.jpg,unknown,True
archive_v2/Testing\glioma\glioma_TT_1232.jpg,unknown,True
archive_v2/Testing\glioma\glioma_TT_1237.jpg,unknown,True
archive_v2/Testing\glioma\glioma_TT_1244.jpg,unknown,True
archive_v2/Testing\glioma\glioma_TT_1249.jpg,unknown,True
archive_v2/Testing\glioma\glioma_TT_1257.jpg,unknown,True
archive_v2/Testing\glioma\glioma_TT_1262.jpg,unknown,True
archive_v2/Testing\glioma\glioma_TT_1265.jpg,unknown,True
archive_v2/Testing\glioma\glioma_TT_1268.jpg,unknown,True
archive_v2/Testing\glioma\glioma_TT_1274.jpg,unknown,True
archive_v2/Testing\glioma\glioma_TT_1282.jpg,unknown,True
archive_v2/Testing\glioma\glioma_TT_1297.jpg,unknown,True
archive_v2/Testing\glioma\glioma_TT_1303.jpg,unknown,True
archive_v2/Testing\glioma\glioma_TT_1305.jpg,unknown,True
archive_v2/Testing\glioma\glioma_TT_1308.jpg,unknown,True
archive_v2/Testing\glioma\glioma_TT_1323.jpg,unknown,True
archive_v2/Testing\glioma\glioma_TT_1326.jpg,unknown,True
archive_v2/Testing\glioma\glioma_TT_1333.jpg,unknown,True
archive_v2/Testing\glioma\glioma_TT_1338.jpg,unknown,True
archive_v2/Testing\glioma\glioma_TT_1347.jpg,unknown,True
archive_v2/Testing\glioma\glioma_TT_1349.jpg,unknown,True
archive_v2/Testing\glioma\glioma_TT_1352.jpg,unknown,True
archive_v2/Testing\glioma\glioma_TT_1359.jpg,unknown,True
archive_v2/Testing\glioma\glioma_TT_1370.jpg,unknown,True
archive_v2/Testing\glioma\glioma_TT_1372.jpg,unknown,True
archive_v2/Testing\glioma\glioma_TT_1381.jpg,unknown,True
archive_v2/Testing\glioma\glioma_TT_1399.jpg,unknown,True
archive_v2/Testing\glioma\glioma_TT_1412.jpg,unknown,True
archive_v2/Testing\glioma\glioma_TT_1415.jpg,unknown,True
archive_v2/Testing\glioma\glioma_TT_1421.jpg,unknown,True
archive_v2/Testing\glioma\glioma_TT_1427.jpg,unknown,True
archive_v2/Testing\glioma\glioma_TT_1429.jpg,unknown,True
archive_v2/Testing\glioma\glioma_TT_1437.jpg,unknown,True
archive_v2/Testing\glioma\glioma_TT_1440.jpg,unknown,True
archive_v2/Testing\glioma\glioma_TT_1443.jpg,unknown,True
archive_v2/Testing\glioma\glioma_TT_1446.jpg,unknown,True
archive_v2/Testing\glioma\glioma_TT_1447.jpg,unknown,True
archive_v2/Testing\glioma\glioma_TT_1448.jpg,unknown,True
archive_v2/Testing\glioma\glioma_TT_1460.jpg,unknown,True
archive_v2/Testing\glioma\glioma_TT_1462.jpg,unknown,True
archive_v2/Testing\glioma\glioma_TT_1463.jpg,unknown,True
archive_v2/Testing\glioma\glioma_TT_1465.jpg,unknown,True
archive_v2/Testing\glioma\glioma_TT_1475.jpg,unknown,True
archive_v2/Testing\glioma\glioma_TT_1478.jpg,unknown,True
archive_v2/Testing\glioma\glioma_TT_1480.jpg,unknown,True
archive_v2/Testing\glioma\glioma_TT_1481.jpg,unknown,True
archive_v2/Testing\glioma\glioma_TT_1498.jpg,unknown,True
archive_v2/Testing\glioma\glioma_TT_1501.jpg,unknown,True
archive_v2/Testing\glioma\glioma_TT_1503.jpg,unknown,True
archive_v2/Testing\glioma\glioma_TT_1509.jpg,unknown,True
archive_v2/Testing\glioma\glioma_TT_1519.jpg,unknown,True
archive_v2/Testing\glioma\glioma_TT_1521.jpg,unknown,True
archive_v2/Testing\glioma\glioma_TT_1524.jpg,unknown,True
archive_v2/Testing\glioma\glioma_TT_1526.jpg,unknown,True
archive_v2/Testing\glioma\glioma_TT_1539.jpg,unknown,True
archive_v2/Testing\glioma\glioma_TT_1540.jpg,unknown,True
archive_v2/Testing\glioma\glioma_TT_1547.jpg,unknown,True
archive_v2/Testing\glioma\glioma_TT_1552.jpg,unknown,True
archive_v2/Testing\glioma\glioma_TT_1556.jpg,unknown,True
archive_v2/Testing\glioma\glioma_TT_1560.jpg,unknown,True
archive_v2/Testing\glioma\glioma_TT_1568.jpg,unknown,True
archive_v2/Testing\glioma\glioma_TT_1571.jpg,unknown,True
archive_v2/Testing\glioma\glioma_TT_1574.jpg,unknown,True
archive_v2/Testing\glioma\glioma_TT_1586.jpg,unknown,True
archive_v2/Testing\glioma\glioma_TT_1591.jpg,unknown,True
archive_v2/Testing\glioma\glioma_TT_1597.jpg,unknown,True
archive_v2/Testing\glioma\glioma_TT_1599.jpg,unknown,True
archive_v2/Testing\glioma\glioma_TT_1602.jpg,unknown,True
archive_v2/Testing\glioma\glioma_TT_1604.jpg,unknown,True
archive_v2/Testing\glioma\glioma_TT_1605.jpg,unknown,True
archive_v2/Testing\glioma\glioma_TT_1608.jpg,unknown,True
archive_v2/Testing\glioma\glioma_TT_1613.jpg,unknown,True
archive_v2/Testing\glioma\glioma_TT_1618.jpg,unknown,True
archive_v2/Testing\glioma\glioma_TT_1620.jpg,unknown,True
archive_v2/Testing\glioma\glioma_TT_1624.jpg,unknown,True
archive_v2/Testing\glioma\glioma_TT_1639.jpg,unknown,True
archive_v2/Testing\glioma\glioma_TT_1645.jpg,unknown,True
archive_v2/Testing\glioma\glioma_TT_1647.jpg,unknown,True
archive_v2/Testing\glioma\glioma_TT_1653.jpg,unknown,True
archive_v2/Testing\glioma\glioma_TT_1655.jpg,unknown,True
archive_v2/Testing\glioma\glioma_TT_1658.jpg,unknown,True
archive_v2/Testing\glioma\glioma_TT_1659.jpg,unknown,True
archive_v2/Testing\glioma\glioma_TT_1661.jpg,unknown,True
archive_v2/Testing\glioma\glioma_TT_1663.jpg,unknown,True
archive_v2/Testing\glioma\glioma_TT_1666.jpg,unknown,True
archive_v2/Testing\glioma\glioma_TT_1676.jpg,unknown,True
archive_v2/Testing\glioma\glioma_TT_1678.jpg,unknown,True
archive_v2/Testing\glioma\glioma_TT_1679.jpg,unknown,True
archive_v2/Testing\glioma\glioma_TT_1681.jpg,unknown,True
archive_v2/Testing\glioma\glioma_TT_1691.jpg,unknown,True
archive_v2/Testing\glioma\glioma_TT_1692.jpg,unknown,True
archive_v2/Testing\glioma\glioma_TT_1699.jpg,unknown,True
archive_v2/Testing\glioma\glioma_TT_1706.jpg,unknown,True
archive_v2/Testing\glioma\glioma_TT_1708.jpg,unknown,True
archive_v2/Testing\glioma\glioma_TT_1710.jpg,unknown,True
archive_v2/Testing\glioma\glioma_TT_1713.jpg,unknown,True
archive_v2/Testing\glioma\glioma_TT_1722.jpg,unknown,True
archive_v2/Testing\glioma\glioma_TT_1724.jpg,unknown,True
archive_v2/Testing\glioma\glioma_TT_1726.jpg,unknown,True
archive_v2/Testing\glioma\glioma_TT_1728.jpg,unknown,True
archive_v2/Testing\glioma\glioma_TT_1736.jpg,unknown,True
archive_v2/Testing\glioma\glioma_TT_1740.jpg,unknown,True
archive_v2/Testing\glioma\glioma_TT_1750.jpg,unknown,True
archive_v2/Testing\glioma\glioma_TT_1753.jpg,unknown,True
archive_v2/Testing\glioma\glioma_TT_1754.jpg,unknown,True
archive_v2/Testing\glioma\glioma_TT_1773.jpg,unknown,True
archive_v2/Testing\glioma\glioma_TT_1777.jpg,unknown,True
archive_v2/Testing\glioma\glioma_TT_1783.jpg,unknown,True
archive_v2/Testing\glioma\glioma_TT_1797.jpg,unknown,True
archive_v2/Testing\glioma\glioma_TT_1798.jpg,unknown,True
archive_v2/Testing\glioma\glioma_TT_1801.jpg,unknown,True
archive_v2/Testing\glioma\glioma_TT_1807.jpg,unknown,True
archive_v2/Testing\glioma\glioma_TT_1808.jpg,unknown,True
archive_v2/Testing\glioma\glioma_TT_1809.jpg,unknown,True
archive_v2/Testing\glioma\glioma_TT_1819.jpg,unknown,True
archive_v2/Testing\glioma\glioma_TT_1820.jpg,unknown,True
archive_v2/Testing\glioma\glioma_TT_1821.jpg,unknown,True
archive_v2/Testing\glioma\glioma_TT_1825.jpg,unknown,True
archive_v2/Testing\glioma\glioma_TT_1828.jpg,unknown,True
archive_v2/Testing\glioma\glioma_TT_1829.jpg,unknown,True
archive_v2/Testing\glioma\glioma_TT_1831.jpg,unknown,True
archive_v2/Testing\glioma\glioma_TT_1833.jpg,unknown,True
archive_v2/Testing\glioma\glioma_TT_1835.jpg,unknown,True
archive_v2/Testing\glioma\glioma_TT_1841.jpg,unknown,True
archive_v2/Testing\glioma\glioma_TT_1853.jpg,unknown,True
archive_v2/Testing\glioma\glioma_TT_1861.jpg,unknown,True
archive_v2/Testing\glioma\glioma_TT_1862.jpg,unknown,True
archive_v2/Testing\glioma\glioma_TT_1867.jpg,unknown,True
archive_v2/Testing\glioma\glioma_TT_1868.jpg,unknown,True
archive_v2/Testing\glioma\glioma_TT_1874.jpg,unknown,True
archive_v2/Testing\glioma\glioma_TT_1875.jpg,unknown,True
archive_v2/Testing\glioma\glioma_TT_1881.jpg,unknown,True
archive_v2/Testing\glioma\glioma_TT_1897.jpg,unknown,True
archive_v2/Testing\glioma\glioma_TT_1899.jpg,unknown,True
archive_v2/Testing\glioma\glioma_TT_1908.jpg,unknown,True
archive_v2/Testing\glioma\glioma_TT_1911.jpg,unknown,True
archive_v2/Testing\glioma\glioma_TT_1912.jpg,unknown,True
archive_v2/Testing\glioma\glioma_TT_1933.jpg,unknown,True
archive_v2/Testing\glioma\glioma_TT_1941.jpg,unknown,True
archive_v2/Testing\glioma\glioma_TT_1942.jpg,unknown,True
archive_v2/Testing\glioma\glioma_TT_1944.jpg,unknown,True
archive_v2/Testing\glioma\glioma_TT_1955.jpg,unknown,True
archive_v2/Testing\glioma\glioma_TT_1959.jpg,unknown,True
archive_v2/Testing\glioma\glioma_TT_1960.jpg,unknown,True
archive_v2/Testing\glioma\glioma_TT_1964.jpg,unknown,True
archive_v2/Testing\glioma\glioma_TT_1967.jpg,unknown,True
archive_v2/Testing\glioma\glioma_TT_1968.jpg,unknown,True
archive_v2/Testing\glioma\glioma_TT_1969.jpg,unknown,True
archive_v2/Testing\glioma\glioma_TT_1970.jpg,unknown,True
archive_v2/Testing\glioma\glioma_TT_1975.jpg,unknown,True
archive_v2/Testing\glioma\glioma_TT_1982.jpg,unknown,True
archive_v2/Testing\glioma\glioma_TT_1983.jpg,unknown,True
archive_v2/Testing\glioma\glioma_TT_1987.jpg,unknown,True
archive_v2/Testing\glioma\glioma_TT_2014.jpg,unknown,True
archive_v2/Testing\glioma\glioma_TT_2019.jpg,unknown,True
archive_v2/Testing\glioma\glioma_TT_2026.jpg,unknown,True
archive_v2/Testing\glioma\glioma_TT_2027.jpg,unknown,True
archive_v2/Testing\glioma\glioma_TT_2028.jpg,unknown,True
archive_v2/Testing\glioma\glioma_TT_2032.jpg,unknown,True
archive_v2/Testing\glioma\glioma_TT_2036.jpg,unknown,True
archive_v2/Testing\glioma\glioma_TT_2046.jpg,unknown,True
archive_v2/Testing\glioma\glioma_TT_2057.jpg,unknown,True
archive_v2/Testing\glioma\glioma_TT_2062.jpg,unknown,True
archive_v2/Testing\glioma\glioma_TT_2063.jpg,unknown,True
archive_v2/Testing\glioma\glioma_TT_2072.jpg,unknown,True
archive_v2/Testing\glioma\glioma_TT_2076.jpg,unknown,True
archive_v2/Testing\glioma\glioma_TT_2083.jpg,unknown,True
archive_v2/Testing\glioma\glioma_TT_2090.jpg,unknown,True
archive_v2/Testing\glioma\glioma_TT_2092.jpg,unknown,True
archive_v2/Testing\glioma\glioma_TT_2096.jpg,unknown,True
archive_v2/Testing\glioma\glioma_TT_2105.jpg,unknown,True
archive_v2/Testing\glioma\glioma_TT_2109.jpg,unknown,True
archive_v2/Testing\glioma\glioma_TT_2110.jpg,unknown,True
archive_v2/Testing\glioma\glioma_TT_2113.jpg,unknown,True
archive_v2/Testing\glioma\glioma_TT_2118.jpg,unknown,True
archive_v2/Testing\glioma\glioma_TT_2119.jpg,unknown,True
archive_v2/Testing\glioma\glioma_TT_2125.jpg,unknown,True
archive_v2/Testing\glioma\glioma_TT_2129.jpg,unknown,True
archive_v2/Testing\glioma\glioma_TT_2131.jpg,unknown,True
archive_v2/Testing\glioma\glioma_TT_2134.jpg,unknown,True
archive_v2/Testing\glioma\glioma_TT_2135.jpg,unknown,True
archive_v2/Testing\glioma\glioma_TT_2137.jpg,unknown,True
archive_v2/Testing\glioma\glioma_TT_2143.jpg,unknown,True
archive_v2/Testing\glioma\glioma_TT_2148.jpg,unknown,True
archive_v2/Testing\glioma\glioma_TT_2151.jpg,unknown,True
archive_v2/Testing\glioma\glioma_TT_2152.jpg,unknown,True
archive_v2/Testing\glioma\glioma_TT_2157.jpg,unknown,True
archive_v2/Testing\glioma\glioma_TT_2160.jpg,unknown,True
archive_v2/Testing\glioma\glioma_TT_2161.jpg,unknown,True
archive_v2/Testing\glioma\glioma_TT_2165.jpg,unknown,True
archive_v2/Testing\glioma\glioma_TT_2170.jpg,unknown,True
archive_v2/Testing\glioma\glioma_TT_2172.jpg,unknown,True
archive_v2/Testing\glioma\glioma_TT_2179.jpg,unknown,True
archive_v2/Testing\glioma\glioma_TT_2184.jpg,unknown,True
archive_v2/Testing\glioma\glioma_TT_2189.jpg,unknown,True
archive_v2/Testing\glioma\glioma_TT_2196.jpg,unknown,True
archive_v2/Testing\glioma\glioma_TT_2201.jpg,unknown,True
archive_v2/Testing\glioma\glioma_TT_2211.jpg,unknown,True
archive_v2/Testing\glioma\glioma_TT_2219.jpg,unknown,True
archive_v2/Testing\glioma\glioma_TT_2220.jpg,unknown,True
archive_v2/Testing\glioma\glioma_TT_2222.jpg,unknown,True
archive_v2/Testing\glioma\glioma_TT_2227.jpg,unknown,True
archive_v2/Testing\glioma\glioma_TT_2236.jpg,unknown,True
archive_v2/Testing\glioma\glioma_TT_2238.jpg,unknown,True
archive_v2/Testing\glioma\glioma_TT_2240.jpg,unknown,True
archive_v2/Testing\glioma\glioma_TT_2242.jpg,unknown,True
archive_v2/Testing\glioma\glioma_TT_2253.jpg,unknown,True
archive_v2/Testing\glioma\glioma_TT_2256.jpg,unknown,True
archive_v2/Testing\glioma\glioma_TT_2270.jpg,unknown,True
archive_v2/Testing\glioma\glioma_TT_2274.jpg,unknown,True
archive_v2/Testing\glioma\glioma_TT_2278.jpg,unknown,True
archive_v2/Testing\glioma\glioma_TT_2281.jpg,unknown,True
archive_v2/Testing\glioma\glioma_TT_2287.jpg,unknown,True
archive_v2/Testing\glioma\glioma_TT_2292.jpg,unknown,True
archive_v2/Testing\glioma\glioma_TT_2295.jpg,unknown,True
archive_v2/Testing\glioma\glioma_TT_2301.jpg,unknown,True
archive_v2/Testing\glioma\glioma_TT_2305.jpg,unknown,True
archive_v2/Testing\glioma\glioma_TT_2314.jpg,unknown,True
archive_v2/Testing\glioma\glioma_TT_2315.jpg,unknown,True
archive_v2/Testing\glioma\glioma_TT_2317.jpg,unknown,True
archive_v2/Testing\glioma\glioma_TT_2318.jpg,unknown,True
archive_v2/Testing\glioma\glioma_TT_2320.jpg,unknown,True
archive_v2/Testing\glioma\glioma_TT_2323.jpg,unknown,True
archive_v2/Testing\glioma\glioma_TT_2325.jpg,unknown,True
archive_v2/Testing\glioma\glioma_TT_2327.jpg,unknown,True
archive_v2/Testing\glioma\glioma_TT_2329.jpg,unknown,True
archive_v2/Testing\glioma\glioma_TT_2331.jpg,unknown,True
archive_v2/Testing\glioma\glioma_TT_2333.jpg,unknown,True
archive_v2/Testing\glioma\glioma_TT_2336.jpg,unknown,True
archive_v2/Testing\glioma\glioma_TT_2337.jpg,unknown,True
archive_v2/Testing\glioma\glioma_TT_2338.jpg,unknown,True
archive_v2/Testing\glioma\glioma_TT_2340.jpg,unknown,True
archive_v2/Testing\glioma\glioma_TT_2344.jpg,unknown,True
archive_v2/Testing\glioma\glioma_TT_2348.jpg,unknown,True
archive_v2/Testing\glioma\glioma_TT_2351.jpg,unknown,True
archive_v2/Testing\glioma\glioma_TT_2354.jpg,unknown,True
archive_v2/Testing\glioma\glioma_TT_2356.jpg,unknown,True
archive_v2/Testing\glioma\glioma_TT_2370.jpg,unknown,True
archive_v2/Testing\glioma\glioma_TT_2377.jpg,unknown,True
archive_v2/Testing\glioma\glioma_TT_2382.jpg,unknown,True
archive_v2/Testing\glioma\glioma_TT_2387.jpg,unknown,True
archive_v2/Testing\glioma\glioma_TT_2388.jpg,unknown,True
archive_v2/Testing\glioma\glioma_TT_2390.jpg,unknown,True
archive_v2/Testing\glioma\glioma_TT_2408.jpg,unknown,True
archive_v2/Testing\glioma\glioma_TT_2409.jpg,unknown,True
archive_v2/Testing\glioma\glioma_TT_2412.jpg,unknown,True
archive_v2/Testing\glioma\glioma_TT_2413.jpg,unknown,True
archive_v2/Testing\glioma\glioma_TT_2417.jpg,unknown,True
archive_v2/Testing\glioma\glioma_TT_2431.jpg,unknown,True
archive_v2/Testing\glioma\glioma_TT_2452.jpg,unknown,True
archive_v2/Testing\glioma\glioma_TT_2457.jpg,unknown,True
archive_v2/Testing\glioma\glioma_TT_2458.jpg,unknown,True
archive_v2/Testing\glioma\glioma_TT_2463.jpg,unknown,True
archive_v2/Testing\glioma\glioma_TT_2465.jpg,unknown,True
archive_v2/Testing\glioma\glioma_TT_2468.jpg,unknown,True
archive_v2/Testing\glioma\glioma_TT_2470.jpg,unknown,True
archive_v2/Testing\glioma\glioma_TT_2479.jpg,unknown,True
archive_v2/Testing\glioma\glioma_TT_2513.jpg,unknown,True
archive_v2/Testing\glioma\glioma_TT_2514.jpg,unknown,True
archive_v2/Testing\glioma\glioma_TT_2526.jpg,unknown,True
archive_v2/Testing\glioma\glioma_TT_2527.jpg,unknown,True
archive_v2/Testing\glioma\glioma_TT_2532.jpg,unknown,True
archive_v2/Testing\glioma\glioma_TT_2533.jpg,unknown,True
archive_v2/Testing\glioma\glioma_TT_2538.jpg,unknown,True
archive_v2/Testing\glioma\glioma_TT_2540.jpg,unknown,True
archive_v2/Testing\glioma\glioma_TT_2550.jpg,unknown,True
archive_v2/Testing\glioma\glioma_TT_2552.jpg,unknown,True
archive_v2/Testing\glioma\glioma_TT_2560.jpg,unknown,True
archive_v2/Testing\glioma\glioma_TT_2564.jpg,unknown,True
archive_v2/Testing\glioma\glioma_TT_2566.jpg,unknown,True
archive_v2/Testing\glioma\glioma_TT_2577.jpg,unknown,True
archive_v2/Testing\glioma\glioma_TT_2583.jpg,unknown,True
archive_v2/Testing\glioma\glioma_TT_2584.jpg,unknown,True
archive_v2/Testing\glioma\glioma_TT_2594.jpg,unknown,True
archive_v2/Testing\glioma\glioma_TT_2602.jpg,unknown,True
archive_v2/Testing\glioma\glioma_TT_2606.jpg,unknown,True
archive_v2/Testing\glioma\glioma_TT_2607.jpg,unknown,True
archive_v2/Testing\glioma\glioma_TT_2616.jpg,unknown,True
archive_v2/Testing\glioma\glioma_TT_2619.jpg,unknown,True
archive_v2/Testing\glioma\glioma_TT_2624.jpg,unknown,True
archive_v2/Testing\glioma\glioma_TT_2635.jpg,unknown,True
archive_v2/Testing\glioma\glioma_TT_2638.jpg,unknown,True
archive_v2/Testing\glioma\glioma_TT_2641.jpg,unknown,True
archive_v2/Testing\glioma\glioma_TT_2643.jpg,unknown,True
archive_v2/Testing\glioma\glioma_TT_2645.jpg,unknown,True
archive_v2/Testing\glioma\glioma_TT_2652.jpg,unknown,True
archive_v2/Testing\glioma\glioma_TT_2656.jpg,unknown,True
archive_v2/Testing\glioma\glioma_TT_2657.jpg,unknown,True
archive_v2/Testing\glioma\glioma_TT_2664.jpg,unknown,True
archive_v2/Testing\glioma\glioma_TT_2667.jpg,unknown,True
archive_v2/Testing\glioma\glioma_TT_2668.jpg,unknown,True
archive_v2/Testing\glioma\glioma_TT_2673.jpg,unknown,True
archive_v2/Testing\glioma\glioma_TT_2678.jpg,unknown,True
archive_v2/Testing\glioma\glioma_TT_2683.jpg,unknown,True
archive_v2/Testing\glioma\glioma_TT_2684.jpg,unknown,True
archive_v2/Testing\glioma\glioma_TT_2687.jpg,unknown,True
archive_v2/Testing\glioma\glioma_TT_2690.jpg,unknown,True
archive_v2/Testing\glioma\glioma_TT_2707.jpg,unknown,True
archive_v2/Testing\glioma\glioma_TT_2719.jpg,unknown,True
archive_v2/Testing\glioma\glioma_TT_2726.jpg,unknown,True
archive_v2/Testing\glioma\glioma_TT_2742.jpg,unknown,True
archive_v2/Testing\glioma\glioma_TT_2753.jpg,unknown,True
archive_v2/Testing\glioma\glioma_TT_2760.jpg,unknown,True
archive_v2/Testing\glioma\glioma_TT_2769.jpg,unknown,True
archive_v2/Testing\glioma\glioma_TT_2773.jpg,unknown,True
archive_v2/Testing\glioma\glioma_TT_2777.jpg,unknown,True
archive_v2/Testing\glioma\glioma_TT_2791.jpg,unknown,True
archive_v2/Testing\glioma\glioma_TT_2797.jpg,unknown,True
archive_v2/Testing\glioma\glioma_TT_2799.jpg,unknown,True
archive_v2/Testing\glioma\glioma_TT_2802.jpg,unknown,True
archive_v2/Testing\glioma\glioma_TT_2810.jpg,unknown,True
archive_v2/Testing\glioma\glioma_TT_2813.jpg,unknown,True
archive_v2/Testing\glioma\glioma_TT_2821.jpg,unknown,True
archive_v2/Testing\glioma\glioma_TT_2825.jpg,unknown,True
archive_v2/Testing\glioma\glioma_TT_2835.jpg,unknown,True
archive_v2/Testing\glioma\glioma_TT_2837.jpg,unknown,True
archive_v2/Testing\glioma\glioma_TT_2839.jpg,unknown,True
archive_v2/Testing\glioma\glioma_TT_2841.jpg,unknown,True
archive_v2/Testing\glioma\glioma_TT_2846.jpg,unknown,True
archive_v2/Testing\glioma\glioma_TT_2852.jpg,unknown,True
archive_v2/Testing\glioma\glioma_TT_2855.jpg,unknown,True
archive_v2/Testing\glioma\glioma_TT_2858.jpg,unknown,True
archive_v2/Testing\glioma\glioma_TT_2861.jpg,unknown,True
archive_v2/Testing\glioma\glioma_TT_2863.jpg,unknown,True
archive_v2/Testing\glioma\glioma_TT_2874.jpg,unknown,True
archive_v2/Testing\glioma\glioma_TT_2884.jpg,unknown,True
archive_v2/Testing\glioma\glioma_TT_2888.jpg,unknown,True
archive_v2/Testing\glioma\glioma_TT_2890.jpg,unknown,True
archive_v2/Testing\glioma\glioma_TT_2909.jpg,unknown,True
archive_v2/Testing\glioma\glioma_TT_2910.jpg,unknown,True
archive_v2/Testing\glioma\glioma_TT_2913.jpg,unknown,True
archive_v2/Testing\glioma\glioma_TT_2917.jpg,unknown,True
archive_v2/Testing\glioma\glioma_TT_2920.jpg,unknown,True
archive_v2/Testing\glioma\glioma_TT_2927.jpg,unknown,True
archive_v2/Testing\glioma\glioma_TT_2930.jpg,unknown,True
archive_v2/Testing\glioma\glioma_TT_2945.jpg,unknown,True
archive_v2/Testing\glioma\glioma_TT_2946.jpg,unknown,True
archive_v2/Testing\glioma\glioma_TT_2950.jpg,unknown,True
archive_v2/Testing\glioma\glioma_TT_2954.jpg,unknown,True
archive_v2/Testing\glioma\glioma_TT_2957.jpg,unknown,True
archive_v2/Testing\glioma\glioma_TT_2959.jpg,unknown,True
archive_v2/Testing\glioma\glioma_TT_2960.jpg,unknown,True
archive_v2/Testing\glioma\glioma_TT_2961.jpg,unknown,True
archive_v2/Testing\glioma\glioma_TT_2962.jpg,unknown,True
archive_v2/Testing\glioma\glioma_TT_2975.jpg,unknown,True
archive_v2/Testing\glioma\glioma_TT_2980.jpg,unknown,True
archive_v2/Testing\glioma\glioma_TT_2984.jpg,unknown,True
archive_v2/Testing\glioma\glioma_TT_2988.jpg,unknown,True
archive_v2/Testing\glioma\glioma_TT_2997.jpg,unknown,True
archive_v2/Testing\glioma\glioma_TT_3000.jpg,unknown,True
archive_v2/Testing\glioma\glioma_TT_3013.jpg,unknown,True
archive_v2/Testing\glioma\glioma_TT_3022.jpg,unknown,True
archive_v2/Testing\glioma\glioma_TT_3024.jpg,unknown,True
archive_v2/Testing\glioma\glioma_TT_3028.jpg,unknown,True
archive_v2/Testing\glioma\glioma_TT_3029.jpg,unknown,True
archive_v2/Testing\glioma\glioma_TT_3048.jpg,unknown,True
archive_v2/Testing\glioma\glioma_TT_3049.jpg,unknown,True
archive_v2/Testing\glioma\glioma_TT_3050.jpg,unknown,True
archive_v2/Testing\glioma\glioma_TT_3051.jpg,unknown,True
archive_v2/Testing\glioma\glioma_TT_3053.jpg,unknown,True
archive_v2/Testing\glioma\glioma_TT_3057.jpg,unknown,True
archive_v2/Testing\glioma\glioma_TT_3072.jpg,unknown,True
archive_v2/Testing\glioma\glioma_TT_3073.jpg,unknown,True
archive_v2/Testing\glioma\glioma_TT_3081.jpg,unknown,True
archive_v2/Testing\glioma\glioma_TT_3082.jpg,unknown,True
archive_v2/Testing\glioma\glioma_TT_3090.jpg,unknown,True
archive_v2/Testing\glioma\glioma_TT_3095.jpg,unknown,True
archive_v2/Testing\glioma\glioma_TT_3099.jpg,unknown,True
archive_v2/Testing\glioma\glioma_TT_3104.jpg,unknown,True
archive_v2/Testing\glioma\glioma_TT_3110.jpg,unknown,True
archive_v2/Testing\glioma\glioma_TT_3113.jpg,unknown,True
archive_v2/Testing\glioma\glioma_TT_3129.jpg,unknown,True
archive_v2/Testing\glioma\glioma_TT_3130.jpg,unknown,True
archive_v2/Testing\glioma\glioma_TT_3133.jpg,unknown,True
archive_v2/Testing\glioma\glioma_TT_3135.jpg,unknown,True
archive_v2/Testing\glioma\glioma_TT_3139.jpg,unknown,True
archive_v2/Testing\glioma\glioma_TT_3146.jpg,unknown,True
archive_v2/Testing\glioma\glioma_TT_3151.jpg,unknown,True
archive_v2/Testing\glioma\glioma_TT_3160.jpg,unknown,True
archive_v2/Testing\glioma\glioma_TT_3161.jpg,unknown,True
archive_v2/Testing\glioma\glioma_TT_3162.jpg,unknown,True
archive_v2/Testing\glioma\glioma_TT_3164.jpg,unknown,True
archive_v2/Testing\glioma\glioma_TT_3165.jpg,unknown,True
archive_v2/Testing\glioma\glioma_TT_3170.jpg,unknown,True
archive_v2/Testing\glioma\glioma_TT_3175.jpg,unknown,True
archive_v2/Testing\glioma\glioma_TT_3182.jpg,unknown,True
archive_v2/Testing\glioma\glioma_TT_3186.jpg,unknown,True
archive_v2/Testing\glioma\glioma_TT_3191.jpg,unknown,True
archive_v2/Testing\glioma\glioma_TT_3198.jpg,unknown,True
archive_v2/Testing\glioma\glioma_TT_3199.jpg,unknown,True
archive_v2/Testing\glioma\glioma_TT_3201.jpg,unknown,True
archive_v2/Testing\glioma\glioma_TT_3215.jpg,unknown,True
archive_v2/Testing\glioma\glioma_TT_3217.jpg,unknown,True
archive_v2/Testing\glioma\glioma_TT_3218.jpg,unknown,True
archive_v2/Testing\glioma\glioma_TT_3233.jpg,unknown,True
archive_v2/Testing\glioma\glioma_TT_3235.jpg,unknown,True
archive_v2/Testing\glioma\glioma_TT_3236.jpg,unknown,True
archive_v2/Testing\glioma\glioma_TT_3238.jpg,unknown,True
archive_v2/Testing\glioma\glioma_TT_3239.jpg,unknown,True
archive_v2/Testing\glioma\glioma_TT_3240.jpg,unknown,True
archive_v2/Testing\glioma\glioma_TT_3242.jpg,unknown,True
archive_v2/Testing\glioma\glioma_TT_3244.jpg,unknown,True
archive_v2/Testing\glioma\glioma_TT_3247.jpg,unknown,True
archive_v2/Testing\glioma\glioma_TT_3248.jpg,unknown,True
archive_v2/Testing\glioma\glioma_TT_3249.jpg,unknown,True
archive_v2/Testing\glioma\glioma_TT_3250.jpg,unknown,True
archive_v2/Testing\glioma\glioma_TT_3255.jpg,unknown,True
archive_v2/Testing\glioma\glioma_TT_3256.jpg,unknown,True
archive_v2/Testing\glioma\glioma_TT_3260.jpg,unknown,True
archive_v2/Testing\glioma\glioma_TT_3264.jpg,unknown,True
archive_v2/Testing\glioma\glioma_TT_3265.jpg,unknown,True
archive_v2/Testing\glioma\glioma_TT_3271.jpg,unknown,True
archive_v2/Testing\glioma\glioma_TT_3281.jpg,unknown,True
archive_v2/Testing\glioma\glioma_TT_3285.jpg,unknown,True
archive_v2/Testing\glioma\glioma_TT_3290.jpg,unknown,True
archive_v2/Testing\glioma\glioma_TT_3312.jpg,unknown,True
archive_v2/Testing\glioma\glioma_TT_3322.jpg,unknown,True
archive_v2/Testing\glioma\glioma_TT_3324.jpg,unknown,True
archive_v2/Testing\glioma\glioma_TT_3325.jpg,unknown,True
archive_v2/Testing\glioma\glioma_TT_3332.jpg,unknown,True
archive_v2/Testing\glioma\glioma_TT_3346.jpg,unknown,True
archive_v2/Testing\glioma\glioma_TT_3351.jpg,unknown,True
archive_v2/Testing\glioma\glioma_TT_3354.jpg,unknown,True
archive_v2/Testing\glioma\glioma_TT_3358.jpg,unknown,True
archive_v2/Testing\glioma\glioma_TT_3360.jpg,unknown,True
archive_v2/Testing\glioma\glioma_TT_3361.jpg,unknown,True
archive_v2/Testing\glioma\glioma_TT_3365.jpg,unknown,True
archive_v2/Testing\glioma\glioma_TT_3368.jpg,unknown,True
archive_v2/Testing\glioma\glioma_TT_3370.jpg,unknown,True
archive_v2/Testing\glioma\glioma_TT_3374.jpg,unknown,True
archive_v2/Testing\glioma\glioma_TT_3375.jpg,unknown,True
archive_v2/Testing\glioma\glioma_TT_3400.jpg,unknown,True
archive_v2/Testing\glioma\glioma_TT_3406.jpg,unknown,True
archive_v2/Testing\glioma\glioma_TT_3411.jpg,unknown,True
archive_v2/Testing\glioma\glioma_TT_3421.jpg,unknown,True
archive_v2/Testing\glioma\glioma_TT_3427.jpg,unknown,True
archive_v2/Testing\glioma\glioma_TT_3433.jpg,unknown,True
archive_v2/Testing\glioma\glioma_TT_3435.jpg,unknown,True
archive_v2/Testing\glioma\glioma_TT_3437.jpg,unknown,True
archive_v2/Testing\glioma\glioma_TT_3439.jpg,unknown,True
archive_v2/Testing\glioma\glioma_TT_3451.jpg,unknown,True
archive_v2/Testing\glioma\glioma_TT_3452.jpg,unknown,True
archive_v2/Testing\glioma\glioma_TT_3454.jpg,unknown,True
archive_v2/Testing\glioma\glioma_TT_3460.jpg,unknown,True
archive_v2/Testing\glioma\glioma_TT_3466.jpg,unknown,True
archive_v2/Testing\glioma\glioma_TT_3475.jpg,unknown,True
archive_v2/Testing\glioma\glioma_TT_3479.jpg,unknown,True
archive_v2/Testing\glioma\glioma_TT_3483.jpg,unknown,True
archive_v2/Testing\glioma\glioma_TT_3486.jpg,unknown,True
archive_v2/Testing\glioma\glioma_TT_3487.jpg,unknown,True
archive_v2/Testing\glioma\glioma_TT_3495.jpg,unknown,True
archive_v2/Testing\glioma\glioma_TT_3500.jpg,unknown,True
archive_v2/Testing\glioma\glioma_TT_3505.jpg,unknown,True
archive_v2/Testing\glioma\glioma_TT_3520.jpg,unknown,True
archive_v2/Testing\glioma\glioma_TT_3524.jpg,unknown,True
archive_v2/Testing\glioma\glioma_TT_3531.jpg,unknown,True
archive_v2/Testing\glioma\glioma_TT_3534.jpg,unknown,True
archive_v2/Testing\glioma\glioma_TT_3535.jpg,unknown,True
archive_v2/Testing\glioma\glioma_TT_3536.jpg,unknown,True
archive_v2/Testing\glioma\glioma_TT_3543.jpg,unknown,True
archive_v2/Testing\glioma\glioma_TT_3549.jpg,unknown,True
archive_v2/Testing\glioma\glioma_TT_3552.jpg,unknown,True
archive_v2/Testing\glioma\glioma_TT_3553.jpg,unknown,True
archive_v2/Testing\glioma\glioma_TT_3555.jpg,unknown,True
archive_v2/Testing\glioma\glioma_TT_3556.jpg,unknown,True
archive_v2/Testing\glioma\glioma_TT_3565.jpg,unknown,True
archive_v2/Testing\glioma\glioma_TT_3568.jpg,unknown,True
archive_v2/Testing\glioma\glioma_TT_3571.jpg,unknown,True
archive_v2/Testing\glioma\glioma_TT_3572.jpg,unknown,True
archive_v2/Testing\glioma\glioma_TT_3576.jpg,unknown,True
archive_v2/Testing\glioma\glioma_TT_3581.jpg,unknown,True
archive_v2/Testing\glioma\glioma_TT_3583.jpg,unknown,True
archive_v2/Testing\glioma\glioma_TT_3589.jpg,unknown,True
archive_v2/Testing\glioma\glioma_TT_3591.jpg,unknown,True
archive_v2/Testing\glioma\glioma_TT_3595.jpg,unknown,True
archive_v2/Testing\glioma\glioma_TT_3604.jpg,unknown,True
archive_v2/Testing\glioma\glioma_TT_3607.jpg,unknown,True
archive_v2/Testing\glioma\glioma_TT_3618.jpg,unknown,True
archive_v2/Testing\glioma\glioma_TT_3620.jpg,unknown,True
archive_v2/Testing\glioma\glioma_TT_3621.jpg,unknown,True
archive_v2/Testing\glioma\glioma_TT_3629.jpg,unknown,True
archive_v2/Testing\glioma\glioma_TT_3634.jpg,unknown,True
archive_v2/Testing\glioma\glioma_TT_3638.jpg,unknown,True
archive_v2/Testing\glioma\glioma_TT_3641.jpg,unknown,True
archive_v2/Testing\glioma\glioma_TT_3644.jpg,unknown,True
archive_v2/Testing\glioma\glioma_TT_3651.jpg,unknown,True
archive_v2/Testing\glioma\glioma_TT_3653.jpg,unknown,True
archive_v2/Testing\glioma\glioma_TT_3665.jpg,unknown,True
archive_v2/Testing\glioma\glioma_TT_3669.jpg,unknown,True
archive_v2/Testing\glioma\glioma_TT_3674.jpg,unknown,True
archive_v2/Testing\glioma\glioma_TT_3689.jpg,unknown,True
archive_v2/Testing\glioma\glioma_TT_3696.jpg,unknown,True
archive_v2/Testing\glioma\glioma_TT_3699.jpg,unknown,True
archive_v2/Testing\glioma\glioma_TT_3700.jpg,unknown,True
archive_v2/Testing\glioma\glioma_TT_3701.jpg,unknown,True
archive_v2/Testing\glioma\glioma_TT_3703.jpg,unknown,True
archive_v2/Testing\glioma\glioma_TT_3706.jpg,unknown,True
archive_v2/Testing\glioma\glioma_TT_3709.jpg,unknown,True
archive_v2/Testing\glioma\glioma_TT_3712.jpg,unknown,True
archive_v2/Testing\glioma\glioma_TT_3717.jpg,unknown,True
archive_v2/Testing\glioma\glioma_TT_3718.jpg,unknown,True
archive_v2/Testing\glioma\glioma_TT_3722.jpg,unknown,True
archive_v2/Testing\glioma\glioma_TT_3731.jpg,unknown,True
archive_v2/Testing\glioma\glioma_TT_3738.jpg,unknown,True
archive_v2/Testing\glioma\glioma_TT_3740.jpg,unknown,True
archive_v2/Testing\glioma\glioma_TT_3747.jpg,unknown,True
archive_v2/Testing\glioma\glioma_TT_3749.jpg,unknown,True
archive_v2/Testing\glioma\glioma_TT_3751.jpg,unknown,True
archive_v2/Testing\glioma\glioma_TT_3754.jpg,unknown,True
archive_v2/Testing\glioma\glioma_TT_3756.jpg,unknown,True
archive_v2/Testing\glioma\glioma_TT_3760.jpg,unknown,True
archive_v2/Testing\glioma\glioma_TT_3762.jpg,unknown,True
archive_v2/Testing\glioma\glioma_TT_3763.jpg,unknown,True
archive_v2/Testing\glioma\glioma_TT_3766.jpg,unknown,True
archive_v2/Testing\glioma\glioma_TT_3767.jpg,unknown,True
archive_v2/Testing\glioma\glioma_TT_3769.jpg,unknown,True
archive_v2/Testing\glioma\glioma_TT_3784.jpg,unknown,True
archive_v2/Testing\glioma\glioma_TT_3785.jpg,unknown,True
archive_v2/Testing\glioma\glioma_TT_3786.jpg,unknown,True
archive_v2/Testing\glioma\glioma_TT_3805.jpg,unknown,True
archive_v2/Testing\glioma\glioma_TT_3813.jpg,unknown,True
archive_v2/Testing\glioma\glioma_TT_3816.jpg,unknown,True
archive_v2/Testing\glioma\glioma_TT_3817.jpg,unknown,True
archive_v2/Testing\glioma\glioma_TT_3829.jpg,unknown,True
archive_v2/Testing\glioma\glioma_TT_3832.jpg,unknown,True
archive_v2/Testing\glioma\glioma_TT_3833.jpg,unknown,True
archive_v2/Testing\glioma\glioma_TT_3839.jpg,unknown,True
archive_v2/Testing\glioma\glioma_TT_3844.jpg,unknown,True
archive_v2/Testing\glioma\glioma_TT_3848.jpg,unknown,True
archive_v2/Testing\glioma\glioma_TT_3849.jpg,unknown,True
archive_v2/Testing\glioma\glioma_TT_3858.jpg,unknown,True
archive_v2/Testing\glioma\glioma_TT_3859.jpg,unknown,True
archive_v2/Testing\glioma\glioma_TT_3860.jpg,unknown,True
archive_v2/Testing\glioma\glioma_TT_3861.jpg,unknown,True
archive_v2/Testing\glioma\glioma_TT_3869.jpg,unknown,True
archive_v2/Testing\glioma\glioma_TT_3870.jpg,unknown,True
archive_v2/Testing\glioma\glioma_TT_3871.jpg,unknown,True
archive_v2/Testing\glioma\glioma_TT_3872.jpg,unknown,True
archive_v2/Testing\glioma\glioma_TT_3873.jpg,unknown,True
archive_v2/Testing\glioma\Te-gl_1.jpg,axial,False
archive_v2/Testing\glioma\Te-gl_10.jpg,axial,False
archive_v2/Testing\glioma\Te-gl_100.jpg,axial,False
archive_v2/Testing\glioma\Te-gl_101.jpg,axial,False
archive_v2/Testing\glioma\Te-gl_102.jpg,axial,False
archive_v2/Testing\glioma\Te-gl_103.jpg,axial,False
archive_v2/Testing\glioma\Te-gl_104.jpg,axial,False
archive_v2/Testing\glioma\Te-gl_105.jpg,axial,False
archive_v2/Testing\glioma\Te-gl_106.jpg,axial,False
archive_v2/Testing\glioma\Te-gl_107.jpg,axial,False
archive_v2/Testing\glioma\Te-gl_108.jpg,axial,False
archive_v2/Testing\glioma\Te-gl_109.jpg,axial,False
archive_v2/Testing\glioma\Te-gl_11.jpg,axial,False
archive_v2/Testing\glioma\Te-gl_110.jpg,axial,False
archive_v2/Testing\glioma\Te-gl_111.jpg,axial,False
archive_v2/Testing\glioma\Te-gl_112.jpg,axial,False
archive_v2/Testing\glioma\Te-gl_113.jpg,axial,False
archive_v2/Testing\glioma\Te-gl_114.jpg,axial,False
archive_v2/Testing\glioma\Te-gl_115.jpg,axial,False
archive_v2/Testing\glioma\Te-gl_116.jpg,axial,False
archive_v2/Testing\glioma\Te-gl_117.jpg,axial,False
archive_v2/Testing\glioma\Te-gl_118.jpg,axial,False
archive_v2/Testing\glioma\Te-gl_119.jpg,axial,False
archive_v2/Testing\glioma\Te-gl_12.jpg,axial,False
archive_v2/Testing\glioma\Te-gl_120.jpg,axial,False
archive_v2/Testing\glioma\Te-gl_121.jpg,axial,False
archive_v2/Testing\glioma\Te-gl_122.jpg,axial,False
archive_v2/Testing\glioma\Te-gl_123.jpg,axial,False
archive_v2/Testing\glioma\Te-gl_124.jpg,axial,False
archive_v2/Testing\glioma\Te-gl_125.jpg,axial,False
archive_v2/Testing\glioma\Te-gl_126.jpg,axial,False
archive_v2/Testing\glioma\Te-gl_127.jpg,axial,False
archive_v2/Testing\glioma\Te-gl_128.jpg,axial,False
archive_v2/Testing\glioma\Te-gl_129.jpg,axial,False
archive_v2/Testing\glioma\Te-gl_13.jpg,axial,False
archive_v2/Testing\glioma\Te-gl_130.jpg,axial,False
archive_v2/Testing\glioma\Te-gl_131.jpg,axial,False
archive_v2/Testing\glioma\Te-gl_132.jpg,axial,False
archive_v2/Testing\glioma\Te-gl_133.jpg,axial,False
archive_v2/Testing\glioma\Te-gl_134.jpg,axial,False
archive_v2/Testing\glioma\Te-gl_135.jpg,axial,False
archive_v2/Testing\glioma\Te-gl_136.jpg,axial,False
archive_v2/Testing\glioma\Te-gl_137.jpg,axial,False
archive_v2/Testing\glioma\Te-gl_138.jpg,axial,False
archive_v2/Testing\glioma\Te-gl_139.jpg,axial,False
archive_v2/Testing\glioma\Te-gl_14.jpg,axial,False
archive_v2/Testing\glioma\Te-gl_140.jpg,axial,False
archive_v2/Testing\glioma\Te-gl_141.jpg,axial,False
archive_v2/Testing\glioma\Te-gl_142.jpg,axial,False
archive_v2/Testing\glioma\Te-gl_143.jpg,axial,False
archive_v2/Testing\glioma\Te-gl_144.jpg,axial,False
archive_v2/Testing\glioma\Te-gl_145.jpg,axial,False
archive_v2/Testing\glioma\Te-gl_146.jpg,axial,False
archive_v2/Testing\glioma\Te-gl_147.jpg,axial,False
archive_v2/Testing\glioma\Te-gl_148.jpg,axial,False
archive_v2/Testing\glioma\Te-gl_149.jpg,axial,False
archive_v2/Testing\glioma\Te-gl_15.jpg,axial,False
archive_v2/Testing\glioma\Te-gl_150.jpg,axial,False
archive_v2/Testing\glioma\Te-gl_151.jpg,axial,False
archive_v2/Testing\glioma\Te-gl_152.jpg,axial,False
archive_v2/Testing\glioma\Te-gl_153.jpg,axial,False
archive_v2/Testing\glioma\Te-gl_154.jpg,axial,False
archive_v2/Testing\glioma\Te-gl_155.jpg,axial,False
archive_v2/Testing\glioma\Te-gl_156.jpg,axial,False
archive_v2/Testing\glioma\Te-gl_157.jpg,axial,False
archive_v2/Testing\glioma\Te-gl_158.jpg,axial,False
archive_v2/Testing\glioma\Te-gl_159.jpg,axial,False
archive_v2/Testing\glioma\Te-gl_16.jpg,axial,False
archive_v2/Testing\glioma\Te-gl_160.jpg,axial,False
archive_v2/Testing\glioma\Te-gl_161.jpg,axial,False
archive_v2/Testing\glioma\Te-gl_162.jpg,axial,False
archive_v2/Testing\glioma\Te-gl_163.jpg,axial,False
archive_v2/Testing\glioma\Te-gl_164.jpg,axial,False
archive_v2/Testing\glioma\Te-gl_165.jpg,axial,False
archive_v2/Testing\glioma\Te-gl_166.jpg,axial,False
archive_v2/Testing\glioma\Te-gl_167.jpg,axial,False
archive_v2/Testing\glioma\Te-gl_168.jpg,axial,False
archive_v2/Testing\glioma\Te-gl_169.jpg,axial,False
archive_v2/Testing\glioma\Te-gl_17.jpg,axial,False
archive_v2/Testing\glioma\Te-gl_170.jpg,axial,False
archive_v2/Testing\glioma\Te-gl_171.jpg,axial,False
archive_v2/Testing\glioma\Te-gl_172.jpg,axial,False
archive_v2/Testing\glioma\Te-gl_173.jpg,axial,False
archive_v2/Testing\glioma\Te-gl_174.jpg,axial,False
archive_v2/Testing\glioma\Te-gl_175.jpg,axial,False
archive_v2/Testing\glioma\Te-gl_176.jpg,axial,False
archive_v2/Testing\glioma\Te-gl_177.jpg,axial,False
archive_v2/Testing\glioma\Te-gl_178.jpg,axial,False
archive_v2/Testing\glioma\Te-gl_179.jpg,axial,False
archive_v2/Testing\glioma\Te-gl_18.jpg,axial,False
archive_v2/Testing\glioma\Te-gl_180.jpg,axial,False
archive_v2/Testing\glioma\Te-gl_181.jpg,axial,False
archive_v2/Testing\glioma\Te-gl_182.jpg,axial,False
archive_v2/Testing\glioma\Te-gl_183.jpg,axial,False
archive_v2/Testing\glioma\Te-gl_184.jpg,axial,False
archive_v2/Testing\glioma\Te-gl_185.jpg,axial,False
archive_v2/Testing\glioma\Te-gl_186.jpg,axial,False
archive_v2/Testing\glioma\Te-gl_187.jpg,axial,False
archive_v2/Testing\glioma\Te-gl_188.jpg,axial,False
archive_v2/Testing\glioma\Te-gl_189.jpg,axial,False
archive_v2/Testing\glioma\Te-gl_19.jpg,axial,False
archive_v2/Testing\glioma\Te-gl_190.jpg,axial,False
archive_v2/Testing\glioma\Te-gl_191.jpg,axial,False
archive_v2/Testing\glioma\Te-gl_192.jpg,axial,False
archive_v2/Testing\glioma\Te-gl_193.jpg,axial,False
archive_v2/Testing\glioma\Te-gl_194.jpg,axial,False
archive_v2/Testing\glioma\Te-gl_195.jpg,axial,False
archive_v2/Testing\glioma\Te-gl_196.jpg,axial,False
archive_v2/Testing\glioma\Te-gl_197.jpg,axial,False
archive_v2/Testing\glioma\Te-gl_198.jpg,axial,False
archive_v2/Testing\glioma\Te-gl_199.jpg,axial,False
archive_v2/Testing\glioma\Te-gl_2.jpg,axial,False
archive_v2/Testing\glioma\Te-gl_20.jpg,axial,False
archive_v2/Testing\glioma\Te-gl_200.jpg,axial,False
archive_v2/Testing\glioma\Te-gl_201.jpg,axial,False
archive_v2/Testing\glioma\Te-gl_202.jpg,axial,False
archive_v2/Testing\glioma\Te-gl_203.jpg,axial,False
archive_v2/Testing\glioma\Te-gl_204.jpg,axial,False
archive_v2/Testing\glioma\Te-gl_205.jpg,axial,False
archive_v2/Testing\glioma\Te-gl_206.jpg,axial,False
archive_v2/Testing\glioma\Te-gl_207.jpg,axial,False
archive_v2/Testing\glioma\Te-gl_208.jpg,axial,False
archive_v2/Testing\glioma\Te-gl_209.jpg,axial,False
archive_v2/Testing\glioma\Te-gl_21.jpg,axial,False
archive_v2/Testing\glioma\Te-gl_210.jpg,axial,False
archive_v2/Testing\glioma\Te-gl_211.jpg,axial,False
archive_v2/Testing\glioma\Te-gl_212.jpg,axial,False
archive_v2/Testing\glioma\Te-gl_213.jpg,axial,False
archive_v2/Testing\glioma\Te-gl_214.jpg,axial,False
archive_v2/Testing\glioma\Te-gl_215.jpg,axial,False
archive_v2/Testing\glioma\Te-gl_216.jpg,axial,False
archive_v2/Testing\glioma\Te-gl_217.jpg,axial,False
archive_v2/Testing\glioma\Te-gl_218.jpg,axial,False
archive_v2/Testing\glioma\Te-gl_219.jpg,axial,False
archive_v2/Testing\glioma\Te-gl_22.jpg,axial,False
archive_v2/Testing\glioma\Te-gl_220.jpg,axial,False
archive_v2/Testing\glioma\Te-gl_221.jpg,axial,False
archive_v2/Testing\glioma\Te-gl_222.jpg,axial,False
archive_v2/Testing\glioma\Te-gl_223.jpg,axial,False
archive_v2/Testing\glioma\Te-gl_224.jpg,axial,False
archive_v2/Testing\glioma\Te-gl_225.jpg,axial,False
archive_v2/Testing\glioma\Te-gl_226.jpg,axial,False
archive_v2/Testing\glioma\Te-gl_227.jpg,axial,False
archive_v2/Testing\glioma\Te-gl_228.jpg,axial,False
archive_v2/Testing\glioma\Te-gl_229.jpg,axial,False
archive_v2/Testing\glioma\Te-gl_23.jpg,axial,False
archive_v2/Testing\glioma\Te-gl_230.jpg,axial,False
archive_v2/Testing\glioma\Te-gl_231.jpg,axial,False
archive_v2/Testing\glioma\Te-gl_232.jpg,axial,False
archive_v2/Testing\glioma\Te-gl_233.jpg,axial,False
archive_v2/Testing\glioma\Te-gl_234.jpg,axial,False
archive_v2/Testing\glioma\Te-gl_235.jpg,axial,False
archive_v2/Testing\glioma\Te-gl_236.jpg,axial,False
archive_v2/Testing\glioma\Te-gl_237.jpg,axial,False
archive_v2/Testing\glioma\Te-gl_238.jpg,axial,False
archive_v2/Testing\glioma\Te-gl_239.jpg,axial,False
archive_v2/Testing\glioma\Te-gl_24.jpg,axial,False
archive_v2/Testing\glioma\Te-gl_240.jpg,axial,False
archive_v2/Testing\glioma\Te-gl_241.jpg,axial,False
archive_v2/Testing\glioma\Te-gl_242.jpg,axial,False
archive_v2/Testing\glioma\Te-gl_243.jpg,axial,False
archive_v2/Testing\glioma\Te-gl_244.jpg,axial,False
archive_v2/Testing\glioma\Te-gl_245.jpg,axial,False
archive_v2/Testing\glioma\Te-gl_246.jpg,axial,False
archive_v2/Testing\glioma\Te-gl_247.jpg,axial,False
archive_v2/Testing\glioma\Te-gl_248.jpg,axial,False
archive_v2/Testing\glioma\Te-gl_249.jpg,axial,False
archive_v2/Testing\glioma\Te-gl_25.jpg,axial,False
archive_v2/Testing\glioma\Te-gl_250.jpg,axial,False
archive_v2/Testing\glioma\Te-gl_251.jpg,axial,False
archive_v2/Testing\glioma\Te-gl_252.jpg,axial,False
archive_v2/Testing\glioma\Te-gl_253.jpg,axial,False
archive_v2/Testing\glioma\Te-gl_254.jpg,axial,False
archive_v2/Testing\glioma\Te-gl_255.jpg,axial,False
archive_v2/Testing\glioma\Te-gl_256.jpg,axial,False
archive_v2/Testing\glioma\Te-gl_257.jpg,axial,False
archive_v2/Testing\glioma\Te-gl_258.jpg,axial,False
archive_v2/Testing\glioma\Te-gl_259.jpg,axial,False
archive_v2/Testing\glioma\Te-gl_26.jpg,axial,False
archive_v2/Testing\glioma\Te-gl_260.jpg,axial,False
archive_v2/Testing\glioma\Te-gl_261.jpg,axial,False
archive_v2/Testing\glioma\Te-gl_262.jpg,axial,False
archive_v2/Testing\glioma\Te-gl_263.jpg,axial,False
archive_v2/Testing\glioma\Te-gl_264.jpg,axial,False
archive_v2/Testing\glioma\Te-gl_265.jpg,axial,False
archive_v2/Testing\glioma\Te-gl_266.jpg,axial,False
archive_v2/Testing\glioma\Te-gl_267.jpg,axial,False
archive_v2/Testing\glioma\Te-gl_268.jpg,axial,False
archive_v2/Testing\glioma\Te-gl_269.jpg,axial,False
archive_v2/Testing\glioma\Te-gl_27.jpg,axial,False
archive_v2/Testing\glioma\Te-gl_270.jpg,axial,False
archive_v2/Testing\glioma\Te-gl_271.jpg,axial,False
archive_v2/Testing\glioma\Te-gl_272.jpg,axial,False
archive_v2/Testing\glioma\Te-gl_273.jpg,axial,False
archive_v2/Testing\glioma\Te-gl_274.jpg,axial,False
archive_v2/Testing\glioma\Te-gl_275.jpg,axial,False
archive_v2/Testing\glioma\Te-gl_276.jpg,axial,False
archive_v2/Testing\glioma\Te-gl_277.jpg,axial,False
archive_v2/Testing\glioma\Te-gl_278.jpg,axial,False
archive_v2/Testing\glioma\Te-gl_279.jpg,axial,False
archive_v2/Testing\glioma\Te-gl_28.jpg,axial,False
archive_v2/Testing\glioma\Te-gl_280.jpg,axial,False
archive_v2/Testing\glioma\Te-gl_281.jpg,axial,False
archive_v2/Testing\glioma\Te-gl_282.jpg,axial,False
archive_v2/Testing\glioma\Te-gl_283.jpg,axial,False
archive_v2/Testing\glioma\Te-gl_284.jpg,axial,False
archive_v2/Testing\glioma\Te-gl_285.jpg,axial,False
archive_v2/Testing\glioma\Te-gl_286.jpg,axial,False
archive_v2/Testing\glioma\Te-gl_287.jpg,axial,False
archive_v2/Testing\glioma\Te-gl_288.jpg,axial,False
archive_v2/Testing\glioma\Te-gl_289.jpg,axial,False
archive_v2/Testing\glioma\Te-gl_29.jpg,axial,False
archive_v2/Testing\glioma\Te-gl_290.jpg,axial,False
archive_v2/Testing\glioma\Te-gl_291.jpg,axial,False
archive_v2/Testing\glioma\Te-gl_292.jpg,axial,False
archive_v2/Testing\glioma\Te-gl_293.jpg,axial,False
archive_v2/Testing\glioma\Te-gl_294.jpg,axial,False
archive_v2/Testing\glioma\Te-gl_295.jpg,axial,False
archive_v2/Testing\glioma\Te-gl_296.jpg,axial,False
archive_v2/Testing\glioma\Te-gl_297.jpg,axial,False
archive_v2/Testing\glioma\Te-gl_298.jpg,axial,False
archive_v2/Testing\glioma\Te-gl_299.jpg,axial,False
archive_v2/Testing\glioma\Te-gl_3.jpg,axial,False
archive_v2/Testing\glioma\Te-gl_30.jpg,axial,False
archive_v2/Testing\glioma\Te-gl_300.jpg,axial,False
archive_v2/Testing\glioma\Te-gl_301.jpg,axial,False
archive_v2/Testing\glioma\Te-gl_302.jpg,axial,False
archive_v2/Testing\glioma\Te-gl_303.jpg,axial,False
archive_v2/Testing\glioma\Te-gl_304.jpg,axial,False
archive_v2/Testing\glioma\Te-gl_305.jpg,axial,False
archive_v2/Testing\glioma\Te-gl_306.jpg,axial,False
archive_v2/Testing\glioma\Te-gl_307.jpg,axial,False
archive_v2/Testing\glioma\Te-gl_308.jpg,axial,False
archive_v2/Testing\glioma\Te-gl_309.jpg,axial,False
archive_v2/Testing\glioma\Te-gl_31.jpg,axial,False
archive_v2/Testing\glioma\Te-gl_310.jpg,axial,False
archive_v2/Testing\glioma\Te-gl_311.jpg,axial,False
archive_v2/Testing\glioma\Te-gl_312.jpg,axial,False
archive_v2/Testing\glioma\Te-gl_313.jpg,axial,False
archive_v2/Testing\glioma\Te-gl_314.jpg,axial,False
archive_v2/Testing\glioma\Te-gl_315.jpg,axial,False
archive_v2/Testing\glioma\Te-gl_316.jpg,axial,False
archive_v2/Testing\glioma\Te-gl_317.jpg,axial,False
archive_v2/Testing\glioma\Te-gl_318.jpg,axial,False
archive_v2/Testing\glioma\Te-gl_319.jpg,axial,False
archive_v2/Testing\glioma\Te-gl_32.jpg,axial,False
archive_v2/Testing\glioma\Te-gl_320.jpg,axial,False
archive_v2/Testing\glioma\Te-gl_321.jpg,axial,False
archive_v2/Testing\glioma\Te-gl_322.jpg,axial,False
archive_v2/Testing\glioma\Te-gl_323.jpg,axial,False
archive_v2/Testing\glioma\Te-gl_324.jpg,axial,False
archive_v2/Testing\glioma\Te-gl_325.jpg,axial,False
archive_v2/Testing\glioma\Te-gl_326.jpg,axial,False
archive_v2/Testing\glioma\Te-gl_327.jpg,axial,False
archive_v2/Testing\glioma\Te-gl_328.jpg,axial,False
archive_v2/Testing\glioma\Te-gl_329.jpg,axial,False
archive_v2/Testing\glioma\Te-gl_33.jpg,axial,False
archive_v2/Testing\glioma\Te-gl_330.jpg,axial,False
archive_v2/Testing\glioma\Te-gl_331.jpg,axial,False
archive_v2/Testing\glioma\Te-gl_332.jpg,axial,False
archive_v2/Testing\glioma\Te-gl_333.jpg,axial,False
archive_v2/Testing\glioma\Te-gl_334.jpg,axial,False
archive_v2/Testing\glioma\Te-gl_335.jpg,axial,False
archive_v2/Testing\glioma\Te-gl_336.jpg,axial,False
archive_v2/Testing\glioma\Te-gl_337.jpg,axial,False
archive_v2/Testing\glioma\Te-gl_338.jpg,axial,False
archive_v2/Testing\glioma\Te-gl_339.jpg,axial,False
archive_v2/Testing\glioma\Te-gl_34.jpg,axial,False
archive_v2/Testing\glioma\Te-gl_340.jpg,axial,False
archive_v2/Testing\glioma\Te-gl_341.jpg,axial,False
archive_v2/Testing\glioma\Te-gl_342.jpg,axial,False
archive_v2/Testing\glioma\Te-gl_343.jpg,axial,False
archive_v2/Testing\glioma\Te-gl_344.jpg,axial,False
archive_v2/Testing\glioma\Te-gl_345.jpg,axial,False
archive_v2/Testing\glioma\Te-gl_346.jpg,axial,False
archive_v2/Testing\glioma\Te-gl_347.jpg,axial,False
archive_v2/Testing\glioma\Te-gl_348.jpg,axial,False
archive_v2/Testing\glioma\Te-gl_349.jpg,axial,False
archive_v2/Testing\glioma\Te-gl_35.jpg,axial,False
archive_v2/Testing\glioma\Te-gl_350.jpg,axial,False
archive_v2/Testing\glioma\Te-gl_351.jpg,axial,False
archive_v2/Testing\glioma\Te-gl_352.jpg,axial,False
archive_v2/Testing\glioma\Te-gl_353.jpg,axial,False
archive_v2/Testing\glioma\Te-gl_354.jpg,axial,False
archive_v2/Testing\glioma\Te-gl_355.jpg,axial,False
archive_v2/Testing\glioma\Te-gl_356.jpg,axial,False
archive_v2/Testing\glioma\Te-gl_357.jpg,axial,False
archive_v2/Testing\glioma\Te-gl_358.jpg,axial,False
archive_v2/Testing\glioma\Te-gl_359.jpg,axial,False
archive_v2/Testing\glioma\Te-gl_36.jpg,axial,False
archive_v2/Testing\glioma\Te-gl_360.jpg,axial,False
archive_v2/Testing\glioma\Te-gl_361.jpg,axial,False
archive_v2/Testing\glioma\Te-gl_362.jpg,axial,False
archive_v2/Testing\glioma\Te-gl_363.jpg,axial,False
archive_v2/Testing\glioma\Te-gl_364.jpg,axial,False
archive_v2/Testing\glioma\Te-gl_365.jpg,axial,False
archive_v2/Testing\glioma\Te-gl_366.jpg,axial,False
archive_v2/Testing\glioma\Te-gl_367.jpg,axial,False
archive_v2/Testing\glioma\Te-gl_368.jpg,axial,False
archive_v2/Testing\glioma\Te-gl_369.jpg,axial,False
archive_v2/Testing\glioma\Te-gl_37.jpg,axial,False
archive_v2/Testing\glioma\Te-gl_370.jpg,axial,False
archive_v2/Testing\glioma\Te-gl_371.jpg,axial,False
archive_v2/Testing\glioma\Te-gl_372.jpg,axial,False
archive_v2/Testing\glioma\Te-gl_373.jpg,axial,False
archive_v2/Testing\glioma\Te-gl_374.jpg,axial,False
archive_v2/Testing\glioma\Te-gl_375.jpg,axial,False
archive_v2/Testing\glioma\Te-gl_376.jpg,axial,False
archive_v2/Testing\glioma\Te-gl_377.jpg,axial,False
archive_v2/Testing\glioma\Te-gl_378.jpg,axial,False
archive_v2/Testing\glioma\Te-gl_379.jpg,axial,False
archive_v2/Testing\glioma\Te-gl_38.jpg,axial,False
archive_v2/Testing\glioma\Te-gl_380.jpg,axial,False
archive_v2/Testing\glioma\Te-gl_381.jpg,axial,False
archive_v2/Testing\glioma\Te-gl_382.jpg,axial,False
archive_v2/Testing\glioma\Te-gl_383.jpg,axial,False
archive_v2/Testing\glioma\Te-gl_384.jpg,axial,False
archive_v2/Testing\glioma\Te-gl_385.jpg,axial,False
archive_v2/Testing\glioma\Te-gl_386.jpg,axial,False
archive_v2/Testing\glioma\Te-gl_387.jpg,axial,False
archive_v2/Testing\glioma\Te-gl_388.jpg,axial,False
archive_v2/Testing\glioma\Te-gl_389.jpg,axial,False
archive_v2/Testing\glioma\Te-gl_39.jpg,axial,False
archive_v2/Testing\glioma\Te-gl_390.jpg,axial,False
archive_v2/Testing\glioma\Te-gl_391.jpg,axial,False
archive_v2/Testing\glioma\Te-gl_392.jpg,axial,False
archive_v2/Testing\glioma\Te-gl_393.jpg,axial,False
archive_v2/Testing\glioma\Te-gl_394.jpg,axial,False
archive_v2/Testing\glioma\Te-gl_395.jpg,axial,False
archive_v2/Testing\glioma\Te-gl_396.jpg,axial,False
archive_v2/Testing\glioma\Te-gl_397.jpg,axial,False
archive_v2/Testing\glioma\Te-gl_398.jpg,axial,False
archive_v2/Testing\glioma\Te-gl_399.jpg,axial,False
archive_v2/Testing\glioma\Te-gl_4.jpg,axial,False
archive_v2/Testing\glioma\Te-gl_40.jpg,axial,False
archive_v2/Testing\glioma\Te-gl_400.jpg,axial,False
archive_v2/Testing\glioma\Te-gl_41.jpg,axial,False
archive_v2/Testing\glioma\Te-gl_42.jpg,axial,False
archive_v2/Testing\glioma\Te-gl_43.jpg,axial,False
archive_v2/Testing\glioma\Te-gl_44.jpg,axial,False
archive_v2/Testing\glioma\Te-gl_45.jpg,axial,False
archive_v2/Testing\glioma\Te-gl_46.jpg,axial,False
archive_v2/Testing\glioma\Te-gl_47.jpg,axial,False
archive_v2/Testing\glioma\Te-gl_48.jpg,axial,False
archive_v2/Testing\glioma\Te-gl_49.jpg,axial,False
archive_v2/Testing\glioma\Te-gl_5.jpg,axial,False
archive_v2/Testing\glioma\Te-gl_50.jpg,axial,False
archive_v2/Testing\glioma\Te-gl_51.jpg,axial,False
archive_v2/Testing\glioma\Te-gl_52.jpg,axial,False
archive_v2/Testing\glioma\Te-gl_53.jpg,axial,False
archive_v2/Testing\glioma\Te-gl_54.jpg,axial,False
archive_v2/Testing\glioma\Te-gl_55.jpg,axial,False
archive_v2/Testing\glioma\Te-gl_56.jpg,axial,False
archive_v2/Testing\glioma\Te-gl_57.jpg,axial,False
archive_v2/Testing\glioma\Te-gl_58.jpg,axial,False
archive_v2/Testing\glioma\Te-gl_59.jpg,axial,False
archive_v2/Testing\glioma\Te-gl_6.jpg,axial,False
archive_v2/Testing\glioma\Te-gl_60.jpg,axial,False
archive_v2/Testing\glioma\Te-gl_61.jpg,axial,False
archive_v2/Testing\glioma\Te-gl_62.jpg,axial,False
archive_v2/Testing\glioma\Te-gl_63.jpg,axial,False
archive_v2/Testing\glioma\Te-gl_64.jpg,axial,False
archive_v2/Testing\glioma\Te-gl_65.jpg,axial,False
archive_v2/Testing\glioma\Te-gl_66.jpg,axial,False
archive_v2/Testing\glioma\Te-gl_67.jpg,axial,False
archive_v2/Testing\glioma\Te-gl_68.jpg,axial,False
archive_v2/Testing\glioma\Te-gl_69.jpg,axial,False
archive_v2/Testing\glioma\Te-gl_7.jpg,axial,False
archive_v2/Testing\glioma\Te-gl_70.jpg,axial,False
archive_v2/Testing\glioma\Te-gl_71.jpg,axial,False
archive_v2/Testing\glioma\Te-gl_72.jpg,axial,False
archive_v2/Testing\glioma\Te-gl_73.jpg,axial,False
archive_v2/Testing\glioma\Te-gl_74.jpg,axial,False
archive_v2/Testing\glioma\Te-gl_75.jpg,axial,False
archive_v2/Testing\glioma\Te-gl_76.jpg,axial,False
archive_v2/Testing\glioma\Te-gl_77.jpg,axial,False
archive_v2/Testing\glioma\Te-gl_78.jpg,axial,False
archive_v2/Testing\glioma\Te-gl_79.jpg,axial,False
archive_v2/Testing\glioma\Te-gl_8.jpg,axial,False
archive_v2/Testing\glioma\Te-gl_80.jpg,axial,False
archive_v2/Testing\glioma\Te-gl_81.jpg,axial,False
archive_v2/Testing\glioma\Te-gl_82.jpg,axial,False
archive_v2/Testing\glioma\Te-gl_83.jpg,axial,False
archive_v2/Testing\glioma\Te-gl_84.jpg,axial,False
archive_v2/Testing\glioma\Te-gl_85.jpg,axial,False
archive_v2/Testing\glioma\Te-gl_86.jpg,axial,False
archive_v2/Testing\glioma\Te-gl_87.jpg,axial,False
archive_v2/Testing\glioma\Te-gl_88.jpg,axial,False
archive_v2/Testing\glioma\Te-gl_89.jpg,axial,False
archive_v2/Testing\glioma\Te-gl_9.jpg,axial,False
archive_v2/Testing\glioma\Te-gl_90.jpg,axial,False
archive_v2/Testing\glioma\Te-gl_91.jpg,axial,False
archive_v2/Testing\glioma\Te-gl_92.jpg,axial,False
archive_v2/Testing\glioma\Te-gl_93.jpg,axial,False
archive_v2/Testing\glioma\Te-gl_94.jpg,axial,False
archive_v2/Testing\glioma\Te-gl_95.jpg,axial,False
archive_v2/Testing\glioma\Te-gl_96.jpg,axial,False
archive_v2/Testing\glioma\Te-gl_97.jpg,axial,False
archive_v2/Testing\glioma\Te-gl_98.jpg,axial,False
archive_v2/Testing\glioma\Te-gl_99.jpg,axial,False
archive_v2/Testing\meningioma\meningioma_TT_0004.jpg,unknown,True
archive_v2/Testing\meningioma\meningioma_TT_0014.jpg,unknown,True
archive_v2/Testing\meningioma\meningioma_TT_0015.jpg,unknown,True
archive_v2/Testing\meningioma\meningioma_TT_0021.jpg,unknown,True
archive_v2/Testing\meningioma\meningioma_TT_0022.jpg,unknown,True
archive_v2/Testing\meningioma\meningioma_TT_0025.jpg,unknown,True
archive_v2/Testing\meningioma\meningioma_TT_0028.jpg,unknown,True
archive_v2/Testing\meningioma\meningioma_TT_0030.jpg,unknown,True
archive_v2/Testing\meningioma\meningioma_TT_0031.jpg,unknown,True
archive_v2/Testing\meningioma\meningioma_TT_0032.jpg,unknown,True
archive_v2/Testing\meningioma\meningioma_TT_0033.jpg,unknown,True
archive_v2/Testing\meningioma\meningioma_TT_0036.jpg,unknown,True
archive_v2/Testing\meningioma\meningioma_TT_0038.jpg,unknown,True
archive_v2/Testing\meningioma\meningioma_TT_0043.jpg,unknown,True
archive_v2/Testing\meningioma\meningioma_TT_0046.jpg,unknown,True
archive_v2/Testing\meningioma\meningioma_TT_0050.jpg,unknown,True
archive_v2/Testing\meningioma\meningioma_TT_0055.jpg,unknown,True
archive_v2/Testing\meningioma\meningioma_TT_0061.jpg,unknown,True
archive_v2/Testing\meningioma\meningioma_TT_0062.jpg,unknown,True
archive_v2/Testing\meningioma\meningioma_TT_0069.jpg,unknown,True
archive_v2/Testing\meningioma\meningioma_TT_0072.jpg,unknown,True
archive_v2/Testing\meningioma\meningioma_TT_0085.jpg,unknown,True
archive_v2/Testing\meningioma\meningioma_TT_0087.jpg,unknown,True
archive_v2/Testing\meningioma\meningioma_TT_0092.jpg,unknown,True
archive_v2/Testing\meningioma\meningioma_TT_0108.jpg,unknown,True
archive_v2/Testing\meningioma\meningioma_TT_0113.jpg,unknown,True
archive_v2/Testing\meningioma\meningioma_TT_0114.jpg,unknown,True
archive_v2/Testing\meningioma\meningioma_TT_0115.jpg,unknown,True
archive_v2/Testing\meningioma\meningioma_TT_0125.jpg,unknown,True
archive_v2/Testing\meningioma\meningioma_TT_0126.jpg,unknown,True
archive_v2/Testing\meningioma\meningioma_TT_0129.jpg,unknown,True
archive_v2/Testing\meningioma\meningioma_TT_0139.jpg,unknown,True
archive_v2/Testing\meningioma\meningioma_TT_0141.jpg,unknown,True
archive_v2/Testing\meningioma\meningioma_TT_0152.jpg,unknown,True
archive_v2/Testing\meningioma\meningioma_TT_0158.jpg,unknown,True
archive_v2/Testing\meningioma\meningioma_TT_0161.jpg,unknown,True
archive_v2/Testing\meningioma\meningioma_TT_0163.jpg,unknown,True
archive_v2/Testing\meningioma\meningioma_TT_0167.jpg,unknown,True
archive_v2/Testing\meningioma\meningioma_TT_0173.jpg,unknown,True
archive_v2/Testing\meningioma\meningioma_TT_0176.jpg,unknown,True
archive_v2/Testing\meningioma\meningioma_TT_0177.jpg,unknown,True
archive_v2/Testing\meningioma\meningioma_TT_0190.jpg,unknown,True
archive_v2/Testing\meningioma\meningioma_TT_0193.jpg,unknown,True
archive_v2/Testing\meningioma\meningioma_TT_0199.jpg,unknown,True
archive_v2/Testing\meningioma\meningioma_TT_0203.jpg,unknown,True
archive_v2/Testing\meningioma\meningioma_TT_0214.jpg,unknown,True
archive_v2/Testing\meningioma\meningioma_TT_0247.jpg,unknown,True
archive_v2/Testing\meningioma\meningioma_TT_0249.jpg,unknown,True
archive_v2/Testing\meningioma\meningioma_TT_0251.jpg,unknown,True
archive_v2/Testing\meningioma\meningioma_TT_0252.jpg,unknown,True
archive_v2/Testing\meningioma\meningioma_TT_0259.jpg,unknown,True
archive_v2/Testing\meningioma\meningioma_TT_0262.jpg,unknown,True
archive_v2/Testing\meningioma\meningioma_TT_0273.jpg,unknown,True
archive_v2/Testing\meningioma\meningioma_TT_0277.jpg,unknown,True
archive_v2/Testing\meningioma\meningioma_TT_0279.jpg,unknown,True
archive_v2/Testing\meningioma\meningioma_TT_0285.jpg,unknown,True
archive_v2/Testing\meningioma\meningioma_TT_0286.jpg,unknown,True
archive_v2/Testing\meningioma\meningioma_TT_0289.jpg,unknown,True
archive_v2/Testing\meningioma\meningioma_TT_0297.jpg,unknown,True
archive_v2/Testing\meningioma\meningioma_TT_0299.jpg,unknown,True
archive_v2/Testing\meningioma\meningioma_TT_0301.jpg,unknown,True
archive_v2/Testing\meningioma\meningioma_TT_0303.jpg,unknown,True
archive_v2/Testing\meningioma\meningioma_TT_0310.jpg,unknown,True
archive_v2/Testing\meningioma\meningioma_TT_0311.jpg,unknown,True
archive_v2/Testing\meningioma\meningioma_TT_0312.jpg,unknown,True
archive_v2/Testing\meningioma\meningioma_TT_0316.jpg,unknown,True
archive_v2/Testing\meningioma\meningioma_TT_0317.jpg,unknown,True
archive_v2/Testing\meningioma\meningioma_TT_0320.jpg,unknown,True
archive_v2/Testing\meningioma\meningioma_TT_0328.jpg,unknown,True
archive_v2/Testing\meningioma\meningioma_TT_0331.jpg,unknown,True
archive_v2/Testing\meningioma\meningioma_TT_0333.jpg,unknown,True
archive_v2/Testing\meningioma\meningioma_TT_0340.jpg,unknown,True
archive_v2/Testing\meningioma\meningioma_TT_0341.jpg,unknown,True
archive_v2/Testing\meningioma\meningioma_TT_0344.jpg,unknown,True
archive_v2/Testing\meningioma\meningioma_TT_0361.jpg,unknown,True
archive_v2/Testing\meningioma\meningioma_TT_0367.jpg,unknown,True
archive_v2/Testing\meningioma\meningioma_TT_0376.jpg,unknown,True
archive_v2/Testing\meningioma\meningioma_TT_0378.jpg,unknown,True
archive_v2/Testing\meningioma\meningioma_TT_0384.jpg,unknown,True
archive_v2/Testing\meningioma\meningioma_TT_0390.jpg,unknown,True
archive_v2/Testing\meningioma\meningioma_TT_0396.jpg,unknown,True
archive_v2/Testing\meningioma\meningioma_TT_0400.jpg,unknown,True
archive_v2/Testing\meningioma\meningioma_TT_0401.jpg,unknown,True
archive_v2/Testing\meningioma\meningioma_TT_0406.jpg,unknown,True
archive_v2/Testing\meningioma\meningioma_TT_0413.jpg,unknown,True
archive_v2/Testing\meningioma\meningioma_TT_0420.jpg,unknown,True
archive_v2/Testing\meningioma\meningioma_TT_0428.jpg,unknown,True
archive_v2/Testing\meningioma\meningioma_TT_0438.jpg,unknown,True
archive_v2/Testing\meningioma\meningioma_TT_0441.jpg,unknown,True
archive_v2/Testing\meningioma\meningioma_TT_0444.jpg,unknown,True
archive_v2/Testing\meningioma\meningioma_TT_0445.jpg,unknown,True
archive_v2/Testing\meningioma\meningioma_TT_0449.jpg,unknown,True
archive_v2/Testing\meningioma\meningioma_TT_0452.jpg,unknown,True
archive_v2/Testing\meningioma\meningioma_TT_0463.jpg,unknown,True
archive_v2/Testing\meningioma\meningioma_TT_0471.jpg,unknown,True
archive_v2/Testing\meningioma\meningioma_TT_0473.jpg,unknown,True
archive_v2/Testing\meningioma\meningioma_TT_0475.jpg,unknown,True
archive_v2/Testing\meningioma\meningioma_TT_0477.jpg,unknown,True
archive_v2/Testing\meningioma\meningioma_TT_0478.jpg,unknown,True
archive_v2/Testing\meningioma\meningioma_TT_0479.jpg,unknown,True
archive_v2/Testing\meningioma\meningioma_TT_0480.jpg,unknown,True
archive_v2/Testing\meningioma\meningioma_TT_0484.jpg,unknown,True
archive_v2/Testing\meningioma\meningioma_TT_0485.jpg,unknown,True
archive_v2/Testing\meningioma\meningioma_TT_0486.jpg,unknown,True
archive_v2/Testing\meningioma\meningioma_TT_0497.jpg,unknown,True
archive_v2/Testing\meningioma\meningioma_TT_0501.jpg,unknown,True
archive_v2/Testing\meningioma\meningioma_TT_0504.jpg,unknown,True
archive_v2/Testing\meningioma\meningioma_TT_0506.jpg,unknown,True
archive_v2/Testing\meningioma\meningioma_TT_0508.jpg,unknown,True
archive_v2/Testing\meningioma\meningioma_TT_0512.jpg,unknown,True
archive_v2/Testing\meningioma\meningioma_TT_0513.jpg,unknown,True
archive_v2/Testing\meningioma\meningioma_TT_0520.jpg,unknown,True
archive_v2/Testing\meningioma\meningioma_TT_0537.jpg,unknown,True
archive_v2/Testing\meningioma\meningioma_TT_0538.jpg,unknown,True
archive_v2/Testing\meningioma\meningioma_TT_0544.jpg,unknown,True
archive_v2/Testing\meningioma\meningioma_TT_0546.jpg,unknown,True
archive_v2/Testing\meningioma\meningioma_TT_0548.jpg,unknown,True
archive_v2/Testing\meningioma\meningioma_TT_0554.jpg,unknown,True
archive_v2/Testing\meningioma\meningioma_TT_0556.jpg,unknown,True
archive_v2/Testing\meningioma\meningioma_TT_0560.jpg,unknown,True
archive_v2/Testing\meningioma\meningioma_TT_0565.jpg,unknown,True
archive_v2/Testing\meningioma\meningioma_TT_0574.jpg,unknown,True
archive_v2/Testing\meningioma\meningioma_TT_0576.jpg,unknown,True
archive_v2/Testing\meningioma\meningioma_TT_0582.jpg,unknown,True
archive_v2/Testing\meningioma\meningioma_TT_0585.jpg,unknown,True
archive_v2/Testing\meningioma\meningioma_TT_0591.jpg,unknown,True
archive_v2/Testing\meningioma\meningioma_TT_0595.jpg,unknown,True
archive_v2/Testing\meningioma\meningioma_TT_0599.jpg,unknown,True
archive_v2/Testing\meningioma\meningioma_TT_0628.jpg,unknown,True
archive_v2/Testing\meningioma\meningioma_TT_0632.jpg,unknown,True
archive_v2/Testing\meningioma\meningioma_TT_0633.jpg,unknown,True
archive_v2/Testing\meningioma\meningioma_TT_0634.jpg,unknown,True
archive_v2/Testing\meningioma\meningioma_TT_0636.jpg,unknown,True
archive_v2/Testing\meningioma\meningioma_TT_0647.jpg,unknown,True
archive_v2/Testing\meningioma\meningioma_TT_0650.jpg,unknown,True
archive_v2/Testing\meningioma\meningioma_TT_0662.jpg,unknown,True
archive_v2/Testing\meningioma\meningioma_TT_0664.jpg,unknown,True
archive_v2/Testing\meningioma\meningioma_TT_0669.jpg,unknown,True
archive_v2/Testing\meningioma\meningioma_TT_0683.jpg,unknown,True
archive_v2/Testing\meningioma\meningioma_TT_0684.jpg,unknown,True
archive_v2/Testing\meningioma\meningioma_TT_0690.jpg,unknown,True
archive_v2/Testing\meningioma\meningioma_TT_0691.jpg,unknown,True
archive_v2/Testing\meningioma\meningioma_TT_0696.jpg,unknown,True
archive_v2/Testing\meningioma\meningioma_TT_0698.jpg,unknown,True
archive_v2/Testing\meningioma\meningioma_TT_0704.jpg,unknown,True
archive_v2/Testing\meningioma\meningioma_TT_0707.jpg,unknown,True
archive_v2/Testing\meningioma\meningioma_TT_0711.jpg,unknown,True
archive_v2/Testing\meningioma\meningioma_TT_0723.jpg,unknown,True
archive_v2/Testing\meningioma\meningioma_TT_0725.jpg,unknown,True
archive_v2/Testing\meningioma\meningioma_TT_0726.jpg,unknown,True
archive_v2/Testing\meningioma\meningioma_TT_0731.jpg,unknown,True
archive_v2/Testing\meningioma\meningioma_TT_0740.jpg,unknown,True
archive_v2/Testing\meningioma\meningioma_TT_0749.jpg,unknown,True
archive_v2/Testing\meningioma\meningioma_TT_0753.jpg,unknown,True
archive_v2/Testing\meningioma\meningioma_TT_0756.jpg,unknown,True
archive_v2/Testing\meningioma\meningioma_TT_0757.jpg,unknown,True
archive_v2/Testing\meningioma\meningioma_TT_0759.jpg,unknown,True
archive_v2/Testing\meningioma\meningioma_TT_0761.jpg,unknown,True
archive_v2/Testing\meningioma\meningioma_TT_0774.jpg,unknown,True
archive_v2/Testing\meningioma\meningioma_TT_0775.jpg,unknown,True
archive_v2/Testing\meningioma\meningioma_TT_0777.jpg,unknown,True
archive_v2/Testing\meningioma\meningioma_TT_0783.jpg,unknown,True
archive_v2/Testing\meningioma\meningioma_TT_0784.jpg,unknown,True
archive_v2/Testing\meningioma\meningioma_TT_0785.jpg,unknown,True
archive_v2/Testing\meningioma\meningioma_TT_0787.jpg,unknown,True
archive_v2/Testing\meningioma\meningioma_TT_0793.jpg,unknown,True
archive_v2/Testing\meningioma\meningioma_TT_0802.jpg,unknown,True
archive_v2/Testing\meningioma\meningioma_TT_0809.jpg,unknown,True
archive_v2/Testing\meningioma\meningioma_TT_0823.jpg,unknown,True
archive_v2/Testing\meningioma\meningioma_TT_0833.jpg,unknown,True
archive_v2/Testing\meningioma\meningioma_TT_0838.jpg,unknown,True
archive_v2/Testing\meningioma\meningioma_TT_0844.jpg,unknown,True
archive_v2/Testing\meningioma\meningioma_TT_0857.jpg,unknown,True
archive_v2/Testing\meningioma\meningioma_TT_0860.jpg,unknown,True
archive_v2/Testing\meningioma\meningioma_TT_0863.jpg,unknown,True
archive_v2/Testing\meningioma\meningioma_TT_0865.jpg,unknown,True
archive_v2/Testing\meningioma\meningioma_TT_0871.jpg,unknown,True
archive_v2/Testing\meningioma\meningioma_TT_0872.jpg,unknown,True
archive_v2/Testing\meningioma\meningioma_TT_0874.jpg,unknown,True
archive_v2/Testing\meningioma\meningioma_TT_0875.jpg,unknown,True
archive_v2/Testing\meningioma\meningioma_TT_0876.jpg,unknown,True
archive_v2/Testing\meningioma\meningioma_TT_0877.jpg,unknown,True
archive_v2/Testing\meningioma\meningioma_TT_0884.jpg,unknown,True
archive_v2/Testing\meningioma\meningioma_TT_0885.jpg,unknown,True
archive_v2/Testing\meningioma\meningioma_TT_0888.jpg,unknown,True
archive_v2/Testing\meningioma\meningioma_TT_0890.jpg,unknown,True
archive_v2/Testing\meningioma\meningioma_TT_0891.jpg,unknown,True
archive_v2/Testing\meningioma\meningioma_TT_0895.jpg,unknown,True
archive_v2/Testing\meningioma\meningioma_TT_0900.jpg,unknown,True
archive_v2/Testing\meningioma\meningioma_TT_0901.jpg,unknown,True
archive_v2/Testing\meningioma\meningioma_TT_0907.jpg,unknown,True
archive_v2/Testing\meningioma\meningioma_TT_0917.jpg,unknown,True
archive_v2/Testing\meningioma\meningioma_TT_0921.jpg,unknown,True
archive_v2/Testing\meningioma\meningioma_TT_0922.jpg,unknown,True
archive_v2/Testing\meningioma\meningioma_TT_0929.jpg,unknown,True
archive_v2/Testing\meningioma\meningioma_TT_0939.jpg,unknown,True
archive_v2/Testing\meningioma\meningioma_TT_0942.jpg,unknown,True
archive_v2/Testing\meningioma\meningioma_TT_0944.jpg,unknown,True
archive_v2/Testing\meningioma\meningioma_TT_0946.jpg,unknown,True
archive_v2/Testing\meningioma\meningioma_TT_0952.jpg,unknown,True
archive_v2/Testing\meningioma\meningioma_TT_0958.jpg,unknown,True
archive_v2/Testing\meningioma\meningioma_TT_0959.jpg,unknown,True
archive_v2/Testing\meningioma\meningioma_TT_0960.jpg,unknown,True
archive_v2/Testing\meningioma\meningioma_TT_0963.jpg,unknown,True
archive_v2/Testing\meningioma\meningioma_TT_0981.jpg,unknown,True
archive_v2/Testing\meningioma\meningioma_TT_0992.jpg,unknown,True
archive_v2/Testing\meningioma\meningioma_TT_1010.jpg,unknown,True
archive_v2/Testing\meningioma\meningioma_TT_1011.jpg,unknown,True
archive_v2/Testing\meningioma\meningioma_TT_1015.jpg,unknown,True
archive_v2/Testing\meningioma\meningioma_TT_1018.jpg,unknown,True
archive_v2/Testing\meningioma\meningioma_TT_1027.jpg,unknown,True
archive_v2/Testing\meningioma\meningioma_TT_1029.jpg,unknown,True
archive_v2/Testing\meningioma\meningioma_TT_1037.jpg,unknown,True
archive_v2/Testing\meningioma\meningioma_TT_1040.jpg,unknown,True
archive_v2/Testing\meningioma\meningioma_TT_1043.jpg,unknown,True
archive_v2/Testing\meningioma\meningioma_TT_1044.jpg,unknown,True
archive_v2/Testing\meningioma\meningioma_TT_1045.jpg,unknown,True
archive_v2/Testing\meningioma\meningioma_TT_1051.jpg,unknown,True
archive_v2/Testing\meningioma\meningioma_TT_1055.jpg,unknown,True
archive_v2/Testing\meningioma\meningioma_TT_1062.jpg,unknown,True
archive_v2/Testing\meningioma\meningioma_TT_1065.jpg,unknown,True
archive_v2/Testing\meningioma\meningioma_TT_1076.jpg,unknown,True
archive_v2/Testing\meningioma\meningioma_TT_1081.jpg,unknown,True
archive_v2/Testing\meningioma\meningioma_TT_1091.jpg,unknown,True
archive_v2/Testing\meningioma\meningioma_TT_1103.jpg,unknown,True
archive_v2/Testing\meningioma\meningioma_TT_1110.jpg,unknown,True
archive_v2/Testing\meningioma\meningioma_TT_1115.jpg,unknown,True
archive_v2/Testing\meningioma\meningioma_TT_1117.jpg,unknown,True
archive_v2/Testing\meningioma\meningioma_TT_1118.jpg,unknown,True
archive_v2/Testing\meningioma\meningioma_TT_1119.jpg,unknown,True
archive_v2/Testing\meningioma\meningioma_TT_1133.jpg,unknown,True
archive_v2/Testing\meningioma\meningioma_TT_1137.jpg,unknown,True
archive_v2/Testing\meningioma\meningioma_TT_1141.jpg,unknown,True
archive_v2/Testing\meningioma\meningioma_TT_1157.jpg,unknown,True
archive_v2/Testing\meningioma\meningioma_TT_1159.jpg,unknown,True
archive_v2/Testing\meningioma\meningioma_TT_1162.jpg,unknown,True
archive_v2/Testing\meningioma\meningioma_TT_1163.jpg,unknown,True
archive_v2/Testing\meningioma\meningioma_TT_1171.jpg,unknown,True
archive_v2/Testing\meningioma\meningioma_TT_1175.jpg,unknown,True
archive_v2/Testing\meningioma\meningioma_TT_1177.jpg,unknown,True
archive_v2/Testing\meningioma\meningioma_TT_1178.jpg,unknown,True
archive_v2/Testing\meningioma\meningioma_TT_1183.jpg,unknown,True
archive_v2/Testing\meningioma\meningioma_TT_1187.jpg,unknown,True
archive_v2/Testing\meningioma\meningioma_TT_1190.jpg,unknown,True
archive_v2/Testing\meningioma\meningioma_TT_1192.jpg,unknown,True
archive_v2/Testing\meningioma\meningioma_TT_1201.jpg,unknown,True
archive_v2/Testing\meningioma\meningioma_TT_1203.jpg,unknown,True
archive_v2/Testing\meningioma\meningioma_TT_1212.jpg,unknown,True
archive_v2/Testing\meningioma\meningioma_TT_1215.jpg,unknown,True
archive_v2/Testing\meningioma\meningioma_TT_1216.jpg,unknown,True
archive_v2/Testing\meningioma\meningioma_TT_1218.jpg,unknown,True
archive_v2/Testing\meningioma\meningioma_TT_1227.jpg,unknown,True
archive_v2/Testing\meningioma\meningioma_TT_1235.jpg,unknown,True
archive_v2/Testing\meningioma\meningioma_TT_1243.jpg,unknown,True
archive_v2/Testing\meningioma\meningioma_TT_1245.jpg,unknown,True
archive_v2/Testing\meningioma\meningioma_TT_1254.jpg,unknown,True
archive_v2/Testing\meningioma\meningioma_TT_1283.jpg,unknown,True
archive_v2/Testing\meningioma\meningioma_TT_1286.jpg,unknown,True
archive_v2/Testing\meningioma\meningioma_TT_1288.jpg,unknown,True
archive_v2/Testing\meningioma\meningioma_TT_1290.jpg,unknown,True
archive_v2/Testing\meningioma\meningioma_TT_1295.jpg,unknown,True
archive_v2/Testing\meningioma\meningioma_TT_1299.jpg,unknown,True
archive_v2/Testing\meningioma\meningioma_TT_1316.jpg,unknown,True
archive_v2/Testing\meningioma\meningioma_TT_1321.jpg,unknown,True
archive_v2/Testing\meningioma\meningioma_TT_1325.jpg,unknown,True
archive_v2/Testing\meningioma\meningioma_TT_1330.jpg,unknown,True
archive_v2/Testing\meningioma\meningioma_TT_1348.jpg,unknown,True
archive_v2/Testing\meningioma\meningioma_TT_1355.jpg,unknown,True
archive_v2/Testing\meningioma\meningioma_TT_1362.jpg,unknown,True
archive_v2/Testing\meningioma\meningioma_TT_1369.jpg,unknown,True
archive_v2/Testing\meningioma\meningioma_TT_1370.jpg,unknown,True
archive_v2/Testing\meningioma\meningioma_TT_1374.jpg,unknown,True
archive_v2/Testing\meningioma\meningioma_TT_1377.jpg,unknown,True
archive_v2/Testing\meningioma\meningioma_TT_1378.jpg,unknown,True
archive_v2/Testing\meningioma\meningioma_TT_1392.jpg,unknown,True
archive_v2/Testing\meningioma\meningioma_TT_1399.jpg,unknown,True
archive_v2/Testing\meningioma\meningioma_TT_1400.jpg,unknown,True
archive_v2/Testing\meningioma\meningioma_TT_1403.jpg,unknown,True
archive_v2/Testing\meningioma\meningioma_TT_1404.jpg,unknown,True
archive_v2/Testing\meningioma\meningioma_TT_1412.jpg,unknown,True
archive_v2/Testing\meningioma\meningioma_TT_1415.jpg,unknown,True
archive_v2/Testing\meningioma\meningioma_TT_1422.jpg,unknown,True
archive_v2/Testing\meningioma\meningioma_TT_1427.jpg,unknown,True
archive_v2/Testing\meningioma\meningioma_TT_1428.jpg,unknown,True
archive_v2/Testing\meningioma\meningioma_TT_1429.jpg,unknown,True
archive_v2/Testing\meningioma\meningioma_TT_1432.jpg,unknown,True
archive_v2/Testing\meningioma\meningioma_TT_1433.jpg,unknown,True
archive_v2/Testing\meningioma\meningioma_TT_1434.jpg,unknown,True
archive_v2/Testing\meningioma\meningioma_TT_1445.jpg,unknown,True
archive_v2/Testing\meningioma\meningioma_TT_1446.jpg,unknown,True
archive_v2/Testing\meningioma\meningioma_TT_1455.jpg,unknown,True
archive_v2/Testing\meningioma\meningioma_TT_1459.jpg,unknown,True
archive_v2/Testing\meningioma\meningioma_TT_1474.jpg,unknown,True
archive_v2/Testing\meningioma\meningioma_TT_1477.jpg,unknown,True
archive_v2/Testing\meningioma\meningioma_TT_1485.jpg,unknown,True
archive_v2/Testing\meningioma\meningioma_TT_1487.jpg,unknown,True
archive_v2/Testing\meningioma\meningioma_TT_1493.jpg,unknown,True
archive_v2/Testing\meningioma\meningioma_TT_1496.jpg,unknown,True
archive_v2/Testing\meningioma\meningioma_TT_1498.jpg,unknown,True
archive_v2/Testing\meningioma\meningioma_TT_1499.jpg,unknown,True
archive_v2/Testing\meningioma\meningioma_TT_1500.jpg,unknown,True
archive_v2/Testing\meningioma\meningioma_TT_1501.jpg,unknown,True
archive_v2/Testing\meningioma\meningioma_TT_1505.jpg,unknown,True
archive_v2/Testing\meningioma\meningioma_TT_1507.jpg,unknown,True
archive_v2/Testing\meningioma\meningioma_TT_1515.jpg,unknown,True
archive_v2/Testing\meningioma\meningioma_TT_1517.jpg,unknown,True
archive_v2/Testing\meningioma\meningioma_TT_1522.jpg,unknown,True
archive_v2/Testing\meningioma\meningioma_TT_1523.jpg,unknown,True
archive_v2/Testing\meningioma\meningioma_TT_1524.jpg,unknown,True
archive_v2/Testing\meningioma\meningioma_TT_1533.jpg,unknown,True
archive_v2/Testing\meningioma\meningioma_TT_1536.jpg,unknown,True
archive_v2/Testing\meningioma\meningioma_TT_1541.jpg,unknown,True
archive_v2/Testing\meningioma\meningioma_TT_1545.jpg,unknown,True
archive_v2/Testing\meningioma\meningioma_TT_1547.jpg,unknown,True
archive_v2/Testing\meningioma\meningioma_TT_1548.jpg,unknown,True
archive_v2/Testing\meningioma\meningioma_TT_1549.jpg,unknown,True
archive_v2/Testing\meningioma\meningioma_TT_1554.jpg,unknown,True
archive_v2/Testing\meningioma\meningioma_TT_1570.jpg,unknown,True
archive_v2/Testing\meningioma\meningioma_TT_1574.jpg,unknown,True
archive_v2/Testing\meningioma\meningioma_TT_1577.jpg,unknown,True
archive_v2/Testing\meningioma\meningioma_TT_1587.jpg,unknown,True
archive_v2/Testing\meningioma\meningioma_TT_1601.jpg,unknown,True
archive_v2/Testing\meningioma\meningioma_TT_1603.jpg,unknown,True
archive_v2/Testing\meningioma\meningioma_TT_1605.jpg,unknown,True
archive_v2/Testing\meningioma\meningioma_TT_1606.jpg,unknown,True
archive_v2/Testing\meningioma\meningioma_TT_1620.jpg,unknown,True
archive_v2/Testing\meningioma\meningioma_TT_1638.jpg,unknown,True
archive_v2/Testing\meningioma\meningioma_TT_1642.jpg,unknown,True
archive_v2/Testing\meningioma\meningioma_TT_1647.jpg,unknown,True
archive_v2/Testing\meningioma\meningioma_TT_1648.jpg,unknown,True
archive_v2/Testing\meningioma\meningioma_TT_1661.jpg,unknown,True
archive_v2/Testing\meningioma\meningioma_TT_1667.jpg,unknown,True
archive_v2/Testing\meningioma\meningioma_TT_1670.jpg,unknown,True
archive_v2/Testing\meningioma\meningioma_TT_1674.jpg,unknown,True
archive_v2/Testing\meningioma\meningioma_TT_1678.jpg,unknown,True
archive_v2/Testing\meningioma\meningioma_TT_1679.jpg,unknown,True
archive_v2/Testing\meningioma\meningioma_TT_1686.jpg,unknown,True
archive_v2/Testing\meningioma\meningioma_TT_1697.jpg,unknown,True
archive_v2/Testing\meningioma\meningioma_TT_1704.jpg,unknown,True
archive_v2/Testing\meningioma\meningioma_TT_1713.jpg,unknown,True
archive_v2/Testing\meningioma\meningioma_TT_1714.jpg,unknown,True
archive_v2/Testing\meningioma\meningioma_TT_1724.jpg,unknown,True
archive_v2/Testing\meningioma\meningioma_TT_1736.jpg,unknown,True
archive_v2/Testing\meningioma\meningioma_TT_1737.jpg,unknown,True
archive_v2/Testing\meningioma\meningioma_TT_1755.jpg,unknown,True
archive_v2/Testing\meningioma\meningioma_TT_1757.jpg,unknown,True
archive_v2/Testing\meningioma\meningioma_TT_1759.jpg,unknown,True
archive_v2/Testing\meningioma\meningioma_TT_1760.jpg,unknown,True
archive_v2/Testing\meningioma\meningioma_TT_1764.jpg,unknown,True
archive_v2/Testing\meningioma\meningioma_TT_1773.jpg,unknown,True
archive_v2/Testing\meningioma\meningioma_TT_1774.jpg,unknown,True
archive_v2/Testing\meningioma\meningioma_TT_1788.jpg,unknown,True
archive_v2/Testing\meningioma\meningioma_TT_1789.jpg,unknown,True
archive_v2/Testing\meningioma\meningioma_TT_1791.jpg,unknown,True
archive_v2/Testing\meningioma\meningioma_TT_1792.jpg,unknown,True
archive_v2/Testing\meningioma\meningioma_TT_1794.jpg,unknown,True
archive_v2/Testing\meningioma\meningioma_TT_1799.jpg,unknown,True
archive_v2/Testing\meningioma\meningioma_TT_1812.jpg,unknown,True
archive_v2/Testing\meningioma\meningioma_TT_1824.jpg,unknown,True
archive_v2/Testing\meningioma\meningioma_TT_1846.jpg,unknown,True
archive_v2/Testing\meningioma\meningioma_TT_1854.jpg,unknown,True
archive_v2/Testing\meningioma\meningioma_TT_1856.jpg,unknown,True
archive_v2/Testing\meningioma\meningioma_TT_1861.jpg,unknown,True
archive_v2/Testing\meningioma\meningioma_TT_1863.jpg,unknown,True
archive_v2/Testing\meningioma\meningioma_TT_1865.jpg,unknown,True
archive_v2/Testing\meningioma\meningioma_TT_1866.jpg,unknown,True
archive_v2/Testing\meningioma\meningioma_TT_1870.jpg,unknown,True
archive_v2/Testing\meningioma\meningioma_TT_1872.jpg,unknown,True
archive_v2/Testing\meningioma\meningioma_TT_1874.jpg,unknown,True
archive_v2/Testing\meningioma\meningioma_TT_1883.jpg,unknown,True
archive_v2/Testing\meningioma\meningioma_TT_1892.jpg,unknown,True
archive_v2/Testing\meningioma\meningioma_TT_1896.jpg,unknown,True
archive_v2/Testing\meningioma\meningioma_TT_1916.jpg,unknown,True
archive_v2/Testing\meningioma\meningioma_TT_1917.jpg,unknown,True
archive_v2/Testing\meningioma\meningioma_TT_1922.jpg,unknown,True
archive_v2/Testing\meningioma\meningioma_TT_1926.jpg,unknown,True
archive_v2/Testing\meningioma\meningioma_TT_1927.jpg,unknown,True
archive_v2/Testing\meningioma\meningioma_TT_1931.jpg,unknown,True
archive_v2/Testing\meningioma\meningioma_TT_1942.jpg,unknown,True
archive_v2/Testing\meningioma\meningioma_TT_1943.jpg,unknown,True
archive_v2/Testing\meningioma\meningioma_TT_1946.jpg,unknown,True
archive_v2/Testing\meningioma\meningioma_TT_1949.jpg,unknown,True
archive_v2/Testing\meningioma\meningioma_TT_1957.jpg,unknown,True
archive_v2/Testing\meningioma\meningioma_TT_1967.jpg,unknown,True
archive_v2/Testing\meningioma\meningioma_TT_1969.jpg,unknown,True
archive_v2/Testing\meningioma\meningioma_TT_1970.jpg,unknown,True
archive_v2/Testing\meningioma\meningioma_TT_1971.jpg,unknown,True
archive_v2/Testing\meningioma\meningioma_TT_1973.jpg,unknown,True
archive_v2/Testing\meningioma\meningioma_TT_1976.jpg,unknown,True
archive_v2/Testing\meningioma\meningioma_TT_1979.jpg,unknown,True
archive_v2/Testing\meningioma\meningioma_TT_1980.jpg,unknown,True
archive_v2/Testing\meningioma\meningioma_TT_1982.jpg,unknown,True
archive_v2/Testing\meningioma\meningioma_TT_1983.jpg,unknown,True
archive_v2/Testing\meningioma\meningioma_TT_1991.jpg,unknown,True
archive_v2/Testing\meningioma\meningioma_TT_1994.jpg,unknown,True
archive_v2/Testing\meningioma\meningioma_TT_1998.jpg,unknown,True
archive_v2/Testing\meningioma\meningioma_TT_1999.jpg,unknown,True
archive_v2/Testing\meningioma\meningioma_TT_2003.jpg,unknown,True
archive_v2/Testing\meningioma\meningioma_TT_2026.jpg,unknown,True
archive_v2/Testing\meningioma\meningioma_TT_2028.jpg,unknown,True
archive_v2/Testing\meningioma\meningioma_TT_2029.jpg,unknown,True
archive_v2/Testing\meningioma\meningioma_TT_2030.jpg,unknown,True
archive_v2/Testing\meningioma\meningioma_TT_2032.jpg,unknown,True
archive_v2/Testing\meningioma\meningioma_TT_2036.jpg,unknown,True
archive_v2/Testing\meningioma\meningioma_TT_2040.jpg,unknown,True
archive_v2/Testing\meningioma\meningioma_TT_2043.jpg,unknown,True
archive_v2/Testing\meningioma\meningioma_TT_2047.jpg,unknown,True
archive_v2/Testing\meningioma\meningioma_TT_2049.jpg,unknown,True
archive_v2/Testing\meningioma\meningioma_TT_2053.jpg,unknown,True
archive_v2/Testing\meningioma\meningioma_TT_2063.jpg,unknown,True
archive_v2/Testing\meningioma\meningioma_TT_2068.jpg,unknown,True
archive_v2/Testing\meningioma\meningioma_TT_2069.jpg,unknown,True
archive_v2/Testing\meningioma\meningioma_TT_2070.jpg,unknown,True
archive_v2/Testing\meningioma\meningioma_TT_2075.jpg,unknown,True
archive_v2/Testing\meningioma\meningioma_TT_2079.jpg,unknown,True
archive_v2/Testing\meningioma\meningioma_TT_2091.jpg,unknown,True
archive_v2/Testing\meningioma\meningioma_TT_2092.jpg,unknown,True
archive_v2/Testing\meningioma\meningioma_TT_2096.jpg,unknown,True
archive_v2/Testing\meningioma\meningioma_TT_2098.jpg,unknown,True
archive_v2/Testing\meningioma\meningioma_TT_2105.jpg,unknown,True
archive_v2/Testing\meningioma\meningioma_TT_2122.jpg,unknown,True
archive_v2/Testing\meningioma\meningioma_TT_2123.jpg,unknown,True
archive_v2/Testing\meningioma\meningioma_TT_2127.jpg,unknown,True
archive_v2/Testing\meningioma\meningioma_TT_2134.jpg,unknown,True
archive_v2/Testing\meningioma\meningioma_TT_2145.jpg,unknown,True
archive_v2/Testing\meningioma\meningioma_TT_2148.jpg,unknown,True
archive_v2/Testing\meningioma\meningioma_TT_2152.jpg,unknown,True
archive_v2/Testing\meningioma\meningioma_TT_2155.jpg,unknown,True
archive_v2/Testing\meningioma\meningioma_TT_2158.jpg,unknown,True
archive_v2/Testing\meningioma\meningioma_TT_2164.jpg,unknown,True
archive_v2/Testing\meningioma\meningioma_TT_2175.jpg,unknown,True
archive_v2/Testing\meningioma\meningioma_TT_2176.jpg,unknown,True
archive_v2/Testing\meningioma\meningioma_TT_2185.jpg,unknown,True
archive_v2/Testing\meningioma\meningioma_TT_2188.jpg,unknown,True
archive_v2/Testing\meningioma\meningioma_TT_2191.jpg,unknown,True
archive_v2/Testing\meningioma\meningioma_TT_2193.jpg,unknown,True
archive_v2/Testing\meningioma\meningioma_TT_2197.jpg,unknown,True
archive_v2/Testing\meningioma\meningioma_TT_2200.jpg,unknown,True
archive_v2/Testing\meningioma\meningioma_TT_2206.jpg,unknown,True
archive_v2/Testing\meningioma\meningioma_TT_2209.jpg,unknown,True
archive_v2/Testing\meningioma\meningioma_TT_2211.jpg,unknown,True
archive_v2/Testing\meningioma\meningioma_TT_2222.jpg,unknown,True
archive_v2/Testing\meningioma\meningioma_TT_2224.jpg,unknown,True
archive_v2/Testing\meningioma\meningioma_TT_2228.jpg,unknown,True
archive_v2/Testing\meningioma\meningioma_TT_2229.jpg,unknown,True
archive_v2/Testing\meningioma\meningioma_TT_2243.jpg,unknown,True
archive_v2/Testing\meningioma\meningioma_TT_2247.jpg,unknown,True
archive_v2/Testing\meningioma\meningioma_TT_2251.jpg,unknown,True
archive_v2/Testing\meningioma\meningioma_TT_2255.jpg,unknown,True
archive_v2/Testing\meningioma\meningioma_TT_2262.jpg,unknown,True
archive_v2/Testing\meningioma\meningioma_TT_2263.jpg,unknown,True
archive_v2/Testing\meningioma\meningioma_TT_2284.jpg,unknown,True
archive_v2/Testing\meningioma\meningioma_TT_2286.jpg,unknown,True
archive_v2/Testing\meningioma\meningioma_TT_2289.jpg,unknown,True
archive_v2/Testing\meningioma\meningioma_TT_2292.jpg,unknown,True
archive_v2/Testing\meningioma\meningioma_TT_2294.jpg,unknown,True
archive_v2/Testing\meningioma\meningioma_TT_2296.jpg,unknown,True
archive_v2/Testing\meningioma\meningioma_TT_2299.jpg,unknown,True
archive_v2/Testing\meningioma\meningioma_TT_2303.jpg,unknown,True
archive_v2/Testing\meningioma\meningioma_TT_2309.jpg,unknown,True
archive_v2/Testing\meningioma\meningioma_TT_2310.jpg,unknown,True
archive_v2/Testing\meningioma\meningioma_TT_2312.jpg,unknown,True
archive_v2/Testing\meningioma\meningioma_TT_2316.jpg,unknown,True
archive_v2/Testing\meningioma\meningioma_TT_2325.jpg,unknown,True
archive_v2/Testing\meningioma\meningioma_TT_2328.jpg,unknown,True
archive_v2/Testing\meningioma\meningioma_TT_2331.jpg,unknown,True
archive_v2/Testing\meningioma\meningioma_TT_2332.jpg,unknown,True
archive_v2/Testing\meningioma\meningioma_TT_2335.jpg,unknown,True
archive_v2/Testing\meningioma\meningioma_TT_2337.jpg,unknown,True
archive_v2/Testing\meningioma\meningioma_TT_2342.jpg,unknown,True
archive_v2/Testing\meningioma\meningioma_TT_2343.jpg,unknown,True
archive_v2/Testing\meningioma\meningioma_TT_2347.jpg,unknown,True
archive_v2/Testing\meningioma\meningioma_TT_2357.jpg,unknown,True
archive_v2/Testing\meningioma\meningioma_TT_2359.jpg,unknown,True
archive_v2/Testing\meningioma\meningioma_TT_2365.jpg,unknown,True
archive_v2/Testing\meningioma\meningioma_TT_2371.jpg,unknown,True
archive_v2/Testing\meningioma\meningioma_TT_2374.jpg,unknown,True
archive_v2/Testing\meningioma\meningioma_TT_2385.jpg,unknown,True
archive_v2/Testing\meningioma\meningioma_TT_2387.jpg,unknown,True
archive_v2/Testing\meningioma\meningioma_TT_2398.jpg,unknown,True
archive_v2/Testing\meningioma\meningioma_TT_2400.jpg,unknown,True
archive_v2/Testing\meningioma\meningioma_TT_2401.jpg,unknown,True
archive_v2/Testing\meningioma\meningioma_TT_2403.jpg,unknown,True
archive_v2/Testing\meningioma\meningioma_TT_2409.jpg,unknown,True
archive_v2/Testing\meningioma\meningioma_TT_2411.jpg,unknown,True
archive_v2/Testing\meningioma\meningioma_TT_2419.jpg,unknown,True
archive_v2/Testing\meningioma\meningioma_TT_2422.jpg,unknown,True
archive_v2/Testing\meningioma\meningioma_TT_2437.jpg,unknown,True
archive_v2/Testing\meningioma\meningioma_TT_2439.jpg,unknown,True
archive_v2/Testing\meningioma\meningioma_TT_2444.jpg,unknown,True
archive_v2/Testing\meningioma\meningioma_TT_2445.jpg,unknown,True
archive_v2/Testing\meningioma\meningioma_TT_2452.jpg,unknown,True
archive_v2/Testing\meningioma\meningioma_TT_2456.jpg,unknown,True
archive_v2/Testing\meningioma\meningioma_TT_2457.jpg,unknown,True
archive_v2/Testing\meningioma\meningioma_TT_2458.jpg,unknown,True
archive_v2/Testing\meningioma\meningioma_TT_2463.jpg,unknown,True
archive_v2/Testing\meningioma\meningioma_TT_2486.jpg,unknown,True
archive_v2/Testing\meningioma\meningioma_TT_2489.jpg,unknown,True
archive_v2/Testing\meningioma\meningioma_TT_2494.jpg,unknown,True
archive_v2/Testing\meningioma\meningioma_TT_2500.jpg,unknown,True
archive_v2/Testing\meningioma\Te-aug-me_1.jpg,axial,False
archive_v2/Testing\meningioma\Te-aug-me_10.jpg,axial,False
archive_v2/Testing\meningioma\Te-aug-me_100.jpg,axial,False
archive_v2/Testing\meningioma\Te-aug-me_101.jpg,axial,False
archive_v2/Testing\meningioma\Te-aug-me_102.jpg,axial,False
archive_v2/Testing\meningioma\Te-aug-me_103.jpg,axial,False
archive_v2/Testing\meningioma\Te-aug-me_11.jpg,axial,False
archive_v2/Testing\meningioma\Te-aug-me_12.jpg,axial,False
archive_v2/Testing\meningioma\Te-aug-me_13.jpg,axial,False
archive_v2/Testing\meningioma\Te-aug-me_14.jpg,axial,False
archive_v2/Testing\meningioma\Te-aug-me_15.jpg,axial,False
archive_v2/Testing\meningioma\Te-aug-me_16.jpg,axial,False
archive_v2/Testing\meningioma\Te-aug-me_17.jpg,axial,False
archive_v2/Testing\meningioma\Te-aug-me_18.jpg,axial,False
archive_v2/Testing\meningioma\Te-aug-me_19.jpg,axial,False
archive_v2/Testing\meningioma\Te-aug-me_2.jpg,axial,False
archive_v2/Testing\meningioma\Te-aug-me_20.jpg,axial,False
archive_v2/Testing\meningioma\Te-aug-me_21.jpg,axial,False
archive_v2/Testing\meningioma\Te-aug-me_22.jpg,axial,False
archive_v2/Testing\meningioma\Te-aug-me_23.jpg,axial,False
archive_v2/Testing\meningioma\Te-aug-me_24.jpg,axial,False
archive_v2/Testing\meningioma\Te-aug-me_25.jpg,axial,False
archive_v2/Testing\meningioma\Te-aug-me_26.jpg,axial,False
archive_v2/Testing\meningioma\Te-aug-me_27.jpg,axial,False
archive_v2/Testing\meningioma\Te-aug-me_28.jpg,axial,False
archive_v2/Testing\meningioma\Te-aug-me_29.jpg,axial,False
archive_v2/Testing\meningioma\Te-aug-me_3.jpg,axial,False
archive_v2/Testing\meningioma\Te-aug-me_30.jpg,axial,False
archive_v2/Testing\meningioma\Te-aug-me_31.jpg,axial,False
archive_v2/Testing\meningioma\Te-aug-me_32.jpg,axial,False
archive_v2/Testing\meningioma\Te-aug-me_33.jpg,axial,False
archive_v2/Testing\meningioma\Te-aug-me_34.jpg,axial,False
archive_v2/Testing\meningioma\Te-aug-me_35.jpg,axial,False
archive_v2/Testing\meningioma\Te-aug-me_36.jpg,axial,False
archive_v2/Testing\meningioma\Te-aug-me_37.jpg,axial,False
archive_v2/Testing\meningioma\Te-aug-me_38.jpg,axial,False
archive_v2/Testing\meningioma\Te-aug-me_39.jpg,axial,False
archive_v2/Testing\meningioma\Te-aug-me_4.jpg,axial,False
archive_v2/Testing\meningioma\Te-aug-me_40.jpg,axial,False
archive_v2/Testing\meningioma\Te-aug-me_41.jpg,axial,False
archive_v2/Testing\meningioma\Te-aug-me_42.jpg,axial,False
archive_v2/Testing\meningioma\Te-aug-me_43.jpg,axial,False
archive_v2/Testing\meningioma\Te-aug-me_44.jpg,axial,False
archive_v2/Testing\meningioma\Te-aug-me_45.jpg,axial,False
archive_v2/Testing\meningioma\Te-aug-me_46.jpg,axial,False
archive_v2/Testing\meningioma\Te-aug-me_47.jpg,axial,False
archive_v2/Testing\meningioma\Te-aug-me_48.jpg,axial,False
archive_v2/Testing\meningioma\Te-aug-me_49.jpg,axial,False
archive_v2/Testing\meningioma\Te-aug-me_5.jpg,axial,False
archive_v2/Testing\meningioma\Te-aug-me_50.jpg,axial,False
archive_v2/Testing\meningioma\Te-aug-me_51.jpg,axial,False
archive_v2/Testing\meningioma\Te-aug-me_52.jpg,axial,False
archive_v2/Testing\meningioma\Te-aug-me_53.jpg,axial,False
archive_v2/Testing\meningioma\Te-aug-me_54.jpg,axial,False
archive_v2/Testing\meningioma\Te-aug-me_55.jpg,axial,False
archive_v2/Testing\meningioma\Te-aug-me_56.jpg,axial,False
archive_v2/Testing\meningioma\Te-aug-me_57.jpg,axial,False
archive_v2/Testing\meningioma\Te-aug-me_58.jpg,axial,False
archive_v2/Testing\meningioma\Te-aug-me_59.jpg,axial,False
archive_v2/Testing\meningioma\Te-aug-me_6.jpg,axial,False
archive_v2/Testing\meningioma\Te-aug-me_60.jpg,axial,False
archive_v2/Testing\meningioma\Te-aug-me_61.jpg,axial,False
archive_v2/Testing\meningioma\Te-aug-me_62.jpg,axial,False
archive_v2/Testing\meningioma\Te-aug-me_63.jpg,axial,False
archive_v2/Testing\meningioma\Te-aug-me_64.jpg,axial,False
archive_v2/Testing\meningioma\Te-aug-me_65.jpg,axial,False
archive_v2/Testing\meningioma\Te-aug-me_66.jpg,axial,False
archive_v2/Testing\meningioma\Te-aug-me_67.jpg,axial,False
archive_v2/Testing\meningioma\Te-aug-me_68.jpg,axial,False
archive_v2/Testing\meningioma\Te-aug-me_69.jpg,axial,False
archive_v2/Testing\meningioma\Te-aug-me_7.jpg,axial,False
archive_v2/Testing\meningioma\Te-aug-me_70.jpg,axial,False
archive_v2/Testing\meningioma\Te-aug-me_71.jpg,axial,False
archive_v2/Testing\meningioma\Te-aug-me_72.jpg,axial,False
archive_v2/Testing\meningioma\Te-aug-me_73.jpg,axial,False
archive_v2/Testing\meningioma\Te-aug-me_74.jpg,axial,False
archive_v2/Testing\meningioma\Te-aug-me_75.jpg,axial,False
archive_v2/Testing\meningioma\Te-aug-me_76.jpg,axial,False
archive_v2/Testing\meningioma\Te-aug-me_77.jpg,axial,False
archive_v2/Testing\meningioma\Te-aug-me_78.jpg,axial,False
archive_v2/Testing\meningioma\Te-aug-me_79.jpg,axial,False
archive_v2/Testing\meningioma\Te-aug-me_8.jpg,axial,False
archive_v2/Testing\meningioma\Te-aug-me_80.jpg,axial,False
archive_v2/Testing\meningioma\Te-aug-me_81.jpg,axial,False
archive_v2/Testing\meningioma\Te-aug-me_82.jpg,axial,False
archive_v2/Testing\meningioma\Te-aug-me_83.jpg,axial,False
archive_v2/Testing\meningioma\Te-aug-me_84.jpg,axial,False
archive_v2/Testing\meningioma\Te-aug-me_85.jpg,axial,False
archive_v2/Testing\meningioma\Te-aug-me_86.jpg,axial,False
archive_v2/Testing\meningioma\Te-aug-me_87.jpg,axial,False
archive_v2/Testing\meningioma\Te-aug-me_88.jpg,axial,False
archive_v2/Testing\meningioma\Te-aug-me_89.jpg,axial,False
archive_v2/Testing\meningioma\Te-aug-me_9.jpg,axial,False
archive_v2/Testing\meningioma\Te-aug-me_90.jpg,axial,False
archive_v2/Testing\meningioma\Te-aug-me_91.jpg,axial,False
archive_v2/Testing\meningioma\Te-aug-me_92.jpg,axial,False
archive_v2/Testing\meningioma\Te-aug-me_93.jpg,axial,False
archive_v2/Testing\meningioma\Te-aug-me_94.jpg,axial,False
archive_v2/Testing\meningioma\Te-aug-me_95.jpg,axial,False
archive_v2/Testing\meningioma\Te-aug-me_96.jpg,axial,False
archive_v2/Testing\meningioma\Te-aug-me_97.jpg,axial,False
archive_v2/Testing\meningioma\Te-aug-me_98.jpg,axial,False
archive_v2/Testing\meningioma\Te-aug-me_99.jpg,axial,False
archive_v2/Testing\meningioma\Te-me_1.jpg,axial,False
archive_v2/Testing\meningioma\Te-me_10.jpg,axial,False
archive_v2/Testing\meningioma\Te-me_100.jpg,axial,False
archive_v2/Testing\meningioma\Te-me_101.jpg,axial,False
archive_v2/Testing\meningioma\Te-me_102.jpg,axial,False
archive_v2/Testing\meningioma\Te-me_103.jpg,axial,False
archive_v2/Testing\meningioma\Te-me_104.jpg,axial,False
archive_v2/Testing\meningioma\Te-me_105.jpg,axial,False
archive_v2/Testing\meningioma\Te-me_106.jpg,axial,False
archive_v2/Testing\meningioma\Te-me_107.jpg,axial,False
archive_v2/Testing\meningioma\Te-me_108.jpg,axial,False
archive_v2/Testing\meningioma\Te-me_109.jpg,axial,False
archive_v2/Testing\meningioma\Te-me_11.jpg,axial,False
archive_v2/Testing\meningioma\Te-me_110.jpg,axial,False
archive_v2/Testing\meningioma\Te-me_111.jpg,axial,False
archive_v2/Testing\meningioma\Te-me_112.jpg,axial,False
archive_v2/Testing\meningioma\Te-me_113.jpg,axial,False
archive_v2/Testing\meningioma\Te-me_114.jpg,axial,False
archive_v2/Testing\meningioma\Te-me_115.jpg,axial,False
archive_v2/Testing\meningioma\Te-me_116.jpg,axial,False
archive_v2/Testing\meningioma\Te-me_117.jpg,axial,False
archive_v2/Testing\meningioma\Te-me_118.jpg,axial,False
archive_v2/Testing\meningioma\Te-me_119.jpg,axial,False
archive_v2/Testing\meningioma\Te-me_12.jpg,axial,False
archive_v2/Testing\meningioma\Te-me_120.jpg,axial,False
archive_v2/Testing\meningioma\Te-me_121.jpg,axial,False
archive_v2/Testing\meningioma\Te-me_122.jpg,axial,False
archive_v2/Testing\meningioma\Te-me_123.jpg,axial,False
archive_v2/Testing\meningioma\Te-me_124.jpg,axial,False
archive_v2/Testing\meningioma\Te-me_125.jpg,axial,False
archive_v2/Testing\meningioma\Te-me_126.jpg,axial,False
archive_v2/Testing\meningioma\Te-me_127.jpg,axial,False
archive_v2/Testing\meningioma\Te-me_128.jpg,axial,False
archive_v2/Testing\meningioma\Te-me_129.jpg,axial,False
archive_v2/Testing\meningioma\Te-me_13.jpg,axial,False
archive_v2/Testing\meningioma\Te-me_130.jpg,axial,False
archive_v2/Testing\meningioma\Te-me_131.jpg,axial,False
archive_v2/Testing\meningioma\Te-me_132.jpg,axial,False
archive_v2/Testing\meningioma\Te-me_133.jpg,axial,False
archive_v2/Testing\meningioma\Te-me_134.jpg,axial,False
archive_v2/Testing\meningioma\Te-me_135.jpg,axial,False
archive_v2/Testing\meningioma\Te-me_136.jpg,axial,False
archive_v2/Testing\meningioma\Te-me_137.jpg,axial,False
archive_v2/Testing\meningioma\Te-me_138.jpg,axial,False
archive_v2/Testing\meningioma\Te-me_139.jpg,axial,False
archive_v2/Testing\meningioma\Te-me_14.jpg,axial,False
archive_v2/Testing\meningioma\Te-me_140.jpg,axial,False
archive_v2/Testing\meningioma\Te-me_141.jpg,axial,False
archive_v2/Testing\meningioma\Te-me_142.jpg,axial,False
archive_v2/Testing\meningioma\Te-me_143.jpg,axial,False
archive_v2/Testing\meningioma\Te-me_144.jpg,axial,False
archive_v2/Testing\meningioma\Te-me_145.jpg,axial,False
archive_v2/Testing\meningioma\Te-me_146.jpg,axial,False
archive_v2/Testing\meningioma\Te-me_147.jpg,axial,False
archive_v2/Testing\meningioma\Te-me_148.jpg,axial,False
archive_v2/Testing\meningioma\Te-me_149.jpg,axial,False
archive_v2/Testing\meningioma\Te-me_15.jpg,axial,False
archive_v2/Testing\meningioma\Te-me_150.jpg,axial,False
archive_v2/Testing\meningioma\Te-me_151.jpg,axial,False
archive_v2/Testing\meningioma\Te-me_152.jpg,axial,False
archive_v2/Testing\meningioma\Te-me_153.jpg,axial,False
archive_v2/Testing\meningioma\Te-me_154.jpg,axial,False
archive_v2/Testing\meningioma\Te-me_155.jpg,axial,False
archive_v2/Testing\meningioma\Te-me_156.jpg,axial,False
archive_v2/Testing\meningioma\Te-me_157.jpg,axial,False
archive_v2/Testing\meningioma\Te-me_158.jpg,axial,False
archive_v2/Testing\meningioma\Te-me_159.jpg,axial,False
archive_v2/Testing\meningioma\Te-me_16.jpg,axial,False
archive_v2/Testing\meningioma\Te-me_160.jpg,axial,False
archive_v2/Testing\meningioma\Te-me_161.jpg,axial,False
archive_v2/Testing\meningioma\Te-me_162.jpg,axial,False
archive_v2/Testing\meningioma\Te-me_163.jpg,axial,False
archive_v2/Testing\meningioma\Te-me_164.jpg,axial,False
archive_v2/Testing\meningioma\Te-me_165.jpg,axial,False
archive_v2/Testing\meningioma\Te-me_166.jpg,axial,False
archive_v2/Testing\meningioma\Te-me_167.jpg,axial,False
archive_v2/Testing\meningioma\Te-me_168.jpg,axial,False
archive_v2/Testing\meningioma\Te-me_169.jpg,axial,False
archive_v2/Testing\meningioma\Te-me_17.jpg,axial,False
archive_v2/Testing\meningioma\Te-me_170.jpg,axial,False
archive_v2/Testing\meningioma\Te-me_171.jpg,axial,False
archive_v2/Testing\meningioma\Te-me_172.jpg,axial,False
archive_v2/Testing\meningioma\Te-me_173.jpg,axial,False
archive_v2/Testing\meningioma\Te-me_174.jpg,axial,False
archive_v2/Testing\meningioma\Te-me_175.jpg,axial,False
archive_v2/Testing\meningioma\Te-me_176.jpg,axial,False
archive_v2/Testing\meningioma\Te-me_177.jpg,axial,False
archive_v2/Testing\meningioma\Te-me_178.jpg,axial,False
archive_v2/Testing\meningioma\Te-me_179.jpg,axial,False
archive_v2/Testing\meningioma\Te-me_18.jpg,axial,False
archive_v2/Testing\meningioma\Te-me_180.jpg,axial,False
archive_v2/Testing\meningioma\Te-me_181.jpg,axial,False
archive_v2/Testing\meningioma\Te-me_182.jpg,axial,False
archive_v2/Testing\meningioma\Te-me_183.jpg,axial,False
archive_v2/Testing\meningioma\Te-me_184.jpg,axial,False
archive_v2/Testing\meningioma\Te-me_185.jpg,axial,False
archive_v2/Testing\meningioma\Te-me_186.jpg,axial,False
archive_v2/Testing\meningioma\Te-me_187.jpg,axial,False
archive_v2/Testing\meningioma\Te-me_188.jpg,axial,False
archive_v2/Testing\meningioma\Te-me_189.jpg,axial,False
archive_v2/Testing\meningioma\Te-me_19.jpg,axial,False
archive_v2/Testing\meningioma\Te-me_190.jpg,axial,False
archive_v2/Testing\meningioma\Te-me_191.jpg,axial,False
archive_v2/Testing\meningioma\Te-me_192.jpg,axial,False
archive_v2/Testing\meningioma\Te-me_193.jpg,axial,False
archive_v2/Testing\meningioma\Te-me_194.jpg,axial,False
archive_v2/Testing\meningioma\Te-me_195.jpg,axial,False
archive_v2/Testing\meningioma\Te-me_196.jpg,axial,False
archive_v2/Testing\meningioma\Te-me_197.jpg,axial,False
archive_v2/Testing\meningioma\Te-me_198.jpg,axial,False
archive_v2/Testing\meningioma\Te-me_199.jpg,axial,False
archive_v2/Testing\meningioma\Te-me_2.jpg,axial,False
archive_v2/Testing\meningioma\Te-me_20.jpg,axial,False
archive_v2/Testing\meningioma\Te-me_200.jpg,axial,False
archive_v2/Testing\meningioma\Te-me_201.jpg,axial,False
archive_v2/Testing\meningioma\Te-me_202.jpg,axial,False
archive_v2/Testing\meningioma\Te-me_203.jpg,axial,False
archive_v2/Testing\meningioma\Te-me_204.jpg,axial,False
archive_v2/Testing\meningioma\Te-me_205.jpg,axial,False
archive_v2/Testing\meningioma\Te-me_206.jpg,axial,False
archive_v2/Testing\meningioma\Te-me_207.jpg,axial,False
archive_v2/Testing\meningioma\Te-me_208.jpg,axial,False
archive_v2/Testing\meningioma\Te-me_209.jpg,axial,False
archive_v2/Testing\meningioma\Te-me_21.jpg,axial,False
archive_v2/Testing\meningioma\Te-me_210.jpg,axial,False
archive_v2/Testing\meningioma\Te-me_211.jpg,axial,False
archive_v2/Testing\meningioma\Te-me_212.jpg,axial,False
archive_v2/Testing\meningioma\Te-me_213.jpg,axial,False
archive_v2/Testing\meningioma\Te-me_214.jpg,axial,False
archive_v2/Testing\meningioma\Te-me_215.jpg,axial,False
archive_v2/Testing\meningioma\Te-me_216.jpg,axial,False
archive_v2/Testing\meningioma\Te-me_217.jpg,axial,False
archive_v2/Testing\meningioma\Te-me_218.jpg,axial,False
archive_v2/Testing\meningioma\Te-me_219.jpg,axial,False
archive_v2/Testing\meningioma\Te-me_22.jpg,axial,False
archive_v2/Testing\meningioma\Te-me_220.jpg,axial,False
archive_v2/Testing\meningioma\Te-me_221.jpg,axial,False
archive_v2/Testing\meningioma\Te-me_222.jpg,axial,False
archive_v2/Testing\meningioma\Te-me_223.jpg,axial,False
archive_v2/Testing\meningioma\Te-me_224.jpg,axial,False
archive_v2/Testing\meningioma\Te-me_225.jpg,axial,False
archive_v2/Testing\meningioma\Te-me_226.jpg,axial,False
archive_v2/Testing\meningioma\Te-me_227.jpg,axial,False
archive_v2/Testing\meningioma\Te-me_228.jpg,axial,False
archive_v2/Testing\meningioma\Te-me_229.jpg,axial,False
archive_v2/Testing\meningioma\Te-me_23.jpg,axial,False
archive_v2/Testing\meningioma\Te-me_230.jpg,axial,False
archive_v2/Testing\meningioma\Te-me_231.jpg,axial,False
archive_v2/Testing\meningioma\Te-me_232.jpg,axial,False
archive_v2/Testing\meningioma\Te-me_233.jpg,axial,False
archive_v2/Testing\meningioma\Te-me_234.jpg,axial,False
archive_v2/Testing\meningioma\Te-me_235.jpg,axial,False
archive_v2/Testing\meningioma\Te-me_236.jpg,axial,False
archive_v2/Testing\meningioma\Te-me_237.jpg,axial,False
archive_v2/Testing\meningioma\Te-me_238.jpg,axial,False
archive_v2/Testing\meningioma\Te-me_239.jpg,axial,False
archive_v2/Testing\meningioma\Te-me_24.jpg,axial,False
archive_v2/Testing\meningioma\Te-me_240.jpg,axial,False
archive_v2/Testing\meningioma\Te-me_241.jpg,axial,False
archive_v2/Testing\meningioma\Te-me_242.jpg,axial,False
archive_v2/Testing\meningioma\Te-me_243.jpg,axial,False
archive_v2/Testing\meningioma\Te-me_244.jpg,axial,False
archive_v2/Testing\meningioma\Te-me_245.jpg,axial,False
archive_v2/Testing\meningioma\Te-me_246.jpg,axial,False
archive_v2/Testing\meningioma\Te-me_247.jpg,axial,False
archive_v2/Testing\meningioma\Te-me_248.jpg,axial,False
archive_v2/Testing\meningioma\Te-me_249.jpg,axial,False
archive_v2/Testing\meningioma\Te-me_25.jpg,axial,False
archive_v2/Testing\meningioma\Te-me_250.jpg,axial,False
archive_v2/Testing\meningioma\Te-me_251.jpg,axial,False
archive_v2/Testing\meningioma\Te-me_252.jpg,axial,False
archive_v2/Testing\meningioma\Te-me_253.jpg,axial,False
archive_v2/Testing\meningioma\Te-me_254.jpg,axial,False
archive_v2/Testing\meningioma\Te-me_255.jpg,axial,False
archive_v2/Testing\meningioma\Te-me_256.jpg,axial,False
archive_v2/Testing\meningioma\Te-me_257.jpg,axial,False
archive_v2/Testing\meningioma\Te-me_258.jpg,axial,False
archive_v2/Testing\meningioma\Te-me_259.jpg,axial,False
archive_v2/Testing\meningioma\Te-me_26.jpg,axial,False
archive_v2/Testing\meningioma\Te-me_260.jpg,axial,False
archive_v2/Testing\meningioma\Te-me_261.jpg,axial,False
archive_v2/Testing\meningioma\Te-me_262.jpg,axial,False
archive_v2/Testing\meningioma\Te-me_263.jpg,axial,False
archive_v2/Testing\meningioma\Te-me_264.jpg,axial,False
archive_v2/Testing\meningioma\Te-me_265.jpg,axial,False
archive_v2/Testing\meningioma\Te-me_266.jpg,axial,False
archive_v2/Testing\meningioma\Te-me_267.jpg,axial,False
archive_v2/Testing\meningioma\Te-me_268.jpg,axial,False
archive_v2/Testing\meningioma\Te-me_269.jpg,axial,False
archive_v2/Testing\meningioma\Te-me_27.jpg,axial,False
archive_v2/Testing\meningioma\Te-me_270.jpg,axial,False
archive_v2/Testing\meningioma\Te-me_271.jpg,axial,False
archive_v2/Testing\meningioma\Te-me_272.jpg,axial,False
archive_v2/Testing\meningioma\Te-me_273.jpg,axial,False
archive_v2/Testing\meningioma\Te-me_274.jpg,axial,False
archive_v2/Testing\meningioma\Te-me_275.jpg,axial,False
archive_v2/Testing\meningioma\Te-me_276.jpg,axial,False
archive_v2/Testing\meningioma\Te-me_277.jpg,axial,False
archive_v2/Testing\meningioma\Te-me_278.jpg,axial,False
archive_v2/Testing\meningioma\Te-me_279.jpg,axial,False
archive_v2/Testing\meningioma\Te-me_28.jpg,axial,False
archive_v2/Testing\meningioma\Te-me_280.jpg,axial,False
archive_v2/Testing\meningioma\Te-me_281.jpg,axial,False
archive_v2/Testing\meningioma\Te-me_282.jpg,axial,False
archive_v2/Testing\meningioma\Te-me_283.jpg,axial,False
archive_v2/Testing\meningioma\Te-me_284.jpg,axial,False
archive_v2/Testing\meningioma\Te-me_285.jpg,axial,False
archive_v2/Testing\meningioma\Te-me_286.jpg,axial,False
archive_v2/Testing\meningioma\Te-me_287.jpg,axial,False
archive_v2/Testing\meningioma\Te-me_288.jpg,axial,False
archive_v2/Testing\meningioma\Te-me_289.jpg,axial,False
archive_v2/Testing\meningioma\Te-me_29.jpg,axial,False
archive_v2/Testing\meningioma\Te-me_290.jpg,axial,False
archive_v2/Testing\meningioma\Te-me_291.jpg,axial,False
archive_v2/Testing\meningioma\Te-me_292.jpg,axial,False
archive_v2/Testing\meningioma\Te-me_293.jpg,axial,False
archive_v2/Testing\meningioma\Te-me_294.jpg,axial,False
archive_v2/Testing\meningioma\Te-me_295.jpg,axial,False
archive_v2/Testing\meningioma\Te-me_296.jpg,axial,False
archive_v2/Testing\meningioma\Te-me_297.jpg,axial,False
archive_v2/Testing\meningioma\Te-me_3.jpg,axial,False
archive_v2/Testing\meningioma\Te-me_30.jpg,axial,False
archive_v2/Testing\meningioma\Te-me_31.jpg,axial,False
archive_v2/Testing\meningioma\Te-me_32.jpg,axial,False
archive_v2/Testing\meningioma\Te-me_33.jpg,axial,False
archive_v2/Testing\meningioma\Te-me_34.jpg,axial,False
archive_v2/Testing\meningioma\Te-me_35.jpg,axial,False
archive_v2/Testing\meningioma\Te-me_36.jpg,axial,False
archive_v2/Testing\meningioma\Te-me_37.jpg,axial,False
archive_v2/Testing\meningioma\Te-me_38.jpg,axial,False
archive_v2/Testing\meningioma\Te-me_39.jpg,axial,False
archive_v2/Testing\meningioma\Te-me_4.jpg,axial,False
archive_v2/Testing\meningioma\Te-me_40.jpg,axial,False
archive_v2/Testing\meningioma\Te-me_41.jpg,axial,False
archive_v2/Testing\meningioma\Te-me_42.jpg,axial,False
archive_v2/Testing\meningioma\Te-me_43.jpg,axial,False
archive_v2/Testing\meningioma\Te-me_44.jpg,axial,False
archive_v2/Testing\meningioma\Te-me_45.jpg,axial,False
archive_v2/Testing\meningioma\Te-me_46.jpg,axial,False
archive_v2/Testing\meningioma\Te-me_47.jpg,axial,False
archive_v2/Testing\meningioma\Te-me_48.jpg,axial,False
archive_v2/Testing\meningioma\Te-me_49.jpg,axial,False
archive_v2/Testing\meningioma\Te-me_5.jpg,axial,False
archive_v2/Testing\meningioma\Te-me_50.jpg,axial,False
archive_v2/Testing\meningioma\Te-me_51.jpg,axial,False
archive_v2/Testing\meningioma\Te-me_52.jpg,axial,False
archive_v2/Testing\meningioma\Te-me_53.jpg,axial,False
archive_v2/Testing\meningioma\Te-me_54.jpg,axial,False
archive_v2/Testing\meningioma\Te-me_55.jpg,axial,False
archive_v2/Testing\meningioma\Te-me_56.jpg,axial,False
archive_v2/Testing\meningioma\Te-me_57.jpg,axial,False
archive_v2/Testing\meningioma\Te-me_58.jpg,axial,False
archive_v2/Testing\meningioma\Te-me_59.jpg,axial,False
archive_v2/Testing\meningioma\Te-me_6.jpg,axial,False
archive_v2/Testing\meningioma\Te-me_60.jpg,axial,False
archive_v2/Testing\meningioma\Te-me_61.jpg,axial,False
archive_v2/Testing\meningioma\Te-me_62.jpg,axial,False
archive_v2/Testing\meningioma\Te-me_63.jpg,axial,False
archive_v2/Testing\meningioma\Te-me_64.jpg,axial,False
archive_v2/Testing\meningioma\Te-me_65.jpg,axial,False
archive_v2/Testing\meningioma\Te-me_66.jpg,axial,False
archive_v2/Testing\meningioma\Te-me_67.jpg,axial,False
archive_v2/Testing\meningioma\Te-me_68.jpg,axial,False
archive_v2/Testing\meningioma\Te-me_69.jpg,axial,False
archive_v2/Testing\meningioma\Te-me_7.jpg,axial,False
archive_v2/Testing\meningioma\Te-me_70.jpg,axial,False
archive_v2/Testing\meningioma\Te-me_71.jpg,axial,False
archive_v2/Testing\meningioma\Te-me_72.jpg,axial,False
archive_v2/Testing\meningioma\Te-me_73.jpg,axial,False
archive_v2/Testing\meningioma\Te-me_74.jpg,axial,False
archive_v2/Testing\meningioma\Te-me_75.jpg,axial,False
archive_v2/Testing\meningioma\Te-me_76.jpg,axial,False
archive_v2/Testing\meningioma\Te-me_77.jpg,axial,False
archive_v2/Testing\meningioma\Te-me_78.jpg,axial,False
archive_v2/Testing\meningioma\Te-me_79.jpg,axial,False
archive_v2/Testing\meningioma\Te-me_8.jpg,axial,False
archive_v2/Testing\meningioma\Te-me_80.jpg,axial,False
archive_v2/Testing\meningioma\Te-me_81.jpg,axial,False
archive_v2/Testing\meningioma\Te-me_82.jpg,axial,False
archive_v2/Testing\meningioma\Te-me_83.jpg,axial,False
archive_v2/Testing\meningioma\Te-me_84.jpg,axial,False
archive_v2/Testing\meningioma\Te-me_85.jpg,axial,False
archive_v2/Testing\meningioma\Te-me_86.jpg,axial,False
archive_v2/Testing\meningioma\Te-me_87.jpg,axial,False
archive_v2/Testing\meningioma\Te-me_88.jpg,axial,False
archive_v2/Testing\meningioma\Te-me_89.jpg,axial,False
archive_v2/Testing\meningioma\Te-me_9.jpg,axial,False
archive_v2/Testing\meningioma\Te-me_90.jpg,axial,False
archive_v2/Testing\meningioma\Te-me_91.jpg,axial,False
archive_v2/Testing\meningioma\Te-me_92.jpg,axial,False
archive_v2/Testing\meningioma\Te-me_93.jpg,axial,False
archive_v2/Testing\meningioma\Te-me_94.jpg,axial,False
archive_v2/Testing\meningioma\Te-me_95.jpg,axial,False
archive_v2/Testing\meningioma\Te-me_96.jpg,axial,False
archive_v2/Testing\meningioma\Te-me_97.jpg,axial,False
archive_v2/Testing\meningioma\Te-me_98.jpg,axial,False
archive_v2/Testing\meningioma\Te-me_99.jpg,axial,False
archive_v2/Testing\notumor\Te-no_1.jpg,axial,False
archive_v2/Testing\notumor\Te-no_10.jpg,axial,False
archive_v2/Testing\notumor\Te-no_100.jpg,axial,False
archive_v2/Testing\notumor\Te-no_101.jpg,axial,False
archive_v2/Testing\notumor\Te-no_102.jpg,axial,False
archive_v2/Testing\notumor\Te-no_103.jpg,axial,False
archive_v2/Testing\notumor\Te-no_104.jpg,axial,False
archive_v2/Testing\notumor\Te-no_105.jpg,axial,False
archive_v2/Testing\notumor\Te-no_106.jpg,axial,False
archive_v2/Testing\notumor\Te-no_107.jpg,axial,False
archive_v2/Testing\notumor\Te-no_108.jpg,axial,False
archive_v2/Testing\notumor\Te-no_109.jpg,axial,False
archive_v2/Testing\notumor\Te-no_11.jpg,axial,False
archive_v2/Testing\notumor\Te-no_110.jpg,axial,False
archive_v2/Testing\notumor\Te-no_111.jpg,axial,False
archive_v2/Testing\notumor\Te-no_112.jpg,axial,False
archive_v2/Testing\notumor\Te-no_113.jpg,axial,False
archive_v2/Testing\notumor\Te-no_114.jpg,axial,False
archive_v2/Testing\notumor\Te-no_115.jpg,axial,False
archive_v2/Testing\notumor\Te-no_116.jpg,axial,False
archive_v2/Testing\notumor\Te-no_117.jpg,axial,False
archive_v2/Testing\notumor\Te-no_118.jpg,axial,False
archive_v2/Testing\notumor\Te-no_119.jpg,axial,False
archive_v2/Testing\notumor\Te-no_12.jpg,axial,False
archive_v2/Testing\notumor\Te-no_120.jpg,axial,False
archive_v2/Testing\notumor\Te-no_121.jpg,axial,False
archive_v2/Testing\notumor\Te-no_122.jpg,axial,False
archive_v2/Testing\notumor\Te-no_123.jpg,axial,False
archive_v2/Testing\notumor\Te-no_124.jpg,axial,False
archive_v2/Testing\notumor\Te-no_125.jpg,axial,False
archive_v2/Testing\notumor\Te-no_126.jpg,axial,False
archive_v2/Testing\notumor\Te-no_127.jpg,axial,False
archive_v2/Testing\notumor\Te-no_128.jpg,axial,False
archive_v2/Testing\notumor\Te-no_129.jpg,axial,False
archive_v2/Testing\notumor\Te-no_13.jpg,axial,False
archive_v2/Testing\notumor\Te-no_130.jpg,axial,False
archive_v2/Testing\notumor\Te-no_131.jpg,axial,False
archive_v2/Testing\notumor\Te-no_132.jpg,axial,False
archive_v2/Testing\notumor\Te-no_133.jpg,axial,False
archive_v2/Testing\notumor\Te-no_134.jpg,axial,False
archive_v2/Testing\notumor\Te-no_135.jpg,axial,False
archive_v2/Testing\notumor\Te-no_136.jpg,axial,False
archive_v2/Testing\notumor\Te-no_137.jpg,axial,False
archive_v2/Testing\notumor\Te-no_138.jpg,axial,False
archive_v2/Testing\notumor\Te-no_139.jpg,axial,False
archive_v2/Testing\notumor\Te-no_14.jpg,axial,False
archive_v2/Testing\notumor\Te-no_140.jpg,axial,False
archive_v2/Testing\notumor\Te-no_141.jpg,axial,False
archive_v2/Testing\notumor\Te-no_142.jpg,axial,False
archive_v2/Testing\notumor\Te-no_143.jpg,axial,False
archive_v2/Testing\notumor\Te-no_144.jpg,axial,False
archive_v2/Testing\notumor\Te-no_145.jpg,axial,False
archive_v2/Testing\notumor\Te-no_146.jpg,axial,False
archive_v2/Testing\notumor\Te-no_147.jpg,axial,False
archive_v2/Testing\notumor\Te-no_148.jpg,axial,False
archive_v2/Testing\notumor\Te-no_149.jpg,axial,False
archive_v2/Testing\notumor\Te-no_15.jpg,axial,False
archive_v2/Testing\notumor\Te-no_150.jpg,axial,False
archive_v2/Testing\notumor\Te-no_151.jpg,axial,False
archive_v2/Testing\notumor\Te-no_152.jpg,axial,False
archive_v2/Testing\notumor\Te-no_153.jpg,axial,False
archive_v2/Testing\notumor\Te-no_154.jpg,axial,False
archive_v2/Testing\notumor\Te-no_155.jpg,axial,False
archive_v2/Testing\notumor\Te-no_156.jpg,axial,False
archive_v2/Testing\notumor\Te-no_157.jpg,axial,False
archive_v2/Testing\notumor\Te-no_158.jpg,axial,False
archive_v2/Testing\notumor\Te-no_159.jpg,axial,False
archive_v2/Testing\notumor\Te-no_16.jpg,axial,False
archive_v2/Testing\notumor\Te-no_160.jpg,axial,False
archive_v2/Testing\notumor\Te-no_161.jpg,axial,False
archive_v2/Testing\notumor\Te-no_162.jpg,axial,False
archive_v2/Testing\notumor\Te-no_163.jpg,axial,False
archive_v2/Testing\notumor\Te-no_164.jpg,axial,False
archive_v2/Testing\notumor\Te-no_165.jpg,axial,False
archive_v2/Testing\notumor\Te-no_166.jpg,axial,False
archive_v2/Testing\notumor\Te-no_167.jpg,axial,False
archive_v2/Testing\notumor\Te-no_168.jpg,axial,False
archive_v2/Testing\notumor\Te-no_169.jpg,axial,False
archive_v2/Testing\notumor\Te-no_17.jpg,axial,False
archive_v2/Testing\notumor\Te-no_170.jpg,axial,False
archive_v2/Testing\notumor\Te-no_171.jpg,axial,False
archive_v2/Testing\notumor\Te-no_172.jpg,axial,False
archive_v2/Testing\notumor\Te-no_173.jpg,axial,False
archive_v2/Testing\notumor\Te-no_174.jpg,axial,False
archive_v2/Testing\notumor\Te-no_175.jpg,axial,False
archive_v2/Testing\notumor\Te-no_176.jpg,axial,False
archive_v2/Testing\notumor\Te-no_177.jpg,axial,False
archive_v2/Testing\notumor\Te-no_178.jpg,axial,False
archive_v2/Testing\notumor\Te-no_179.jpg,axial,False
archive_v2/Testing\notumor\Te-no_18.jpg,axial,False
archive_v2/Testing\notumor\Te-no_180.jpg,axial,False
archive_v2/Testing\notumor\Te-no_181.jpg,axial,False
archive_v2/Testing\notumor\Te-no_182.jpg,axial,False
archive_v2/Testing\notumor\Te-no_183.jpg,axial,False
archive_v2/Testing\notumor\Te-no_184.jpg,axial,False
archive_v2/Testing\notumor\Te-no_185.jpg,axial,False
archive_v2/Testing\notumor\Te-no_186.jpg,axial,False
archive_v2/Testing\notumor\Te-no_187.jpg,axial,False
archive_v2/Testing\notumor\Te-no_188.jpg,axial,False
archive_v2/Testing\notumor\Te-no_189.jpg,axial,False
archive_v2/Testing\notumor\Te-no_19.jpg,axial,False
archive_v2/Testing\notumor\Te-no_190.jpg,axial,False
archive_v2/Testing\notumor\Te-no_191.jpg,axial,False
archive_v2/Testing\notumor\Te-no_192.jpg,axial,False
archive_v2/Testing\notumor\Te-no_193.jpg,axial,False
archive_v2/Testing\notumor\Te-no_194.jpg,axial,False
archive_v2/Testing\notumor\Te-no_195.jpg,axial,False
archive_v2/Testing\notumor\Te-no_196.jpg,axial,False
archive_v2/Testing\notumor\Te-no_197.jpg,axial,False
archive_v2/Testing\notumor\Te-no_198.jpg,axial,False
archive_v2/Testing\notumor\Te-no_199.jpg,axial,False
archive_v2/Testing\notumor\Te-no_2.jpg,axial,False
archive_v2/Testing\notumor\Te-no_20.jpg,axial,False
archive_v2/Testing\notumor\Te-no_200.jpg,axial,False
archive_v2/Testing\notumor\Te-no_201.jpg,axial,False
archive_v2/Testing\notumor\Te-no_202.jpg,axial,False
archive_v2/Testing\notumor\Te-no_203.jpg,axial,False
archive_v2/Testing\notumor\Te-no_204.jpg,axial,False
archive_v2/Testing\notumor\Te-no_205.jpg,axial,False
archive_v2/Testing\notumor\Te-no_206.jpg,axial,False
archive_v2/Testing\notumor\Te-no_207.jpg,axial,False
archive_v2/Testing\notumor\Te-no_208.jpg,axial,False
archive_v2/Testing\notumor\Te-no_209.jpg,axial,False
archive_v2/Testing\notumor\Te-no_21.jpg,axial,False
archive_v2/Testing\notumor\Te-no_210.jpg,axial,False
archive_v2/Testing\notumor\Te-no_211.jpg,axial,False
archive_v2/Testing\notumor\Te-no_212.jpg,axial,False
archive_v2/Testing\notumor\Te-no_213.jpg,axial,False
archive_v2/Testing\notumor\Te-no_214.jpg,axial,False
archive_v2/Testing\notumor\Te-no_215.jpg,axial,False
archive_v2/Testing\notumor\Te-no_216.jpg,axial,False
archive_v2/Testing\notumor\Te-no_217.jpg,axial,False
archive_v2/Testing\notumor\Te-no_218.jpg,axial,False
archive_v2/Testing\notumor\Te-no_219.jpg,axial,False
archive_v2/Testing\notumor\Te-no_22.jpg,axial,False
archive_v2/Testing\notumor\Te-no_220.jpg,axial,False
archive_v2/Testing\notumor\Te-no_221.jpg,axial,False
archive_v2/Testing\notumor\Te-no_222.jpg,axial,False
archive_v2/Testing\notumor\Te-no_223.jpg,axial,False
archive_v2/Testing\notumor\Te-no_224.jpg,axial,False
archive_v2/Testing\notumor\Te-no_225.jpg,axial,False
archive_v2/Testing\notumor\Te-no_226.jpg,axial,False
archive_v2/Testing\notumor\Te-no_227.jpg,axial,False
archive_v2/Testing\notumor\Te-no_228.jpg,axial,False
archive_v2/Testing\notumor\Te-no_229.jpg,axial,False
archive_v2/Testing\notumor\Te-no_23.jpg,axial,False
archive_v2/Testing\notumor\Te-no_230.jpg,axial,False
archive_v2/Testing\notumor\Te-no_231.jpg,axial,False
archive_v2/Testing\notumor\Te-no_232.jpg,axial,False
archive_v2/Testing\notumor\Te-no_233.jpg,axial,False
archive_v2/Testing\notumor\Te-no_234.jpg,axial,False
archive_v2/Testing\notumor\Te-no_235.jpg,axial,False
archive_v2/Testing\notumor\Te-no_236.jpg,axial,False
archive_v2/Testing\notumor\Te-no_237.jpg,axial,False
archive_v2/Testing\notumor\Te-no_238.jpg,axial,False
archive_v2/Testing\notumor\Te-no_239.jpg,axial,False
archive_v2/Testing\notumor\Te-no_24.jpg,axial,False
archive_v2/Testing\notumor\Te-no_240.jpg,axial,False
archive_v2/Testing\notumor\Te-no_241.jpg,axial,False
archive_v2/Testing\notumor\Te-no_242.jpg,axial,False
archive_v2/Testing\notumor\Te-no_243.jpg,axial,False
archive_v2/Testing\notumor\Te-no_244.jpg,axial,False
archive_v2/Testing\notumor\Te-no_245.jpg,axial,False
archive_v2/Testing\notumor\Te-no_246.jpg,axial,False
archive_v2/Testing\notumor\Te-no_247.jpg,axial,False
archive_v2/Testing\notumor\Te-no_248.jpg,axial,False
archive_v2/Testing\notumor\Te-no_249.jpg,axial,False
archive_v2/Testing\notumor\Te-no_25.jpg,axial,False
archive_v2/Testing\notumor\Te-no_250.jpg,axial,False
archive_v2/Testing\notumor\Te-no_251.jpg,axial,False
archive_v2/Testing\notumor\Te-no_252.jpg,axial,False
archive_v2/Testing\notumor\Te-no_253.jpg,axial,False
archive_v2/Testing\notumor\Te-no_254.jpg,axial,False
archive_v2/Testing\notumor\Te-no_255.jpg,axial,False
archive_v2/Testing\notumor\Te-no_256.jpg,axial,False
archive_v2/Testing\notumor\Te-no_257.jpg,axial,False
archive_v2/Testing\notumor\Te-no_258.jpg,axial,False
archive_v2/Testing\notumor\Te-no_259.jpg,axial,False
archive_v2/Testing\notumor\Te-no_26.jpg,axial,False
archive_v2/Testing\notumor\Te-no_260.jpg,axial,False
archive_v2/Testing\notumor\Te-no_261.jpg,axial,False
archive_v2/Testing\notumor\Te-no_262.jpg,axial,False
archive_v2/Testing\notumor\Te-no_263.jpg,axial,False
archive_v2/Testing\notumor\Te-no_264.jpg,axial,False
archive_v2/Testing\notumor\Te-no_265.jpg,axial,False
archive_v2/Testing\notumor\Te-no_266.jpg,axial,False
archive_v2/Testing\notumor\Te-no_267.jpg,axial,False
archive_v2/Testing\notumor\Te-no_268.jpg,axial,False
archive_v2/Testing\notumor\Te-no_269.jpg,axial,False
archive_v2/Testing\notumor\Te-no_27.jpg,axial,False
archive_v2/Testing\notumor\Te-no_270.jpg,axial,False
archive_v2/Testing\notumor\Te-no_271.jpg,axial,False
archive_v2/Testing\notumor\Te-no_272.jpg,axial,False
archive_v2/Testing\notumor\Te-no_273.jpg,axial,False
archive_v2/Testing\notumor\Te-no_274.jpg,axial,False
archive_v2/Testing\notumor\Te-no_275.jpg,axial,False
archive_v2/Testing\notumor\Te-no_276.jpg,axial,False
archive_v2/Testing\notumor\Te-no_277.jpg,axial,False
archive_v2/Testing\notumor\Te-no_278.jpg,axial,False
archive_v2/Testing\notumor\Te-no_279.jpg,axial,False
archive_v2/Testing\notumor\Te-no_28.jpg,axial,False
archive_v2/Testing\notumor\Te-no_280.jpg,axial,False
archive_v2/Testing\notumor\Te-no_281.jpg,axial,False
archive_v2/Testing\notumor\Te-no_282.jpg,axial,False
archive_v2/Testing\notumor\Te-no_283.jpg,axial,False
archive_v2/Testing\notumor\Te-no_284.jpg,axial,False
archive_v2/Testing\notumor\Te-no_285.jpg,axial,False
archive_v2/Testing\notumor\Te-no_286.jpg,axial,False
archive_v2/Testing\notumor\Te-no_287.jpg,axial,False
archive_v2/Testing\notumor\Te-no_288.jpg,axial,False
archive_v2/Testing\notumor\Te-no_289.jpg,axial,False
archive_v2/Testing\notumor\Te-no_29.jpg,axial,False
archive_v2/Testing\notumor\Te-no_290.jpg,axial,False
archive_v2/Testing\notumor\Te-no_291.jpg,axial,False
archive_v2/Testing\notumor\Te-no_292.jpg,axial,False
archive_v2/Testing\notumor\Te-no_293.jpg,axial,False
archive_v2/Testing\notumor\Te-no_294.jpg,axial,False
archive_v2/Testing\notumor\Te-no_295.jpg,axial,False
archive_v2/Testing\notumor\Te-no_296.jpg,axial,False
archive_v2/Testing\notumor\Te-no_297.jpg,axial,False
archive_v2/Testing\notumor\Te-no_298.jpg,axial,False
archive_v2/Testing\notumor\Te-no_299.jpg,axial,False
archive_v2/Testing\notumor\Te-no_3.jpg,axial,False
archive_v2/Testing\notumor\Te-no_30.jpg,axial,False
archive_v2/Testing\notumor\Te-no_300.jpg,axial,False
archive_v2/Testing\notumor\Te-no_301.jpg,axial,False
archive_v2/Testing\notumor\Te-no_302.jpg,axial,False
archive_v2/Testing\notumor\Te-no_303.jpg,axial,False
archive_v2/Testing\notumor\Te-no_304.jpg,axial,False
archive_v2/Testing\notumor\Te-no_305.jpg,axial,False
archive_v2/Testing\notumor\Te-no_306.jpg,axial,False
archive_v2/Testing\notumor\Te-no_307.jpg,axial,False
archive_v2/Testing\notumor\Te-no_308.jpg,axial,False
archive_v2/Testing\notumor\Te-no_309.jpg,axial,False
archive_v2/Testing\notumor\Te-no_31.jpg,axial,False
archive_v2/Testing\notumor\Te-no_310.jpg,axial,False
archive_v2/Testing\notumor\Te-no_311.jpg,axial,False
archive_v2/Testing\notumor\Te-no_312.jpg,axial,False
archive_v2/Testing\notumor\Te-no_313.jpg,axial,False
archive_v2/Testing\notumor\Te-no_314.jpg,axial,False
archive_v2/Testing\notumor\Te-no_315.jpg,axial,False
archive_v2/Testing\notumor\Te-no_316.jpg,axial,False
archive_v2/Testing\notumor\Te-no_317.jpg,axial,False
archive_v2/Testing\notumor\Te-no_318.jpg,axial,False
archive_v2/Testing\notumor\Te-no_319.jpg,axial,False
archive_v2/Testing\notumor\Te-no_32.jpg,axial,False
archive_v2/Testing\notumor\Te-no_320.jpg,axial,False
archive_v2/Testing\notumor\Te-no_321.jpg,axial,False
archive_v2/Testing\notumor\Te-no_322.jpg,axial,False
archive_v2/Testing\notumor\Te-no_323.jpg,axial,False
archive_v2/Testing\notumor\Te-no_324.jpg,axial,False
archive_v2/Testing\notumor\Te-no_325.jpg,axial,False
archive_v2/Testing\notumor\Te-no_326.jpg,axial,False
archive_v2/Testing\notumor\Te-no_327.jpg,axial,False
archive_v2/Testing\notumor\Te-no_328.jpg,axial,False
archive_v2/Testing\notumor\Te-no_329.jpg,axial,False
archive_v2/Testing\notumor\Te-no_33.jpg,axial,False
archive_v2/Testing\notumor\Te-no_330.jpg,axial,False
archive_v2/Testing\notumor\Te-no_331.jpg,axial,False
archive_v2/Testing\notumor\Te-no_332.jpg,axial,False
archive_v2/Testing\notumor\Te-no_333.jpg,axial,False
archive_v2/Testing\notumor\Te-no_334.jpg,axial,False
archive_v2/Testing\notumor\Te-no_335.jpg,axial,False
archive_v2/Testing\notumor\Te-no_336.jpg,axial,False
archive_v2/Testing\notumor\Te-no_337.jpg,axial,False
archive_v2/Testing\notumor\Te-no_338.jpg,axial,False
archive_v2/Testing\notumor\Te-no_339.jpg,axial,False
archive_v2/Testing\notumor\Te-no_34.jpg,axial,False
archive_v2/Testing\notumor\Te-no_340.jpg,axial,False
archive_v2/Testing\notumor\Te-no_341.jpg,axial,False
archive_v2/Testing\notumor\Te-no_342.jpg,axial,False
archive_v2/Testing\notumor\Te-no_343.jpg,axial,False
archive_v2/Testing\notumor\Te-no_344.jpg,axial,False
archive_v2/Testing\notumor\Te-no_345.jpg,axial,False
archive_v2/Testing\notumor\Te-no_346.jpg,axial,False
archive_v2/Testing\notumor\Te-no_347.jpg,axial,False
archive_v2/Testing\notumor\Te-no_348.jpg,axial,False
archive_v2/Testing\notumor\Te-no_349.jpg,axial,False
archive_v2/Testing\notumor\Te-no_35.jpg,axial,False
archive_v2/Testing\notumor\Te-no_350.jpg,axial,False
archive_v2/Testing\notumor\Te-no_351.jpg,axial,False
archive_v2/Testing\notumor\Te-no_352.jpg,axial,False
archive_v2/Testing\notumor\Te-no_353.jpg,axial,False
archive_v2/Testing\notumor\Te-no_354.jpg,axial,False
archive_v2/Testing\notumor\Te-no_355.jpg,axial,False
archive_v2/Testing\notumor\Te-no_356.jpg,axial,False
archive_v2/Testing\notumor\Te-no_357.jpg,axial,False
archive_v2/Testing\notumor\Te-no_358.jpg,axial,False
archive_v2/Testing\notumor\Te-no_359.jpg,axial,False
archive_v2/Testing\notumor\Te-no_36.jpg,axial,False
archive_v2/Testing\notumor\Te-no_360.jpg,axial,False
archive_v2/Testing\notumor\Te-no_361.jpg,axial,False
archive_v2/Testing\notumor\Te-no_362.jpg,axial,False
archive_v2/Testing\notumor\Te-no_363.jpg,axial,False
archive_v2/Testing\notumor\Te-no_364.jpg,axial,False
archive_v2/Testing\notumor\Te-no_365.jpg,axial,False
archive_v2/Testing\notumor\Te-no_366.jpg,axial,False
archive_v2/Testing\notumor\Te-no_367.jpg,axial,False
archive_v2/Testing\notumor\Te-no_368.jpg,axial,False
archive_v2/Testing\notumor\Te-no_369.jpg,axial,False
archive_v2/Testing\notumor\Te-no_37.jpg,axial,False
archive_v2/Testing\notumor\Te-no_370.jpg,axial,False
archive_v2/Testing\notumor\Te-no_371.jpg,axial,False
archive_v2/Testing\notumor\Te-no_372.jpg,axial,False
archive_v2/Testing\notumor\Te-no_373.jpg,axial,False
archive_v2/Testing\notumor\Te-no_374.jpg,axial,False
archive_v2/Testing\notumor\Te-no_375.jpg,axial,False
archive_v2/Testing\notumor\Te-no_376.jpg,axial,False
archive_v2/Testing\notumor\Te-no_377.jpg,axial,False
archive_v2/Testing\notumor\Te-no_378.jpg,axial,False
archive_v2/Testing\notumor\Te-no_379.jpg,axial,False
archive_v2/Testing\notumor\Te-no_38.jpg,axial,False
archive_v2/Testing\notumor\Te-no_380.jpg,axial,False
archive_v2/Testing\notumor\Te-no_381.jpg,axial,False
archive_v2/Testing\notumor\Te-no_382.jpg,axial,False
archive_v2/Testing\notumor\Te-no_383.jpg,axial,False
archive_v2/Testing\notumor\Te-no_384.jpg,axial,False
archive_v2/Testing\notumor\Te-no_385.jpg,axial,False
archive_v2/Testing\notumor\Te-no_386.jpg,axial,False
archive_v2/Testing\notumor\Te-no_387.jpg,axial,False
archive_v2/Testing\notumor\Te-no_388.jpg,axial,False
archive_v2/Testing\notumor\Te-no_389.jpg,axial,False
archive_v2/Testing\notumor\Te-no_39.jpg,axial,False
archive_v2/Testing\notumor\Te-no_390.jpg,axial,False
archive_v2/Testing\notumor\Te-no_391.jpg,axial,False
archive_v2/Testing\notumor\Te-no_392.jpg,axial,False
archive_v2/Testing\notumor\Te-no_393.jpg,axial,False
archive_v2/Testing\notumor\Te-no_394.jpg,axial,False
archive_v2/Testing\notumor\Te-no_395.jpg,axial,False
archive_v2/Testing\notumor\Te-no_396.jpg,axial,False
archive_v2/Testing\notumor\Te-no_397.jpg,axial,False
archive_v2/Testing\notumor\Te-no_398.jpg,axial,False
archive_v2/Testing\notumor\Te-no_399.jpg,axial,False
archive_v2/Testing\notumor\Te-no_4.jpg,axial,False
archive_v2/Testing\notumor\Te-no_40.jpg,axial,False
archive_v2/Testing\notumor\Te-no_400.jpg,axial,False
archive_v2/Testing\notumor\Te-no_41.jpg,axial,False
archive_v2/Testing\notumor\Te-no_42.jpg,axial,False
archive_v2/Testing\notumor\Te-no_43.jpg,axial,False
archive_v2/Testing\notumor\Te-no_44.jpg,axial,False
archive_v2/Testing\notumor\Te-no_45.jpg,axial,False
archive_v2/Testing\notumor\Te-no_46.jpg,axial,False
archive_v2/Testing\notumor\Te-no_47.jpg,axial,False
archive_v2/Testing\notumor\Te-no_48.jpg,axial,False
archive_v2/Testing\notumor\Te-no_49.jpg,axial,False
archive_v2/Testing\notumor\Te-no_5.jpg,axial,False
archive_v2/Testing\notumor\Te-no_50.jpg,axial,False
archive_v2/Testing\notumor\Te-no_51.jpg,axial,False
archive_v2/Testing\notumor\Te-no_52.jpg,axial,False
archive_v2/Testing\notumor\Te-no_53.jpg,axial,False
archive_v2/Testing\notumor\Te-no_54.jpg,axial,False
archive_v2/Testing\notumor\Te-no_55.jpg,axial,False
archive_v2/Testing\notumor\Te-no_56.jpg,axial,False
archive_v2/Testing\notumor\Te-no_57.jpg,axial,False
archive_v2/Testing\notumor\Te-no_58.jpg,axial,False
archive_v2/Testing\notumor\Te-no_59.jpg,axial,False
archive_v2/Testing\notumor\Te-no_6.jpg,axial,False
archive_v2/Testing\notumor\Te-no_60.jpg,axial,False
archive_v2/Testing\notumor\Te-no_61.jpg,axial,False
archive_v2/Testing\notumor\Te-no_62.jpg,axial,False
archive_v2/Testing\notumor\Te-no_63.jpg,axial,False
archive_v2/Testing\notumor\Te-no_64.jpg,axial,False
archive_v2/Testing\notumor\Te-no_65.jpg,axial,False
archive_v2/Testing\notumor\Te-no_66.jpg,axial,False
archive_v2/Testing\notumor\Te-no_67.jpg,axial,False
archive_v2/Testing\notumor\Te-no_68.jpg,axial,False
archive_v2/Testing\notumor\Te-no_69.jpg,axial,False
archive_v2/Testing\notumor\Te-no_7.jpg,axial,False
archive_v2/Testing\notumor\Te-no_70.jpg,axial,False
archive_v2/Testing\notumor\Te-no_71.jpg,axial,False
archive_v2/Testing\notumor\Te-no_72.jpg,axial,False
archive_v2/Testing\notumor\Te-no_73.jpg,axial,False
archive_v2/Testing\notumor\Te-no_74.jpg,axial,False
archive_v2/Testing\notumor\Te-no_75.jpg,axial,False
archive_v2/Testing\notumor\Te-no_76.jpg,axial,False
archive_v2/Testing\notumor\Te-no_77.jpg,axial,False
archive_v2/Testing\notumor\Te-no_78.jpg,axial,False
archive_v2/Testing\notumor\Te-no_79.jpg,axial,False
archive_v2/Testing\notumor\Te-no_8.jpg,axial,False
archive_v2/Testing\notumor\Te-no_80.jpg,axial,False
archive_v2/Testing\notumor\Te-no_81.jpg,axial,False
archive_v2/Testing\notumor\Te-no_82.jpg,axial,False
archive_v2/Testing\notumor\Te-no_83.jpg,axial,False
archive_v2/Testing\notumor\Te-no_84.jpg,axial,False
archive_v2/Testing\notumor\Te-no_85.jpg,axial,False
archive_v2/Testing\notumor\Te-no_86.jpg,axial,False
archive_v2/Testing\notumor\Te-no_87.jpg,axial,False
archive_v2/Testing\notumor\Te-no_88.jpg,axial,False
archive_v2/Testing\notumor\Te-no_89.jpg,axial,False
archive_v2/Testing\notumor\Te-no_9.jpg,axial,False
archive_v2/Testing\notumor\Te-no_90.jpg,axial,False
archive_v2/Testing\notumor\Te-no_91.jpg,axial,False
archive_v2/Testing\notumor\Te-no_92.jpg,axial,False
archive_v2/Testing\notumor\Te-no_93.jpg,axial,False
archive_v2/Testing\notumor\Te-no_94.jpg,axial,False
archive_v2/Testing\notumor\Te-no_95.jpg,axial,False
archive_v2/Testing\notumor\Te-no_96.jpg,axial,False
archive_v2/Testing\notumor\Te-no_97.jpg,axial,False
archive_v2/Testing\notumor\Te-no_98.jpg,axial,False
archive_v2/Testing\notumor\Te-no_99.jpg,axial,False
archive_v2/Testing\pituitary\pituitary_TT_0001.jpg,unknown,True
archive_v2/Testing\pituitary\pituitary_TT_0004.jpg,unknown,True
archive_v2/Testing\pituitary\pituitary_TT_0006.jpg,unknown,True
archive_v2/Testing\pituitary\pituitary_TT_0016.jpg,unknown,True
archive_v2/Testing\pituitary\pituitary_TT_0019.jpg,unknown,True
archive_v2/Testing\pituitary\pituitary_TT_0025.jpg,unknown,True
archive_v2/Testing\pituitary\pituitary_TT_0027.jpg,unknown,True
archive_v2/Testing\pituitary\pituitary_TT_0030.jpg,unknown,True
archive_v2/Testing\pituitary\pituitary_TT_0032.jpg,unknown,True
archive_v2/Testing\pituitary\pituitary_TT_0034.jpg,unknown,True
archive_v2/Testing\pituitary\pituitary_TT_0035.jpg,unknown,True
archive_v2/Testing\pituitary\pituitary_TT_0036.jpg,unknown,True
archive_v2/Testing\pituitary\pituitary_TT_0042.jpg,unknown,True
archive_v2/Testing\pituitary\pituitary_TT_0044.jpg,unknown,True
archive_v2/Testing\pituitary\pituitary_TT_0047.jpg,unknown,True
archive_v2/Testing\pituitary\pituitary_TT_0049.jpg,unknown,True
archive_v2/Testing\pituitary\pituitary_TT_0057.jpg,unknown,True
archive_v2/Testing\pituitary\pituitary_TT_0062.jpg,unknown,True
archive_v2/Testing\pituitary\pituitary_TT_0063.jpg,unknown,True
archive_v2/Testing\pituitary\pituitary_TT_0065.jpg,unknown,True
archive_v2/Testing\pituitary\pituitary_TT_0068.jpg,unknown,True
archive_v2/Testing\pituitary\pituitary_TT_0070.jpg,unknown,True
archive_v2/Testing\pituitary\pituitary_TT_0080.jpg,unknown,True
archive_v2/Testing\pituitary\pituitary_TT_0089.jpg,unknown,True
archive_v2/Testing\pituitary\pituitary_TT_0099.jpg,unknown,True
archive_v2/Testing\pituitary\pituitary_TT_0102.jpg,unknown,True
archive_v2/Testing\pituitary\pituitary_TT_0103.jpg,unknown,True
archive_v2/Testing\pituitary\pituitary_TT_0106.jpg,unknown,True
archive_v2/Testing\pituitary\pituitary_TT_0117.jpg,unknown,True
archive_v2/Testing\pituitary\pituitary_TT_0136.jpg,unknown,True
archive_v2/Testing\pituitary\pituitary_TT_0137.jpg,unknown,True
archive_v2/Testing\pituitary\pituitary_TT_0140.jpg,unknown,True
archive_v2/Testing\pituitary\pituitary_TT_0145.jpg,unknown,True
archive_v2/Testing\pituitary\pituitary_TT_0149.jpg,unknown,True
archive_v2/Testing\pituitary\pituitary_TT_0151.jpg,unknown,True
archive_v2/Testing\pituitary\pituitary_TT_0155.jpg,unknown,True
archive_v2/Testing\pituitary\pituitary_TT_0156.jpg,unknown,True
archive_v2/Testing\pituitary\pituitary_TT_0157.jpg,unknown,True
archive_v2/Testing\pituitary\pituitary_TT_0164.jpg,unknown,True
archive_v2/Testing\pituitary\pituitary_TT_0165.jpg,unknown,True
archive_v2/Testing\pituitary\pituitary_TT_0170.jpg,unknown,True
archive_v2/Testing\pituitary\pituitary_TT_0171.jpg,unknown,True
archive_v2/Testing\pituitary\pituitary_TT_0190.jpg,unknown,True
archive_v2/Testing\pituitary\pituitary_TT_0198.jpg,unknown,True
archive_v2/Testing\pituitary\pituitary_TT_0205.jpg,unknown,True
archive_v2/Testing\pituitary\pituitary_TT_0219.jpg,unknown,True
archive_v2/Testing\pituitary\pituitary_TT_0220.jpg,unknown,True
archive_v2/Testing\pituitary\pituitary_TT_0237.jpg,unknown,True
archive_v2/Testing\pituitary\pituitary_TT_0238.jpg,unknown,True
archive_v2/Testing\pituitary\pituitary_TT_0245.jpg,unknown,True
archive_v2/Testing\pituitary\pituitary_TT_0249.jpg,unknown,True
archive_v2/Testing\pituitary\pituitary_TT_0255.jpg,unknown,True
archive_v2/Testing\pituitary\pituitary_TT_0260.jpg,unknown,True
archive_v2/Testing\pituitary\pituitary_TT_0270.jpg,unknown,True
archive_v2/Testing\pituitary\pituitary_TT_0271.jpg,unknown,True
archive_v2/Testing\pituitary\pituitary_TT_0273.jpg,unknown,True
archive_v2/Testing\pituitary\pituitary_TT_0278.jpg,unknown,True
archive_v2/Testing\pituitary\pituitary_TT_0279.jpg,unknown,True
archive_v2/Testing\pituitary\pituitary_TT_0285.jpg,unknown,True
archive_v2/Testing\pituitary\pituitary_TT_0288.jpg,unknown,True
archive_v2/Testing\pituitary\pituitary_TT_0294.jpg,unknown,True
archive_v2/Testing\pituitary\pituitary_TT_0308.jpg,unknown,True
archive_v2/Testing\pituitary\pituitary_TT_0317.jpg,unknown,True
archive_v2/Testing\pituitary\pituitary_TT_0320.jpg,unknown,True
archive_v2/Testing\pituitary\pituitary_TT_0323.jpg,unknown,True
archive_v2/Testing\pituitary\pituitary_TT_0324.jpg,unknown,True
archive_v2/Testing\pituitary\pituitary_TT_0327.jpg,unknown,True
archive_v2/Testing\pituitary\pituitary_TT_0353.jpg,unknown,True
archive_v2/Testing\pituitary\pituitary_TT_0354.jpg,unknown,True
archive_v2/Testing\pituitary\pituitary_TT_0357.jpg,unknown,True
archive_v2/Testing\pituitary\pituitary_TT_0359.jpg,unknown,True
archive_v2/Testing\pituitary\pituitary_TT_0362.jpg,unknown,True
archive_v2/Testing\pituitary\pituitary_TT_0371.jpg,unknown,True
archive_v2/Testing\pituitary\pituitary_TT_0373.jpg,unknown,True
archive_v2/Testing\pituitary\pituitary_TT_0374.jpg,unknown,True
archive_v2/Testing\pituitary\pituitary_TT_0376.jpg,unknown,True
archive_v2/Testing\pituitary\pituitary_TT_0385.jpg,unknown,True
archive_v2/Testing\pituitary\pituitary_TT_0390.jpg,unknown,True
archive_v2/Testing\pituitary\pituitary_TT_0400.jpg,unknown,True
archive_v2/Testing\pituitary\pituitary_TT_0407.jpg,unknown,True
archive_v2/Testing\pituitary\pituitary_TT_0418.jpg,unknown,True
archive_v2/Testing\pituitary\pituitary_TT_0423.jpg,unknown,True
archive_v2/Testing\pituitary\pituitary_TT_0424.jpg,unknown,True
archive_v2/Testing\pituitary\pituitary_TT_0427.jpg,unknown,True
archive_v2/Testing\pituitary\pituitary_TT_0434.jpg,unknown,True
archive_v2/Testing\pituitary\pituitary_TT_0439.jpg,unknown,True
archive_v2/Testing\pituitary\pituitary_TT_0444.jpg,unknown,True
archive_v2/Testing\pituitary\pituitary_TT_0446.jpg,unknown,True
archive_v2/Testing\pituitary\pituitary_TT_0447.jpg,unknown,True
archive_v2/Testing\pituitary\pituitary_TT_0448.jpg,unknown,True
archive_v2/Testing\pituitary\pituitary_TT_0455.jpg,unknown,True
archive_v2/Testing\pituitary\pituitary_TT_0464.jpg,unknown,True
archive_v2/Testing\pituitary\pituitary_TT_0471.jpg,unknown,True
archive_v2/Testing\pituitary\pituitary_TT_0483.jpg,unknown,True
archive_v2/Testing\pituitary\pituitary_TT_0492.jpg,unknown,True
archive_v2/Testing\pituitary\pituitary_TT_0493.jpg,unknown,True
archive_v2/Testing\pituitary\pituitary_TT_0499.jpg,unknown,True
archive_v2/Testing\pituitary\pituitary_TT_0502.jpg,unknown,True
archive_v2/Testing\pituitary\pituitary_TT_0509.jpg,unknown,True
archive_v2/Testing\pituitary\pituitary_TT_0516.jpg,unknown,True
archive_v2/Testing\pituitary\pituitary_TT_0520.jpg,unknown,True
archive_v2/Testing\pituitary\pituitary_TT_0523.jpg,unknown,True
archive_v2/Testing\pituitary\pituitary_TT_0543.jpg,unknown,True
archive_v2/Testing\pituitary\pituitary_TT_0544.jpg,unknown,True
archive_v2/Testing\pituitary\pituitary_TT_0553.jpg,unknown,True
archive_v2/Testing\pituitary\pituitary_TT_0554.jpg,unknown,True
archive_v2/Testing\pituitary\pituitary_TT_0556.jpg,unknown,True
archive_v2/Testing\pituitary\pituitary_TT_0563.jpg,unknown,True
archive_v2/Testing\pituitary\pituitary_TT_0565.jpg,unknown,True
archive_v2/Testing\pituitary\pituitary_TT_0571.jpg,unknown,True
archive_v2/Testing\pituitary\pituitary_TT_0574.jpg,unknown,True
archive_v2/Testing\pituitary\pituitary_TT_0578.jpg,unknown,True
archive_v2/Testing\pituitary\pituitary_TT_0580.jpg,unknown,True
archive_v2/Testing\pituitary\pituitary_TT_0587.jpg,unknown,True
archive_v2/Testing\pituitary\pituitary_TT_0595.jpg,unknown,True
archive_v2/Testing\pituitary\pituitary_TT_0605.jpg,unknown,True
archive_v2/Testing\pituitary\pituitary_TT_0608.jpg,unknown,True
archive_v2/Testing\pituitary\pituitary_TT_0610.jpg,unknown,True
archive_v2/Testing\pituitary\pituitary_TT_0627.jpg,unknown,True
archive_v2/Testing\pituitary\pituitary_TT_0628.jpg,unknown,True
archive_v2/Testing\pituitary\pituitary_TT_0646.jpg,unknown,True
archive_v2/Testing\pituitary\pituitary_TT_0649.jpg,unknown,True
archive_v2/Testing\pituitary\pituitary_TT_0651.jpg,unknown,True
archive_v2/Testing\pituitary\pituitary_TT_0663.jpg,unknown,True
archive_v2/Testing\pituitary\pituitary_TT_0665.jpg,unknown,True
archive_v2/Testing\pituitary\pituitary_TT_0678.jpg,unknown,True
archive_v2/Testing\pituitary\pituitary_TT_0681.jpg,unknown,True
archive_v2/Testing\pituitary\pituitary_TT_0682.jpg,unknown,True
archive_v2/Testing\pituitary\pituitary_TT_0689.jpg,unknown,True
archive_v2/Testing\pituitary\pituitary_TT_0691.jpg,unknown,True
archive_v2/Testing\pituitary\pituitary_TT_0699.jpg,unknown,True
archive_v2/Testing\pituitary\pituitary_TT_0710.jpg,unknown,True
archive_v2/Testing\pituitary\pituitary_TT_0719.jpg,unknown,True
archive_v2/Testing\pituitary\pituitary_TT_0722.jpg,unknown,True
archive_v2/Testing\pituitary\pituitary_TT_0724.jpg,unknown,True
archive_v2/Testing\pituitary\pituitary_TT_0731.jpg,unknown,True
archive_v2/Testing\pituitary\pituitary_TT_0742.jpg,unknown,True
archive_v2/Testing\pituitary\pituitary_TT_0743.jpg,unknown,True
archive_v2/Testing\pituitary\pituitary_TT_0748.jpg,unknown,True
archive_v2/Testing\pituitary\pituitary_TT_0749.jpg,unknown,True
archive_v2/Testing\pituitary\pituitary_TT_0750.jpg,unknown,True
archive_v2/Testing\pituitary\pituitary_TT_0752.jpg,unknown,True
archive_v2/Testing\pituitary\pituitary_TT_0754.jpg,unknown,True
archive_v2/Testing\pituitary\pituitary_TT_0755.jpg,unknown,True
archive_v2/Testing\pituitary\pituitary_TT_0760.jpg,unknown,True
archive_v2/Testing\pituitary\pituitary_TT_0762.jpg,unknown,True
archive_v2/Testing\pituitary\pituitary_TT_0766.jpg,unknown,True
archive_v2/Testing\pituitary\pituitary_TT_0775.jpg,unknown,True
archive_v2/Testing\pituitary\pituitary_TT_0777.jpg,unknown,True
archive_v2/Testing\pituitary\pituitary_TT_0778.jpg,unknown,True
archive_v2/Testing\pituitary\pituitary_TT_0780.jpg,unknown,True
archive_v2/Testing\pituitary\pituitary_TT_0786.jpg,unknown,True
archive_v2/Testing\pituitary\pituitary_TT_0788.jpg,unknown,True
archive_v2/Testing\pituitary\pituitary_TT_0790.jpg,unknown,True
archive_v2/Testing\pituitary\pituitary_TT_0791.jpg,unknown,True
archive_v2/Testing\pituitary\pituitary_TT_0792.jpg,unknown,True
archive_v2/Testing\pituitary\pituitary_TT_0796.jpg,unknown,True
archive_v2/Testing\pituitary\pituitary_TT_0797.jpg,unknown,True
archive_v2/Testing\pituitary\pituitary_TT_0798.jpg,unknown,True
archive_v2/Testing\pituitary\pituitary_TT_0801.jpg,unknown,True
archive_v2/Testing\pituitary\pituitary_TT_0802.jpg,unknown,True
archive_v2/Testing\pituitary\pituitary_TT_0808.jpg,unknown,True
archive_v2/Testing\pituitary\pituitary_TT_0811.jpg,unknown,True
archive_v2/Testing\pituitary\pituitary_TT_0818.jpg,unknown,True
archive_v2/Testing\pituitary\pituitary_TT_0826.jpg,unknown,True
archive_v2/Testing\pituitary\pituitary_TT_0832.jpg,unknown,True
archive_v2/Testing\pituitary\pituitary_TT_0836.jpg,unknown,True
archive_v2/Testing\pituitary\pituitary_TT_0838.jpg,unknown,True
archive_v2/Testing\pituitary\pituitary_TT_0841.jpg,unknown,True
archive_v2/Testing\pituitary\pituitary_TT_0843.jpg,unknown,True
archive_v2/Testing\pituitary\pituitary_TT_0845.jpg,unknown,True
archive_v2/Testing\pituitary\pituitary_TT_0848.jpg,unknown,True
archive_v2/Testing\pituitary\pituitary_TT_0849.jpg,unknown,True
archive_v2/Testing\pituitary\pituitary_TT_0851.jpg,unknown,True
archive_v2/Testing\pituitary\pituitary_TT_0857.jpg,unknown,True
archive_v2/Testing\pituitary\pituitary_TT_0867.jpg,unknown,True
archive_v2/Testing\pituitary\pituitary_TT_0869.jpg,unknown,True
archive_v2/Testing\pituitary\pituitary_TT_0874.jpg,unknown,True
archive_v2/Testing\pituitary\pituitary_TT_0880.jpg,unknown,True
archive_v2/Testing\pituitary\pituitary_TT_0881.jpg,unknown,True
archive_v2/Testing\pituitary\pituitary_TT_0884.jpg,unknown,True
archive_v2/Testing\pituitary\pituitary_TT_0888.jpg,unknown,True
archive_v2/Testing\pituitary\pituitary_TT_0890.jpg,unknown,True
archive_v2/Testing\pituitary\pituitary_TT_0892.jpg,unknown,True
archive_v2/Testing\pituitary\pituitary_TT_0901.jpg,unknown,True
archive_v2/Testing\pituitary\pituitary_TT_0909.jpg,unknown,True
archive_v2/Testing\pituitary\pituitary_TT_0913.jpg,unknown,True
archive_v2/Testing\pituitary\pituitary_TT_0916.jpg,unknown,True
archive_v2/Testing\pituitary\pituitary_TT_0917.jpg,unknown,True
archive_v2/Testing\pituitary\pituitary_TT_0918.jpg,unknown,True
archive_v2/Testing\pituitary\pituitary_TT_0923.jpg,unknown,True
archive_v2/Testing\pituitary\pituitary_TT_0924.jpg,unknown,True
archive_v2/Testing\pituitary\pituitary_TT_0932.jpg,unknown,True
archive_v2/Testing\pituitary\pituitary_TT_0934.jpg,unknown,True
archive_v2/Testing\pituitary\pituitary_TT_0936.jpg,unknown,True
archive_v2/Testing\pituitary\pituitary_TT_0939.jpg,unknown,True
archive_v2/Testing\pituitary\pituitary_TT_0945.jpg,unknown,True
archive_v2/Testing\pituitary\pituitary_TT_0949.jpg,unknown,True
archive_v2/Testing\pituitary\pituitary_TT_0955.jpg,unknown,True
archive_v2/Testing\pituitary\pituitary_TT_0961.jpg,unknown,True
archive_v2/Testing\pituitary\pituitary_TT_0964.jpg,unknown,True
archive_v2/Testing\pituitary\pituitary_TT_0972.jpg,unknown,True
archive_v2/Testing\pituitary\pituitary_TT_0973.jpg,unknown,True
archive_v2/Testing\pituitary\pituitary_TT_0979.jpg,unknown,True
archive_v2/Testing\pituitary\pituitary_TT_0980.jpg,unknown,True
archive_v2/Testing\pituitary\pituitary_TT_0981.jpg,unknown,True
archive_v2/Testing\pituitary\pituitary_TT_0987.jpg,unknown,True
archive_v2/Testing\pituitary\pituitary_TT_0990.jpg,unknown,True
archive_v2/Testing\pituitary\pituitary_TT_1011.jpg,unknown,True
archive_v2/Testing\pituitary\pituitary_TT_1013.jpg,unknown,True
archive_v2/Testing\pituitary\pituitary_TT_1017.jpg,unknown,True
archive_v2/Testing\pituitary\pituitary_TT_1020.jpg,unknown,True
archive_v2/Testing\pituitary\pituitary_TT_1028.jpg,unknown,True
archive_v2/Testing\pituitary\pituitary_TT_1031.jpg,unknown,True
archive_v2/Testing\pituitary\pituitary_TT_1041.jpg,unknown,True
archive_v2/Testing\pituitary\pituitary_TT_1054.jpg,unknown,True
archive_v2/Testing\pituitary\pituitary_TT_1061.jpg,unknown,True
archive_v2/Testing\pituitary\pituitary_TT_1074.jpg,unknown,True
archive_v2/Testing\pituitary\pituitary_TT_1075.jpg,unknown,True
archive_v2/Testing\pituitary\pituitary_TT_1076.jpg,unknown,True
archive_v2/Testing\pituitary\pituitary_TT_1083.jpg,unknown,True
archive_v2/Testing\pituitary\pituitary_TT_1088.jpg,unknown,True
archive_v2/Testing\pituitary\pituitary_TT_1096.jpg,unknown,True
archive_v2/Testing\pituitary\pituitary_TT_1097.jpg,unknown,True
archive_v2/Testing\pituitary\pituitary_TT_1099.jpg,unknown,True
archive_v2/Testing\pituitary\pituitary_TT_1102.jpg,unknown,True
archive_v2/Testing\pituitary\pituitary_TT_1109.jpg,unknown,True
archive_v2/Testing\pituitary\pituitary_TT_1111.jpg,unknown,True
archive_v2/Testing\pituitary\pituitary_TT_1113.jpg,unknown,True
archive_v2/Testing\pituitary\pituitary_TT_1114.jpg,unknown,True
archive_v2/Testing\pituitary\pituitary_TT_1116.jpg,unknown,True
archive_v2/Testing\pituitary\pituitary_TT_1121.jpg,unknown,True
archive_v2/Testing\pituitary\pituitary_TT_1130.jpg,unknown,True
archive_v2/Testing\pituitary\pituitary_TT_1132.jpg,unknown,True
archive_v2/Testing\pituitary\pituitary_TT_1142.jpg,unknown,True
archive_v2/Testing\pituitary\pituitary_TT_1144.jpg,unknown,True
archive_v2/Testing\pituitary\pituitary_TT_1147.jpg,unknown,True
archive_v2/Testing\pituitary\pituitary_TT_1156.jpg,unknown,True
archive_v2/Testing\pituitary\pituitary_TT_1157.jpg,unknown,True
archive_v2/Testing\pituitary\pituitary_TT_1169.jpg,unknown,True
archive_v2/Testing\pituitary\pituitary_TT_1175.jpg,unknown,True
archive_v2/Testing\pituitary\pituitary_TT_1179.jpg,unknown,True
archive_v2/Testing\pituitary\pituitary_TT_1185.jpg,unknown,True
archive_v2/Testing\pituitary\pituitary_TT_1196.jpg,unknown,True
archive_v2/Testing\pituitary\pituitary_TT_1198.jpg,unknown,True
archive_v2/Testing\pituitary\pituitary_TT_1202.jpg,unknown,True
archive_v2/Testing\pituitary\pituitary_TT_1206.jpg,unknown,True
archive_v2/Testing\pituitary\pituitary_TT_1209.jpg,unknown,True
archive_v2/Testing\pituitary\pituitary_TT_1210.jpg,unknown,True
archive_v2/Testing\pituitary\pituitary_TT_1213.jpg,unknown,True
archive_v2/Testing\pituitary\pituitary_TT_1216.jpg,unknown,True
archive_v2/Testing\pituitary\pituitary_TT_1224.jpg,unknown,True
archive_v2/Testing\pituitary\pituitary_TT_1226.jpg,unknown,True
archive_v2/Testing\pituitary\pituitary_TT_1235.jpg,unknown,True
archive_v2/Testing\pituitary\pituitary_TT_1244.jpg,unknown,True
archive_v2/Testing\pituitary\pituitary_TT_1245.jpg,unknown,True
archive_v2/Testing\pituitary\pituitary_TT_1250.jpg,unknown,True
archive_v2/Testing\pituitary\pituitary_TT_1254.jpg,unknown,True
archive_v2/Testing\pituitary\pituitary_TT_1257.jpg,unknown,True
archive_v2/Testing\pituitary\pituitary_TT_1261.jpg,unknown,True
archive_v2/Testing\pituitary\pituitary_TT_1262.jpg,unknown,True
archive_v2/Testing\pituitary\pituitary_TT_1269.jpg,unknown,True
archive_v2/Testing\pituitary\pituitary_TT_1275.jpg,unknown,True
archive_v2/Testing\pituitary\pituitary_TT_1281.jpg,unknown,True
archive_v2/Testing\pituitary\pituitary_TT_1282.jpg,unknown,True
archive_v2/Testing\pituitary\pituitary_TT_1287.jpg,unknown,True
archive_v2/Testing\pituitary\pituitary_TT_1299.jpg,unknown,True
archive_v2/Testing\pituitary\pituitary_TT_1305.jpg,unknown,True
archive_v2/Testing\pituitary\pituitary_TT_1311.jpg,unknown,True
archive_v2/Testing\pituitary\pituitary_TT_1316.jpg,unknown,True
archive_v2/Testing\pituitary\pituitary_TT_1318.jpg,unknown,True
archive_v2/Testing\pituitary\pituitary_TT_1320.jpg,unknown,True
archive_v2/Testing\pituitary\pituitary_TT_1332.jpg,unknown,True
archive_v2/Testing\pituitary\pituitary_TT_1333.jpg,unknown,True
archive_v2/Testing\pituitary\pituitary_TT_1343.jpg,unknown,True
archive_v2/Testing\pituitary\pituitary_TT_1351.jpg,unknown,True
archive_v2/Testing\pituitary\pituitary_TT_1356.jpg,unknown,True
archive_v2/Testing\pituitary\pituitary_TT_1359.jpg,unknown,True
archive_v2/Testing\pituitary\pituitary_TT_1368.jpg,unknown,True
archive_v2/Testing\pituitary\pituitary_TT_1371.jpg,unknown,True
archive_v2/Testing\pituitary\pituitary_TT_1375.jpg,unknown,True
archive_v2/Testing\pituitary\pituitary_TT_1381.jpg,unknown,True
archive_v2/Testing\pituitary\pituitary_TT_1382.jpg,unknown,True
archive_v2/Testing\pituitary\pituitary_TT_1384.jpg,unknown,True
archive_v2/Testing\pituitary\pituitary_TT_1385.jpg,unknown,True
archive_v2/Testing\pituitary\pituitary_TT_1386.jpg,unknown,True
archive_v2/Testing\pituitary\pituitary_TT_1389.jpg,unknown,True
archive_v2/Testing\pituitary\pituitary_TT_1393.jpg,unknown,True
archive_v2/Testing\pituitary\pituitary_TT_1397.jpg,unknown,True
archive_v2/Testing\pituitary\pituitary_TT_1401.jpg,unknown,True
archive_v2/Testing\pituitary\pituitary_TT_1410.jpg,unknown,True
archive_v2/Testing\pituitary\pituitary_TT_1418.jpg,unknown,True
archive_v2/Testing\pituitary\pituitary_TT_1420.jpg,unknown,True
archive_v2/Testing\pituitary\pituitary_TT_1422.jpg,unknown,True
archive_v2/Testing\pituitary\pituitary_TT_1431.jpg,unknown,True
archive_v2/Testing\pituitary\pituitary_TT_1437.jpg,unknown,True
archive_v2/Testing\pituitary\pituitary_TT_1444.jpg,unknown,True
archive_v2/Testing\pituitary\pituitary_TT_1446.jpg,unknown,True
archive_v2/Testing\pituitary\pituitary_TT_1450.jpg,unknown,True
archive_v2/Testing\pituitary\pituitary_TT_1453.jpg,unknown,True
archive_v2/Testing\pituitary\pituitary_TT_1455.jpg,unknown,True
archive_v2/Testing\pituitary\pituitary_TT_1460.jpg,unknown,True
archive_v2/Testing\pituitary\pituitary_TT_1466.jpg,unknown,True
archive_v2/Testing\pituitary\pituitary_TT_1468.jpg,unknown,True
archive_v2/Testing\pituitary\pituitary_TT_1469.jpg,unknown,True
archive_v2/Testing\pituitary\pituitary_TT_1472.jpg,unknown,True
archive_v2/Testing\pituitary\pituitary_TT_1479.jpg,unknown,True
archive_v2/Testing\pituitary\pituitary_TT_1482.jpg,unknown,True
archive_v2/Testing\pituitary\pituitary_TT_1484.jpg,unknown,True
archive_v2/Testing\pituitary\pituitary_TT_1494.jpg,unknown,True
archive_v2/Testing\pituitary\pituitary_TT_1495.jpg,unknown,True
archive_v2/Testing\pituitary\pituitary_TT_1503.jpg,unknown,True
archive_v2/Testing\pituitary\pituitary_TT_1517.jpg,unknown,True
archive_v2/Testing\pituitary\pituitary_TT_1519.jpg,unknown,True
archive_v2/Testing\pituitary\pituitary_TT_1521.jpg,unknown,True
archive_v2/Testing\pituitary\pituitary_TT_1524.jpg,unknown,True
archive_v2/Testing\pituitary\pituitary_TT_1533.jpg,unknown,True
archive_v2/Testing\pituitary\pituitary_TT_1538.jpg,unknown,True
archive_v2/Testing\pituitary\pituitary_TT_1539.jpg,unknown,True
archive_v2/Testing\pituitary\pituitary_TT_1554.jpg,unknown,True
archive_v2/Testing\pituitary\pituitary_TT_1564.jpg,unknown,True
archive_v2/Testing\pituitary\pituitary_TT_1566.jpg,unknown,True
archive_v2/Testing\pituitary\pituitary_TT_1574.jpg,unknown,True
archive_v2/Testing\pituitary\pituitary_TT_1579.jpg,unknown,True
archive_v2/Testing\pituitary\pituitary_TT_1583.jpg,unknown,True
archive_v2/Testing\pituitary\pituitary_TT_1584.jpg,unknown,True
archive_v2/Testing\pituitary\pituitary_TT_1600.jpg,unknown,True
archive_v2/Testing\pituitary\pituitary_TT_1603.jpg,unknown,True
archive_v2/Testing\pituitary\pituitary_TT_1605.jpg,unknown,True
archive_v2/Testing\pituitary\pituitary_TT_1607.jpg,unknown,True
archive_v2/Testing\pituitary\pituitary_TT_1619.jpg,unknown,True
archive_v2/Testing\pituitary\pituitary_TT_1622.jpg,unknown,True
archive_v2/Testing\pituitary\pituitary_TT_1625.jpg,unknown,True
archive_v2/Testing\pituitary\pituitary_TT_1660.jpg,unknown,True
archive_v2/Testing\pituitary\pituitary_TT_1664.jpg,unknown,True
archive_v2/Testing\pituitary\pituitary_TT_1675.jpg,unknown,True
archive_v2/Testing\pituitary\pituitary_TT_1679.jpg,unknown,True
archive_v2/Testing\pituitary\pituitary_TT_1680.jpg,unknown,True
archive_v2/Testing\pituitary\pituitary_TT_1682.jpg,unknown,True
archive_v2/Testing\pituitary\pituitary_TT_1686.jpg,unknown,True
archive_v2/Testing\pituitary\pituitary_TT_1703.jpg,unknown,True
archive_v2/Testing\pituitary\pituitary_TT_1711.jpg,unknown,True
archive_v2/Testing\pituitary\pituitary_TT_1712.jpg,unknown,True
archive_v2/Testing\pituitary\pituitary_TT_1715.jpg,unknown,True
archive_v2/Testing\pituitary\pituitary_TT_1720.jpg,unknown,True
archive_v2/Testing\pituitary\pituitary_TT_1722.jpg,unknown,True
archive_v2/Testing\pituitary\pituitary_TT_1728.jpg,unknown,True
archive_v2/Testing\pituitary\pituitary_TT_1739.jpg,unknown,True
archive_v2/Testing\pituitary\pituitary_TT_1755.jpg,unknown,True
archive_v2/Testing\pituitary\pituitary_TT_1772.jpg,unknown,True
archive_v2/Testing\pituitary\pituitary_TT_1781.jpg,unknown,True
archive_v2/Testing\pituitary\pituitary_TT_1782.jpg,unknown,True
archive_v2/Testing\pituitary\pituitary_TT_1789.jpg,unknown,True
archive_v2/Testing\pituitary\pituitary_TT_1802.jpg,unknown,True
archive_v2/Testing\pituitary\pituitary_TT_1806.jpg,unknown,True
archive_v2/Testing\pituitary\pituitary_TT_1807.jpg,unknown,True
archive_v2/Testing\pituitary\pituitary_TT_1810.jpg,unknown,True
archive_v2/Testing\pituitary\pituitary_TT_1814.jpg,unknown,True
archive_v2/Testing\pituitary\pituitary_TT_1818.jpg,unknown,True
archive_v2/Testing\pituitary\pituitary_TT_1820.jpg,unknown,True
archive_v2/Testing\pituitary\pituitary_TT_1824.jpg,unknown,True
archive_v2/Testing\pituitary\pituitary_TT_1826.jpg,unknown,True
archive_v2/Testing\pituitary\pituitary_TT_1831.jpg,unknown,True
archive_v2/Testing\pituitary\pituitary_TT_1835.jpg,unknown,True
archive_v2/Testing\pituitary\pituitary_TT_1837.jpg,unknown,True
archive_v2/Testing\pituitary\pituitary_TT_1845.jpg,unknown,True
archive_v2/Testing\pituitary\pituitary_TT_1846.jpg,unknown,True
archive_v2/Testing\pituitary\pituitary_TT_1847.jpg,unknown,True
archive_v2/Testing\pituitary\pituitary_TT_1851.jpg,unknown,True
archive_v2/Testing\pituitary\pituitary_TT_1853.jpg,unknown,True
archive_v2/Testing\pituitary\pituitary_TT_1855.jpg,unknown,True
archive_v2/Testing\pituitary\pituitary_TT_1858.jpg,unknown,True
archive_v2/Testing\pituitary\pituitary_TT_1865.jpg,unknown,True
archive_v2/Testing\pituitary\pituitary_TT_1866.jpg,unknown,True
archive_v2/Testing\pituitary\pituitary_TT_1871.jpg,unknown,True
archive_v2/Testing\pituitary\pituitary_TT_1873.jpg,unknown,True
archive_v2/Testing\pituitary\pituitary_TT_1891.jpg,unknown,True
archive_v2/Testing\pituitary\pituitary_TT_1893.jpg,unknown,True
archive_v2/Testing\pituitary\pituitary_TT_1894.jpg,unknown,True
archive_v2/Testing\pituitary\pituitary_TT_1900.jpg,unknown,True
archive_v2/Testing\pituitary\pituitary_TT_1912.jpg,unknown,True
archive_v2/Testing\pituitary\pituitary_TT_1917.jpg,unknown,True
archive_v2/Testing\pituitary\pituitary_TT_1928.jpg,unknown,True
archive_v2/Testing\pituitary\pituitary_TT_1931.jpg,unknown,True
archive_v2/Testing\pituitary\pituitary_TT_1939.jpg,unknown,True
archive_v2/Testing\pituitary\pituitary_TT_1943.jpg,unknown,True
archive_v2/Testing\pituitary\pituitary_TT_1961.jpg,unknown,True
archive_v2/Testing\pituitary\pituitary_TT_1962.jpg,unknown,True
archive_v2/Testing\pituitary\pituitary_TT_1967.jpg,unknown,True
archive_v2/Testing\pituitary\pituitary_TT_1968.jpg,unknown,True
archive_v2/Testing\pituitary\pituitary_TT_1969.jpg,unknown,True
archive_v2/Testing\pituitary\pituitary_TT_1970.jpg,unknown,True
archive_v2/Testing\pituitary\pituitary_TT_1979.jpg,unknown,True
archive_v2/Testing\pituitary\pituitary_TT_1992.jpg,unknown,True
archive_v2/Testing\pituitary\pituitary_TT_1994.jpg,unknown,True
archive_v2/Testing\pituitary\pituitary_TT_2007.jpg,unknown,True
archive_v2/Testing\pituitary\pituitary_TT_2008.jpg,unknown,True
archive_v2/Testing\pituitary\pituitary_TT_2021.jpg,unknown,True
archive_v2/Testing\pituitary\pituitary_TT_2022.jpg,unknown,True
archive_v2/Testing\pituitary\pituitary_TT_2030.jpg,unknown,True
archive_v2/Testing\pituitary\pituitary_TT_2032.jpg,unknown,True
archive_v2/Testing\pituitary\pituitary_TT_2046.jpg,unknown,True
archive_v2/Testing\pituitary\pituitary_TT_2049.jpg,unknown,True
archive_v2/Testing\pituitary\pituitary_TT_2053.jpg,unknown,True
archive_v2/Testing\pituitary\pituitary_TT_2055.jpg,unknown,True
archive_v2/Testing\pituitary\pituitary_TT_2058.jpg,unknown,True
archive_v2/Testing\pituitary\pituitary_TT_2063.jpg,unknown,True
archive_v2/Testing\pituitary\pituitary_TT_2070.jpg,unknown,True
archive_v2/Testing\pituitary\pituitary_TT_2079.jpg,unknown,True
archive_v2/Testing\pituitary\pituitary_TT_2085.jpg,unknown,True
archive_v2/Testing\pituitary\pituitary_TT_2086.jpg,unknown,True
archive_v2/Testing\pituitary\pituitary_TT_2087.jpg,unknown,True
archive_v2/Testing\pituitary\pituitary_TT_2090.jpg,unknown,True
archive_v2/Testing\pituitary\pituitary_TT_2091.jpg,unknown,True
archive_v2/Testing\pituitary\pituitary_TT_2092.jpg,unknown,True
archive_v2/Testing\pituitary\pituitary_TT_2098.jpg,unknown,True
archive_v2/Testing\pituitary\pituitary_TT_2108.jpg,unknown,True
archive_v2/Testing\pituitary\pituitary_TT_2117.jpg,unknown,True
archive_v2/Testing\pituitary\pituitary_TT_2119.jpg,unknown,True
archive_v2/Testing\pituitary\pituitary_TT_2121.jpg,unknown,True
archive_v2/Testing\pituitary\pituitary_TT_2122.jpg,unknown,True
archive_v2/Testing\pituitary\pituitary_TT_2124.jpg,unknown,True
archive_v2/Testing\pituitary\pituitary_TT_2126.jpg,unknown,True
archive_v2/Testing\pituitary\pituitary_TT_2131.jpg,unknown,True
archive_v2/Testing\pituitary\pituitary_TT_2132.jpg,unknown,True
archive_v2/Testing\pituitary\pituitary_TT_2142.jpg,unknown,True
archive_v2/Testing\pituitary\pituitary_TT_2160.jpg,unknown,True
archive_v2/Testing\pituitary\pituitary_TT_2161.jpg,unknown,True
archive_v2/Testing\pituitary\pituitary_TT_2162.jpg,unknown,True
archive_v2/Testing\pituitary\pituitary_TT_2165.jpg,unknown,True
archive_v2/Testing\pituitary\pituitary_TT_2168.jpg,unknown,True
archive_v2/Testing\pituitary\pituitary_TT_2169.jpg,unknown,True
archive_v2/Testing\pituitary\pituitary_TT_2175.jpg,unknown,True
archive_v2/Testing\pituitary\pituitary_TT_2177.jpg,unknown,True
archive_v2/Testing\pituitary\pituitary_TT_2179.jpg,unknown,True
archive_v2/Testing\pituitary\pituitary_TT_2187.jpg,unknown,True
archive_v2/Testing\pituitary\pituitary_TT_2193.jpg,unknown,True
archive_v2/Testing\pituitary\pituitary_TT_2208.jpg,unknown,True
archive_v2/Testing\pituitary\pituitary_TT_2211.jpg,unknown,True
archive_v2/Testing\pituitary\pituitary_TT_2216.jpg,unknown,True
archive_v2/Testing\pituitary\pituitary_TT_2220.jpg,unknown,True
archive_v2/Testing\pituitary\pituitary_TT_2227.jpg,unknown,True
archive_v2/Testing\pituitary\pituitary_TT_2233.jpg,unknown,True
archive_v2/Testing\pituitary\pituitary_TT_2235.jpg,unknown,True
archive_v2/Testing\pituitary\pituitary_TT_2245.jpg,unknown,True
archive_v2/Testing\pituitary\pituitary_TT_2249.jpg,unknown,True
archive_v2/Testing\pituitary\pituitary_TT_2252.jpg,unknown,True
archive_v2/Testing\pituitary\pituitary_TT_2254.jpg,unknown,True
archive_v2/Testing\pituitary\pituitary_TT_2257.jpg,unknown,True
archive_v2/Testing\pituitary\pituitary_TT_2260.jpg,unknown,True
archive_v2/Testing\pituitary\pituitary_TT_2261.jpg,unknown,True
archive_v2/Testing\pituitary\pituitary_TT_2262.jpg,unknown,True
archive_v2/Testing\pituitary\pituitary_TT_2263.jpg,unknown,True
archive_v2/Testing\pituitary\pituitary_TT_2273.jpg,unknown,True
archive_v2/Testing\pituitary\pituitary_TT_2274.jpg,unknown,True
archive_v2/Testing\pituitary\pituitary_TT_2277.jpg,unknown,True
archive_v2/Testing\pituitary\pituitary_TT_2282.jpg,unknown,True
archive_v2/Testing\pituitary\pituitary_TT_2295.jpg,unknown,True
archive_v2/Testing\pituitary\pituitary_TT_2302.jpg,unknown,True
archive_v2/Testing\pituitary\pituitary_TT_2307.jpg,unknown,True
archive_v2/Testing\pituitary\pituitary_TT_2311.jpg,unknown,True
archive_v2/Testing\pituitary\pituitary_TT_2312.jpg,unknown,True
archive_v2/Testing\pituitary\pituitary_TT_2315.jpg,unknown,True
archive_v2/Testing\pituitary\pituitary_TT_2326.jpg,unknown,True
archive_v2/Testing\pituitary\pituitary_TT_2328.jpg,unknown,True
archive_v2/Testing\pituitary\pituitary_TT_2342.jpg,unknown,True
archive_v2/Testing\pituitary\pituitary_TT_2351.jpg,unknown,True
archive_v2/Testing\pituitary\pituitary_TT_2355.jpg,unknown,True
archive_v2/Testing\pituitary\pituitary_TT_2360.jpg,unknown,True
archive_v2/Testing\pituitary\pituitary_TT_2374.jpg,unknown,True
archive_v2/Testing\pituitary\pituitary_TT_2382.jpg,unknown,True
archive_v2/Testing\pituitary\pituitary_TT_2388.jpg,unknown,True
archive_v2/Testing\pituitary\pituitary_TT_2391.jpg,unknown,True
archive_v2/Testing\pituitary\pituitary_TT_2393.jpg,unknown,True
archive_v2/Testing\pituitary\pituitary_TT_2400.jpg,unknown,True
archive_v2/Testing\pituitary\pituitary_TT_2422.jpg,unknown,True
archive_v2/Testing\pituitary\pituitary_TT_2427.jpg,unknown,True
archive_v2/Testing\pituitary\pituitary_TT_2433.jpg,unknown,True
archive_v2/Testing\pituitary\pituitary_TT_2440.jpg,unknown,True
archive_v2/Testing\pituitary\pituitary_TT_2441.jpg,unknown,True
archive_v2/Testing\pituitary\pituitary_TT_2443.jpg,unknown,True
archive_v2/Testing\pituitary\pituitary_TT_2450.jpg,unknown,True
archive_v2/Testing\pituitary\pituitary_TT_2452.jpg,unknown,True
archive_v2/Testing\pituitary\pituitary_TT_2455.jpg,unknown,True
archive_v2/Testing\pituitary\pituitary_TT_2456.jpg,unknown,True
archive_v2/Testing\pituitary\pituitary_TT_2459.jpg,unknown,True
archive_v2/Testing\pituitary\pituitary_TT_2462.jpg,unknown,True
archive_v2/Testing\pituitary\pituitary_TT_2464.jpg,unknown,True
archive_v2/Testing\pituitary\pituitary_TT_2469.jpg,unknown,True
archive_v2/Testing\pituitary\pituitary_TT_2470.jpg,unknown,True
archive_v2/Testing\pituitary\pituitary_TT_2474.jpg,unknown,True
archive_v2/Testing\pituitary\pituitary_TT_2475.jpg,unknown,True
archive_v2/Testing\pituitary\pituitary_TT_2478.jpg,unknown,True
archive_v2/Testing\pituitary\pituitary_TT_2484.jpg,unknown,True
archive_v2/Testing\pituitary\pituitary_TT_2485.jpg,unknown,True
archive_v2/Testing\pituitary\pituitary_TT_2491.jpg,unknown,True
archive_v2/Testing\pituitary\pituitary_TT_2497.jpg,unknown,True
archive_v2/Testing\pituitary\pituitary_TT_2501.jpg,unknown,True
archive_v2/Testing\pituitary\pituitary_TT_2514.jpg,unknown,True
archive_v2/Testing\pituitary\pituitary_TT_2518.jpg,unknown,True
archive_v2/Testing\pituitary\pituitary_TT_2524.jpg,unknown,True
archive_v2/Testing\pituitary\pituitary_TT_2531.jpg,unknown,True
archive_v2/Testing\pituitary\pituitary_TT_2532.jpg,unknown,True
archive_v2/Testing\pituitary\pituitary_TT_2535.jpg,unknown,True
archive_v2/Testing\pituitary\pituitary_TT_2540.jpg,unknown,True
archive_v2/Testing\pituitary\pituitary_TT_2541.jpg,unknown,True
archive_v2/Testing\pituitary\pituitary_TT_2542.jpg,unknown,True
archive_v2/Testing\pituitary\pituitary_TT_2543.jpg,unknown,True
archive_v2/Testing\pituitary\pituitary_TT_2546.jpg,unknown,True
archive_v2/Testing\pituitary\pituitary_TT_2549.jpg,unknown,True
archive_v2/Testing\pituitary\pituitary_TT_2552.jpg,unknown,True
archive_v2/Testing\pituitary\pituitary_TT_2554.jpg,unknown,True
archive_v2/Testing\pituitary\pituitary_TT_2558.jpg,unknown,True
archive_v2/Testing\pituitary\pituitary_TT_2564.jpg,unknown,True
archive_v2/Testing\pituitary\pituitary_TT_2567.jpg,unknown,True
archive_v2/Testing\pituitary\pituitary_TT_2582.jpg,unknown,True
archive_v2/Testing\pituitary\pituitary_TT_2587.jpg,unknown,True
archive_v2/Testing\pituitary\pituitary_TT_2592.jpg,unknown,True
archive_v2/Testing\pituitary\pituitary_TT_2599.jpg,unknown,True
archive_v2/Testing\pituitary\pituitary_TT_2601.jpg,unknown,True
archive_v2/Testing\pituitary\pituitary_TT_2609.jpg,unknown,True
archive_v2/Testing\pituitary\pituitary_TT_2610.jpg,unknown,True
archive_v2/Testing\pituitary\pituitary_TT_2611.jpg,unknown,True
archive_v2/Testing\pituitary\pituitary_TT_2612.jpg,unknown,True
archive_v2/Testing\pituitary\pituitary_TT_2614.jpg,unknown,True
archive_v2/Testing\pituitary\pituitary_TT_2621.jpg,unknown,True
archive_v2/Testing\pituitary\pituitary_TT_2623.jpg,unknown,True
archive_v2/Testing\pituitary\pituitary_TT_2629.jpg,unknown,True
archive_v2/Testing\pituitary\pituitary_TT_2631.jpg,unknown,True
archive_v2/Testing\pituitary\pituitary_TT_2636.jpg,unknown,True
archive_v2/Testing\pituitary\pituitary_TT_2637.jpg,unknown,True
archive_v2/Testing\pituitary\pituitary_TT_2639.jpg,unknown,True
archive_v2/Testing\pituitary\pituitary_TT_2640.jpg,unknown,True
archive_v2/Testing\pituitary\pituitary_TT_2643.jpg,unknown,True
archive_v2/Testing\pituitary\pituitary_TT_2647.jpg,unknown,True
archive_v2/Testing\pituitary\pituitary_TT_2651.jpg,unknown,True
archive_v2/Testing\pituitary\pituitary_TT_2652.jpg,unknown,True
archive_v2/Testing\pituitary\pituitary_TT_2659.jpg,unknown,True
archive_v2/Testing\pituitary\pituitary_TT_2660.jpg,unknown,True
archive_v2/Testing\pituitary\pituitary_TT_2662.jpg,unknown,True
archive_v2/Testing\pituitary\pituitary_TT_2667.jpg,unknown,True
archive_v2/Testing\pituitary\pituitary_TT_2675.jpg,unknown,True
archive_v2/Testing\pituitary\pituitary_TT_2684.jpg,unknown,True
archive_v2/Testing\pituitary\pituitary_TT_2690.jpg,unknown,True
archive_v2/Testing\pituitary\pituitary_TT_2697.jpg,unknown,True
archive_v2/Testing\pituitary\pituitary_TT_2700.jpg,unknown,True
archive_v2/Testing\pituitary\pituitary_TT_2702.jpg,unknown,True
archive_v2/Testing\pituitary\pituitary_TT_2704.jpg,unknown,True
archive_v2/Testing\pituitary\pituitary_TT_2706.jpg,unknown,True
archive_v2/Testing\pituitary\pituitary_TT_2715.jpg,unknown,True
archive_v2/Testing\pituitary\pituitary_TT_2719.jpg,unknown,True
archive_v2/Testing\pituitary\pituitary_TT_2721.jpg,unknown,True
archive_v2/Testing\pituitary\pituitary_TT_2725.jpg,unknown,True
archive_v2/Testing\pituitary\pituitary_TT_2736.jpg,unknown,True
archive_v2/Testing\pituitary\pituitary_TT_2743.jpg,unknown,True
archive_v2/Testing\pituitary\pituitary_TT_2745.jpg,unknown,True
archive_v2/Testing\pituitary\pituitary_TT_2749.jpg,unknown,True
archive_v2/Testing\pituitary\pituitary_TT_2757.jpg,unknown,True
archive_v2/Testing\pituitary\pituitary_TT_2760.jpg,unknown,True
archive_v2/Testing\pituitary\pituitary_TT_2767.jpg,unknown,True
archive_v2/Testing\pituitary\pituitary_TT_2773.jpg,unknown,True
archive_v2/Testing\pituitary\pituitary_TT_2774.jpg,unknown,True
archive_v2/Testing\pituitary\pituitary_TT_2776.jpg,unknown,True
archive_v2/Testing\pituitary\pituitary_TT_2796.jpg,unknown,True
archive_v2/Testing\pituitary\pituitary_TT_2809.jpg,unknown,True
archive_v2/Testing\pituitary\pituitary_TT_2813.jpg,unknown,True
archive_v2/Testing\pituitary\pituitary_TT_2816.jpg,unknown,True
archive_v2/Testing\pituitary\pituitary_TT_2824.jpg,unknown,True
archive_v2/Testing\pituitary\pituitary_TT_2835.jpg,unknown,True
archive_v2/Testing\pituitary\pituitary_TT_2839.jpg,unknown,True
archive_v2/Testing\pituitary\pituitary_TT_2843.jpg,unknown,True
archive_v2/Testing\pituitary\pituitary_TT_2861.jpg,unknown,True
archive_v2/Testing\pituitary\pituitary_TT_2864.jpg,unknown,True
archive_v2/Testing\pituitary\pituitary_TT_2867.jpg,unknown,True
archive_v2/Testing\pituitary\pituitary_TT_2871.jpg,unknown,True
archive_v2/Testing\pituitary\pituitary_TT_2873.jpg,unknown,True
archive_v2/Testing\pituitary\pituitary_TT_2877.jpg,unknown,True
archive_v2/Testing\pituitary\pituitary_TT_2888.jpg,unknown,True
archive_v2/Testing\pituitary\pituitary_TT_2891.jpg,unknown,True
archive_v2/Testing\pituitary\pituitary_TT_2895.jpg,unknown,True
archive_v2/Testing\pituitary\pituitary_TT_2905.jpg,unknown,True
archive_v2/Testing\pituitary\pituitary_TT_2913.jpg,unknown,True
archive_v2/Testing\pituitary\pituitary_TT_2915.jpg,unknown,True
archive_v2/Testing\pituitary\pituitary_TT_2916.jpg,unknown,True
archive_v2/Testing\pituitary\pituitary_TT_2925.jpg,unknown,True
archive_v2/Testing\pituitary\Te-pi_1.jpg,axial,False
archive_v2/Testing\pituitary\Te-pi_10.jpg,axial,False
archive_v2/Testing\pituitary\Te-pi_100.jpg,axial,False
archive_v2/Testing\pituitary\Te-pi_101.jpg,axial,False
archive_v2/Testing\pituitary\Te-pi_102.jpg,axial,False
archive_v2/Testing\pituitary\Te-pi_103.jpg,axial,False
archive_v2/Testing\pituitary\Te-pi_104.jpg,axial,False
archive_v2/Testing\pituitary\Te-pi_105.jpg,axial,False
archive_v2/Testing\pituitary\Te-pi_106.jpg,axial,False
archive_v2/Testing\pituitary\Te-pi_107.jpg,axial,False
archive_v2/Testing\pituitary\Te-pi_108.jpg,axial,False
archive_v2/Testing\pituitary\Te-pi_109.jpg,axial,False
archive_v2/Testing\pituitary\Te-pi_11.jpg,axial,False
archive_v2/Testing\pituitary\Te-pi_110.jpg,axial,False
archive_v2/Testing\pituitary\Te-pi_111.jpg,axial,False
archive_v2/Testing\pituitary\Te-pi_112.jpg,axial,False
archive_v2/Testing\pituitary\Te-pi_113.jpg,axial,False
archive_v2/Testing\pituitary\Te-pi_114.jpg,axial,False
archive_v2/Testing\pituitary\Te-pi_115.jpg,axial,False
archive_v2/Testing\pituitary\Te-pi_116.jpg,axial,False
archive_v2/Testing\pituitary\Te-pi_117.jpg,axial,False
archive_v2/Testing\pituitary\Te-pi_118.jpg,axial,False
archive_v2/Testing\pituitary\Te-pi_119.jpg,axial,False
archive_v2/Testing\pituitary\Te-pi_12.jpg,axial,False
archive_v2/Testing\pituitary\Te-pi_120.jpg,axial,False
archive_v2/Testing\pituitary\Te-pi_121.jpg,axial,False
archive_v2/Testing\pituitary\Te-pi_122.jpg,axial,False
archive_v2/Testing\pituitary\Te-pi_123.jpg,axial,False
archive_v2/Testing\pituitary\Te-pi_124.jpg,axial,False
archive_v2/Testing\pituitary\Te-pi_125.jpg,axial,False
archive_v2/Testing\pituitary\Te-pi_126.jpg,axial,False
archive_v2/Testing\pituitary\Te-pi_127.jpg,axial,False
archive_v2/Testing\pituitary\Te-pi_128.jpg,axial,False
archive_v2/Testing\pituitary\Te-pi_129.jpg,axial,False
archive_v2/Testing\pituitary\Te-pi_13.jpg,axial,False
archive_v2/Testing\pituitary\Te-pi_130.jpg,axial,False
archive_v2/Testing\pituitary\Te-pi_131.jpg,axial,False
archive_v2/Testing\pituitary\Te-pi_132.jpg,axial,False
archive_v2/Testing\pituitary\Te-pi_133.jpg,axial,False
archive_v2/Testing\pituitary\Te-pi_134.jpg,axial,False
archive_v2/Testing\pituitary\Te-pi_135.jpg,axial,False
archive_v2/Testing\pituitary\Te-pi_136.jpg,axial,False
archive_v2/Testing\pituitary\Te-pi_137.jpg,axial,False
archive_v2/Testing\pituitary\Te-pi_138.jpg,axial,False
archive_v2/Testing\pituitary\Te-pi_139.jpg,axial,False
archive_v2/Testing\pituitary\Te-pi_14.jpg,axial,False
archive_v2/Testing\pituitary\Te-pi_140.jpg,axial,False
archive_v2/Testing\pituitary\Te-pi_141.jpg,axial,False
archive_v2/Testing\pituitary\Te-pi_142.jpg,axial,False
archive_v2/Testing\pituitary\Te-pi_143.jpg,axial,False
archive_v2/Testing\pituitary\Te-pi_144.jpg,axial,False
archive_v2/Testing\pituitary\Te-pi_145.jpg,axial,False
archive_v2/Testing\pituitary\Te-pi_146.jpg,axial,False
archive_v2/Testing\pituitary\Te-pi_147.jpg,axial,False
archive_v2/Testing\pituitary\Te-pi_148.jpg,axial,False
archive_v2/Testing\pituitary\Te-pi_149.jpg,axial,False
archive_v2/Testing\pituitary\Te-pi_15.jpg,axial,False
archive_v2/Testing\pituitary\Te-pi_150.jpg,axial,False
archive_v2/Testing\pituitary\Te-pi_151.jpg,axial,False
archive_v2/Testing\pituitary\Te-pi_152.jpg,axial,False
archive_v2/Testing\pituitary\Te-pi_153.jpg,axial,False
archive_v2/Testing\pituitary\Te-pi_154.jpg,axial,False
archive_v2/Testing\pituitary\Te-pi_155.jpg,axial,False
archive_v2/Testing\pituitary\Te-pi_156.jpg,axial,False
archive_v2/Testing\pituitary\Te-pi_157.jpg,axial,False
archive_v2/Testing\pituitary\Te-pi_158.jpg,axial,False
archive_v2/Testing\pituitary\Te-pi_159.jpg,axial,False
archive_v2/Testing\pituitary\Te-pi_16.jpg,axial,False
archive_v2/Testing\pituitary\Te-pi_160.jpg,axial,False
archive_v2/Testing\pituitary\Te-pi_161.jpg,axial,False
archive_v2/Testing\pituitary\Te-pi_162.jpg,axial,False
archive_v2/Testing\pituitary\Te-pi_163.jpg,axial,False
archive_v2/Testing\pituitary\Te-pi_164.jpg,axial,False
archive_v2/Testing\pituitary\Te-pi_165.jpg,axial,False
archive_v2/Testing\pituitary\Te-pi_166.jpg,axial,False
archive_v2/Testing\pituitary\Te-pi_167.jpg,axial,False
archive_v2/Testing\pituitary\Te-pi_168.jpg,axial,False
archive_v2/Testing\pituitary\Te-pi_169.jpg,axial,False
archive_v2/Testing\pituitary\Te-pi_17.jpg,axial,False
archive_v2/Testing\pituitary\Te-pi_170.jpg,axial,False
archive_v2/Testing\pituitary\Te-pi_171.jpg,axial,False
archive_v2/Testing\pituitary\Te-pi_172.jpg,axial,False
archive_v2/Testing\pituitary\Te-pi_173.jpg,axial,False
archive_v2/Testing\pituitary\Te-pi_174.jpg,axial,False
archive_v2/Testing\pituitary\Te-pi_175.jpg,axial,False
archive_v2/Testing\pituitary\Te-pi_176.jpg,axial,False
archive_v2/Testing\pituitary\Te-pi_177.jpg,axial,False
archive_v2/Testing\pituitary\Te-pi_178.jpg,axial,False
archive_v2/Testing\pituitary\Te-pi_179.jpg,axial,False
archive_v2/Testing\pituitary\Te-pi_18.jpg,axial,False
archive_v2/Testing\pituitary\Te-pi_180.jpg,axial,False
archive_v2/Testing\pituitary\Te-pi_181.jpg,axial,False
archive_v2/Testing\pituitary\Te-pi_182.jpg,axial,False
archive_v2/Testing\pituitary\Te-pi_183.jpg,axial,False
archive_v2/Testing\pituitary\Te-pi_184.jpg,axial,False
archive_v2/Testing\pituitary\Te-pi_185.jpg,axial,False
archive_v2/Testing\pituitary\Te-pi_186.jpg,axial,False
archive_v2/Testing\pituitary\Te-pi_187.jpg,axial,False
archive_v2/Testing\pituitary\Te-pi_188.jpg,axial,False
archive_v2/Testing\pituitary\Te-pi_189.jpg,axial,False
archive_v2/Testing\pituitary\Te-pi_19.jpg,axial,False
archive_v2/Testing\pituitary\Te-pi_190.jpg,axial,False
archive_v2/Testing\pituitary\Te-pi_191.jpg,axial,False
archive_v2/Testing\pituitary\Te-pi_192.jpg,axial,False
archive_v2/Testing\pituitary\Te-pi_193.jpg,axial,False
archive_v2/Testing\pituitary\Te-pi_194.jpg,axial,False
archive_v2/Testing\pituitary\Te-pi_195.jpg,axial,False
archive_v2/Testing\pituitary\Te-pi_196.jpg,axial,False
archive_v2/Testing\pituitary\Te-pi_197.jpg,axial,False
archive_v2/Testing\pituitary\Te-pi_198.jpg,axial,False
archive_v2/Testing\pituitary\Te-pi_199.jpg,axial,False
archive_v2/Testing\pituitary\Te-pi_2.jpg,axial,False
archive_v2/Testing\pituitary\Te-pi_20.jpg,axial,False
archive_v2/Testing\pituitary\Te-pi_200.jpg,axial,False
archive_v2/Testing\pituitary\Te-pi_201.jpg,axial,False
archive_v2/Testing\pituitary\Te-pi_202.jpg,axial,False
archive_v2/Testing\pituitary\Te-pi_203.jpg,axial,False
archive_v2/Testing\pituitary\Te-pi_204.jpg,axial,False
archive_v2/Testing\pituitary\Te-pi_205.jpg,axial,False
archive_v2/Testing\pituitary\Te-pi_206.jpg,axial,False
archive_v2/Testing\pituitary\Te-pi_207.jpg,axial,False
archive_v2/Testing\pituitary\Te-pi_208.jpg,axial,False
archive_v2/Testing\pituitary\Te-pi_209.jpg,axial,False
archive_v2/Testing\pituitary\Te-pi_21.jpg,axial,False
archive_v2/Testing\pituitary\Te-pi_210.jpg,axial,False
archive_v2/Testing\pituitary\Te-pi_211.jpg,axial,False
archive_v2/Testing\pituitary\Te-pi_212.jpg,axial,False
archive_v2/Testing\pituitary\Te-pi_213.jpg,axial,False
archive_v2/Testing\pituitary\Te-pi_214.jpg,axial,False
archive_v2/Testing\pituitary\Te-pi_215.jpg,axial,False
archive_v2/Testing\pituitary\Te-pi_216.jpg,axial,False
archive_v2/Testing\pituitary\Te-pi_217.jpg,axial,False
archive_v2/Testing\pituitary\Te-pi_218.jpg,axial,False
archive_v2/Testing\pituitary\Te-pi_219.jpg,axial,False
archive_v2/Testing\pituitary\Te-pi_22.jpg,axial,False
archive_v2/Testing\pituitary\Te-pi_220.jpg,axial,False
archive_v2/Testing\pituitary\Te-pi_221.jpg,axial,False
archive_v2/Testing\pituitary\Te-pi_222.jpg,axial,False
archive_v2/Testing\pituitary\Te-pi_223.jpg,axial,False
archive_v2/Testing\pituitary\Te-pi_224.jpg,axial,False
archive_v2/Testing\pituitary\Te-pi_225.jpg,axial,False
archive_v2/Testing\pituitary\Te-pi_226.jpg,axial,False
archive_v2/Testing\pituitary\Te-pi_227.jpg,axial,False
archive_v2/Testing\pituitary\Te-pi_228.jpg,axial,False
archive_v2/Testing\pituitary\Te-pi_229.jpg,axial,False
archive_v2/Testing\pituitary\Te-pi_23.jpg,axial,False
archive_v2/Testing\pituitary\Te-pi_230.jpg,axial,False
archive_v2/Testing\pituitary\Te-pi_231.jpg,axial,False
archive_v2/Testing\pituitary\Te-pi_232.jpg,axial,False
archive_v2/Testing\pituitary\Te-pi_233.jpg,axial,False
archive_v2/Testing\pituitary\Te-pi_234.jpg,axial,False
archive_v2/Testing\pituitary\Te-pi_235.jpg,axial,False
archive_v2/Testing\pituitary\Te-pi_236.jpg,axial,False
archive_v2/Testing\pituitary\Te-pi_237.jpg,axial,False
archive_v2/Testing\pituitary\Te-pi_238.jpg,axial,False
archive_v2/Testing\pituitary\Te-pi_239.jpg,axial,False
archive_v2/Testing\pituitary\Te-pi_24.jpg,axial,False
archive_v2/Testing\pituitary\Te-pi_240.jpg,axial,False
archive_v2/Testing\pituitary\Te-pi_241.jpg,axial,False
archive_v2/Testing\pituitary\Te-pi_242.jpg,axial,False
archive_v2/Testing\pituitary\Te-pi_243.jpg,axial,False
archive_v2/Testing\pituitary\Te-pi_244.jpg,axial,False
archive_v2/Testing\pituitary\Te-pi_245.jpg,axial,False
archive_v2/Testing\pituitary\Te-pi_246.jpg,axial,False
archive_v2/Testing\pituitary\Te-pi_247.jpg,axial,False
archive_v2/Testing\pituitary\Te-pi_248.jpg,axial,False
archive_v2/Testing\pituitary\Te-pi_249.jpg,axial,False
archive_v2/Testing\pituitary\Te-pi_25.jpg,axial,False
archive_v2/Testing\pituitary\Te-pi_250.jpg,axial,False
archive_v2/Testing\pituitary\Te-pi_251.jpg,axial,False
archive_v2/Testing\pituitary\Te-pi_252.jpg,axial,False
archive_v2/Testing\pituitary\Te-pi_253.jpg,axial,False
archive_v2/Testing\pituitary\Te-pi_254.jpg,axial,False
archive_v2/Testing\pituitary\Te-pi_255.jpg,axial,False
archive_v2/Testing\pituitary\Te-pi_256.jpg,axial,False
archive_v2/Testing\pituitary\Te-pi_257.jpg,axial,False
archive_v2/Testing\pituitary\Te-pi_258.jpg,axial,False
archive_v2/Testing\pituitary\Te-pi_259.jpg,axial,False
archive_v2/Testing\pituitary\Te-pi_26.jpg,axial,False
archive_v2/Testing\pituitary\Te-pi_260.jpg,axial,False
archive_v2/Testing\pituitary\Te-pi_261.jpg,axial,False
archive_v2/Testing\pituitary\Te-pi_262.jpg,axial,False
archive_v2/Testing\pituitary\Te-pi_263.jpg,axial,False
archive_v2/Testing\pituitary\Te-pi_264.jpg,axial,False
archive_v2/Testing\pituitary\Te-pi_265.jpg,axial,False
archive_v2/Testing\pituitary\Te-pi_266.jpg,axial,False
archive_v2/Testing\pituitary\Te-pi_267.jpg,axial,False
archive_v2/Testing\pituitary\Te-pi_268.jpg,axial,False
archive_v2/Testing\pituitary\Te-pi_269.jpg,axial,False
archive_v2/Testing\pituitary\Te-pi_27.jpg,axial,False
archive_v2/Testing\pituitary\Te-pi_270.jpg,axial,False
archive_v2/Testing\pituitary\Te-pi_271.jpg,axial,False
archive_v2/Testing\pituitary\Te-pi_272.jpg,axial,False
archive_v2/Testing\pituitary\Te-pi_273.jpg,axial,False
archive_v2/Testing\pituitary\Te-pi_274.jpg,axial,False
archive_v2/Testing\pituitary\Te-pi_275.jpg,axial,False
archive_v2/Testing\pituitary\Te-pi_276.jpg,axial,False
archive_v2/Testing\pituitary\Te-pi_277.jpg,axial,False
archive_v2/Testing\pituitary\Te-pi_278.jpg,axial,False
archive_v2/Testing\pituitary\Te-pi_279.jpg,axial,False
archive_v2/Testing\pituitary\Te-pi_28.jpg,axial,False
archive_v2/Testing\pituitary\Te-pi_280.jpg,axial,False
archive_v2/Testing\pituitary\Te-pi_281.jpg,axial,False
archive_v2/Testing\pituitary\Te-pi_282.jpg,axial,False
archive_v2/Testing\pituitary\Te-pi_283.jpg,axial,False
archive_v2/Testing\pituitary\Te-pi_284.jpg,axial,False
archive_v2/Testing\pituitary\Te-pi_285.jpg,axial,False
archive_v2/Testing\pituitary\Te-pi_286.jpg,axial,False
archive_v2/Testing\pituitary\Te-pi_287.jpg,axial,False
archive_v2/Testing\pituitary\Te-pi_288.jpg,axial,False
archive_v2/Testing\pituitary\Te-pi_289.jpg,axial,False
archive_v2/Testing\pituitary\Te-pi_29.jpg,axial,False
archive_v2/Testing\pituitary\Te-pi_290.jpg,axial,False
archive_v2/Testing\pituitary\Te-pi_291.jpg,axial,False
archive_v2/Testing\pituitary\Te-pi_292.jpg,axial,False
archive_v2/Testing\pituitary\Te-pi_293.jpg,axial,False
archive_v2/Testing\pituitary\Te-pi_294.jpg,axial,False
archive_v2/Testing\pituitary\Te-pi_295.jpg,axial,False
archive_v2/Testing\pituitary\Te-pi_296.jpg,axial,False
archive_v2/Testing\pituitary\Te-pi_297.jpg,axial,False
archive_v2/Testing\pituitary\Te-pi_298.jpg,axial,False
archive_v2/Testing\pituitary\Te-pi_299.jpg,axial,False
archive_v2/Testing\pituitary\Te-pi_3.jpg,axial,False
archive_v2/Testing\pituitary\Te-pi_30.jpg,axial,False
archive_v2/Testing\pituitary\Te-pi_300.jpg,axial,False
archive_v2/Testing\pituitary\Te-pi_301.jpg,axial,False
archive_v2/Testing\pituitary\Te-pi_302.jpg,axial,False
archive_v2/Testing\pituitary\Te-pi_303.jpg,axial,False
archive_v2/Testing\pituitary\Te-pi_304.jpg,axial,False
archive_v2/Testing\pituitary\Te-pi_305.jpg,axial,False
archive_v2/Testing\pituitary\Te-pi_306.jpg,axial,False
archive_v2/Testing\pituitary\Te-pi_307.jpg,axial,False
archive_v2/Testing\pituitary\Te-pi_308.jpg,axial,False
archive_v2/Testing\pituitary\Te-pi_309.jpg,axial,False
archive_v2/Testing\pituitary\Te-pi_31.jpg,axial,False
archive_v2/Testing\pituitary\Te-pi_310.jpg,axial,False
archive_v2/Testing\pituitary\Te-pi_311.jpg,axial,False
archive_v2/Testing\pituitary\Te-pi_312.jpg,axial,False
archive_v2/Testing\pituitary\Te-pi_313.jpg,axial,False
archive_v2/Testing\pituitary\Te-pi_314.jpg,axial,False
archive_v2/Testing\pituitary\Te-pi_315.jpg,axial,False
archive_v2/Testing\pituitary\Te-pi_316.jpg,axial,False
archive_v2/Testing\pituitary\Te-pi_317.jpg,axial,False
archive_v2/Testing\pituitary\Te-pi_318.jpg,axial,False
archive_v2/Testing\pituitary\Te-pi_319.jpg,axial,False
archive_v2/Testing\pituitary\Te-pi_32.jpg,axial,False
archive_v2/Testing\pituitary\Te-pi_320.jpg,axial,False
archive_v2/Testing\pituitary\Te-pi_321.jpg,axial,False
archive_v2/Testing\pituitary\Te-pi_322.jpg,axial,False
archive_v2/Testing\pituitary\Te-pi_323.jpg,axial,False
archive_v2/Testing\pituitary\Te-pi_324.jpg,axial,False
archive_v2/Testing\pituitary\Te-pi_325.jpg,axial,False
archive_v2/Testing\pituitary\Te-pi_326.jpg,axial,False
archive_v2/Testing\pituitary\Te-pi_327.jpg,axial,False
archive_v2/Testing\pituitary\Te-pi_328.jpg,axial,False
archive_v2/Testing\pituitary\Te-pi_329.jpg,axial,False
archive_v2/Testing\pituitary\Te-pi_33.jpg,axial,False
archive_v2/Testing\pituitary\Te-pi_330.jpg,axial,False
archive_v2/Testing\pituitary\Te-pi_331.jpg,axial,False
archive_v2/Testing\pituitary\Te-pi_332.jpg,axial,False
archive_v2/Testing\pituitary\Te-pi_333.jpg,axial,False
archive_v2/Testing\pituitary\Te-pi_334.jpg,axial,False
archive_v2/Testing\pituitary\Te-pi_335.jpg,axial,False
archive_v2/Testing\pituitary\Te-pi_336.jpg,axial,False
archive_v2/Testing\pituitary\Te-pi_337.jpg,axial,False
archive_v2/Testing\pituitary\Te-pi_338.jpg,axial,False
archive_v2/Testing\pituitary\Te-pi_339.jpg,axial,False
archive_v2/Testing\pituitary\Te-pi_34.jpg,axial,False
archive_v2/Testing\pituitary\Te-pi_340.jpg,axial,False
archive_v2/Testing\pituitary\Te-pi_341.jpg,axial,False
archive_v2/Testing\pituitary\Te-pi_342.jpg,axial,False
archive_v2/Testing\pituitary\Te-pi_343.jpg,axial,False
archive_v2/Testing\pituitary\Te-pi_344.jpg,axial,False
archive_v2/Testing\pituitary\Te-pi_345.jpg,axial,False
archive_v2/Testing\pituitary\Te-pi_346.jpg,axial,False
archive_v2/Testing\pituitary\Te-pi_347.jpg,axial,False
archive_v2/Testing\pituitary\Te-pi_348.jpg,axial,False
archive_v2/Testing\pituitary\Te-pi_349.jpg,axial,False
archive_v2/Testing\pituitary\Te-pi_35.jpg,axial,False
archive_v2/Testing\pituitary\Te-pi_350.jpg,axial,False
archive_v2/Testing\pituitary\Te-pi_351.jpg,axial,False
archive_v2/Testing\pituitary\Te-pi_352.jpg,axial,False
archive_v2/Testing\pituitary\Te-pi_353.jpg,axial,False
archive_v2/Testing\pituitary\Te-pi_354.jpg,axial,False
archive_v2/Testing\pituitary\Te-pi_355.jpg,axial,False
archive_v2/Testing\pituitary\Te-pi_356.jpg,axial,False
archive_v2/Testing\pituitary\Te-pi_357.jpg,axial,False
archive_v2/Testing\pituitary\Te-pi_358.jpg,axial,False
archive_v2/Testing\pituitary\Te-pi_359.jpg,axial,False
archive_v2/Testing\pituitary\Te-pi_36.jpg,axial,False
archive_v2/Testing\pituitary\Te-pi_360.jpg,axial,False
archive_v2/Testing\pituitary\Te-pi_361.jpg,axial,False
archive_v2/Testing\pituitary\Te-pi_362.jpg,axial,False
archive_v2/Testing\pituitary\Te-pi_363.jpg,axial,False
archive_v2/Testing\pituitary\Te-pi_364.jpg,axial,False
archive_v2/Testing\pituitary\Te-pi_365.jpg,axial,False
archive_v2/Testing\pituitary\Te-pi_366.jpg,axial,False
archive_v2/Testing\pituitary\Te-pi_367.jpg,axial,False
archive_v2/Testing\pituitary\Te-pi_368.jpg,axial,False
archive_v2/Testing\pituitary\Te-pi_369.jpg,axial,False
archive_v2/Testing\pituitary\Te-pi_37.jpg,axial,False
archive_v2/Testing\pituitary\Te-pi_370.jpg,axial,False
archive_v2/Testing\pituitary\Te-pi_371.jpg,axial,False
archive_v2/Testing\pituitary\Te-pi_372.jpg,axial,False
archive_v2/Testing\pituitary\Te-pi_373.jpg,axial,False
archive_v2/Testing\pituitary\Te-pi_374.jpg,axial,False
archive_v2/Testing\pituitary\Te-pi_375.jpg,axial,False
archive_v2/Testing\pituitary\Te-pi_376.jpg,axial,False
archive_v2/Testing\pituitary\Te-pi_377.jpg,axial,False
archive_v2/Testing\pituitary\Te-pi_378.jpg,axial,False
archive_v2/Testing\pituitary\Te-pi_379.jpg,axial,False
archive_v2/Testing\pituitary\Te-pi_38.jpg,axial,False
archive_v2/Testing\pituitary\Te-pi_380.jpg,axial,False
archive_v2/Testing\pituitary\Te-pi_381.jpg,axial,False
archive_v2/Testing\pituitary\Te-pi_382.jpg,axial,False
archive_v2/Testing\pituitary\Te-pi_383.jpg,axial,False
archive_v2/Testing\pituitary\Te-pi_384.jpg,axial,False
archive_v2/Testing\pituitary\Te-pi_385.jpg,axial,False
archive_v2/Testing\pituitary\Te-pi_386.jpg,axial,False
archive_v2/Testing\pituitary\Te-pi_387.jpg,axial,False
archive_v2/Testing\pituitary\Te-pi_388.jpg,axial,False
archive_v2/Testing\pituitary\Te-pi_389.jpg,axial,False
archive_v2/Testing\pituitary\Te-pi_39.jpg,axial,False
archive_v2/Testing\pituitary\Te-pi_390.jpg,axial,False
archive_v2/Testing\pituitary\Te-pi_391.jpg,axial,False
archive_v2/Testing\pituitary\Te-pi_392.jpg,axial,False
archive_v2/Testing\pituitary\Te-pi_393.jpg,axial,False
archive_v2/Testing\pituitary\Te-pi_394.jpg,axial,False
archive_v2/Testing\pituitary\Te-pi_395.jpg,axial,False
archive_v2/Testing\pituitary\Te-pi_396.jpg,axial,False
archive_v2/Testing\pituitary\Te-pi_397.jpg,axial,False
archive_v2/Testing\pituitary\Te-pi_398.jpg,axial,False
archive_v2/Testing\pituitary\Te-pi_399.jpg,axial,False
archive_v2/Testing\pituitary\Te-pi_4.jpg,axial,False
archive_v2/Testing\pituitary\Te-pi_40.jpg,axial,False
archive_v2/Testing\pituitary\Te-pi_400.jpg,axial,False
archive_v2/Testing\pituitary\Te-pi_41.jpg,axial,False
archive_v2/Testing\pituitary\Te-pi_42.jpg,axial,False
archive_v2/Testing\pituitary\Te-pi_43.jpg,axial,False
archive_v2/Testing\pituitary\Te-pi_44.jpg,axial,False
archive_v2/Testing\pituitary\Te-pi_45.jpg,axial,False
archive_v2/Testing\pituitary\Te-pi_46.jpg,axial,False
archive_v2/Testing\pituitary\Te-pi_47.jpg,axial,False
archive_v2/Testing\pituitary\Te-pi_48.jpg,axial,False
archive_v2/Testing\pituitary\Te-pi_49.jpg,axial,False
archive_v2/Testing\pituitary\Te-pi_5.jpg,axial,False
archive_v2/Testing\pituitary\Te-pi_50.jpg,axial,False
archive_v2/Testing\pituitary\Te-pi_51.jpg,axial,False
archive_v2/Testing\pituitary\Te-pi_52.jpg,axial,False
archive_v2/Testing\pituitary\Te-pi_53.jpg,axial,False
archive_v2/Testing\pituitary\Te-pi_54.jpg,axial,False
archive_v2/Testing\pituitary\Te-pi_55.jpg,axial,False
archive_v2/Testing\pituitary\Te-pi_56.jpg,axial,False
archive_v2/Testing\pituitary\Te-pi_57.jpg,axial,False
archive_v2/Testing\pituitary\Te-pi_58.jpg,axial,False
archive_v2/Testing\pituitary\Te-pi_59.jpg,axial,False
archive_v2/Testing\pituitary\Te-pi_6.jpg,axial,False
archive_v2/Testing\pituitary\Te-pi_60.jpg,axial,False
archive_v2/Testing\pituitary\Te-pi_61.jpg,axial,False
archive_v2/Testing\pituitary\Te-pi_62.jpg,axial,False
archive_v2/Testing\pituitary\Te-pi_63.jpg,axial,False
archive_v2/Testing\pituitary\Te-pi_64.jpg,axial,False
archive_v2/Testing\pituitary\Te-pi_65.jpg,axial,False
archive_v2/Testing\pituitary\Te-pi_66.jpg,axial,False
archive_v2/Testing\pituitary\Te-pi_67.jpg,axial,False
archive_v2/Testing\pituitary\Te-pi_68.jpg,axial,False
archive_v2/Testing\pituitary\Te-pi_69.jpg,axial,False
archive_v2/Testing\pituitary\Te-pi_7.jpg,axial,False
archive_v2/Testing\pituitary\Te-pi_70.jpg,axial,False
archive_v2/Testing\pituitary\Te-pi_71.jpg,axial,False
archive_v2/Testing\pituitary\Te-pi_72.jpg,axial,False
archive_v2/Testing\pituitary\Te-pi_73.jpg,axial,False
archive_v2/Testing\pituitary\Te-pi_74.jpg,axial,False
archive_v2/Testing\pituitary\Te-pi_75.jpg,axial,False
archive_v2/Testing\pituitary\Te-pi_76.jpg,axial,False
archive_v2/Testing\pituitary\Te-pi_77.jpg,axial,False
archive_v2/Testing\pituitary\Te-pi_78.jpg,axial,False
archive_v2/Testing\pituitary\Te-pi_79.jpg,axial,False
archive_v2/Testing\pituitary\Te-pi_8.jpg,axial,False
archive_v2/Testing\pituitary\Te-pi_80.jpg,axial,False
archive_v2/Testing\pituitary\Te-pi_81.jpg,axial,False
archive_v2/Testing\pituitary\Te-pi_82.jpg,axial,False
archive_v2/Testing\pituitary\Te-pi_83.jpg,axial,False
archive_v2/Testing\pituitary\Te-pi_84.jpg,axial,False
archive_v2/Testing\pituitary\Te-pi_85.jpg,axial,False
archive_v2/Testing\pituitary\Te-pi_86.jpg,axial,False
archive_v2/Testing\pituitary\Te-pi_87.jpg,axial,False
archive_v2/Testing\pituitary\Te-pi_88.jpg,axial,False
archive_v2/Testing\pituitary\Te-pi_89.jpg,axial,False
archive_v2/Testing\pituitary\Te-pi_9.jpg,axial,False
archive_v2/Testing\pituitary\Te-pi_90.jpg,axial,False
archive_v2/Testing\pituitary\Te-pi_91.jpg,axial,False
archive_v2/Testing\pituitary\Te-pi_92.jpg,axial,False
archive_v2/Testing\pituitary\Te-pi_93.jpg,axial,False
archive_v2/Testing\pituitary\Te-pi_94.jpg,axial,False
archive_v2/Testing\pituitary\Te-pi_95.jpg,axial,False
archive_v2/Testing\pituitary\Te-pi_96.jpg,axial,False
archive_v2/Testing\pituitary\Te-pi_97.jpg,axial,False
archive_v2/Testing\pituitary\Te-pi_98.jpg,axial,False
archive_v2/Testing\pituitary\Te-pi_99.jpg,axial,False
